-- n = 30, smokes = -1.4, friends = -4.6, cancer = -2.3, w(S,F => S) = 1.1, w(S=>C) = 1.5
-- command:  symmetricSmokesFriendsCancer.py 30 -1.4 -4.6 -2.3 1.1 1.5

DROP TABLE IF EXISTS P1;
DROP TABLE IF EXISTS P2;
DROP TABLE IF EXISTS Smokes;
DROP TABLE IF EXISTS Friends;
DROP TABLE IF EXISTS Cancer;
DROP TABLE IF EXISTS A;

CREATE TABLE A (
    v0   integer
);

CREATE TABLE P1 (
    id  serial,
    v0   integer,
    v1   integer,
    --p   double precision
    p   double precision
);

CREATE TABLE P2 (
    id  serial,
    v0   integer,
    --p   double precision
    p   double precision
);

CREATE TABLE Smokes (
    id  serial,
    v0   integer,
    --p   double precision
    p   double precision
);

CREATE TABLE Friends (
    id  serial,
    v0   integer,
    v1   integer,
    --p   double precision
    p   double precision
);

CREATE TABLE Cancer (
    id  serial,
    v0   integer,
    --p   double precision
    p   double precision
);

INSERT INTO A (v0) VALUES
(1),
(2),
(3),
(4),
(5),
(6),
(7),
(8),
(9),
(10),
(11),
(12),
(13),
(14),
(15),
(16),
(17),
(18),
(19),
(20),
(21),
(22),
(23),
(24),
(25),
(26),
(27),
(28),
(29),
(30);
INSERT INTO P1 (v0, v1, p) VALUES
(1, 1, 0.667129),
(1, 2, 0.667129),
(1, 3, 0.667129),
(1, 4, 0.667129),
(1, 5, 0.667129),
(1, 6, 0.667129),
(1, 7, 0.667129),
(1, 8, 0.667129),
(1, 9, 0.667129),
(1, 10, 0.667129),
(1, 11, 0.667129),
(1, 12, 0.667129),
(1, 13, 0.667129),
(1, 14, 0.667129),
(1, 15, 0.667129),
(1, 16, 0.667129),
(1, 17, 0.667129),
(1, 18, 0.667129),
(1, 19, 0.667129),
(1, 20, 0.667129),
(1, 21, 0.667129),
(1, 22, 0.667129),
(1, 23, 0.667129),
(1, 24, 0.667129),
(1, 25, 0.667129),
(1, 26, 0.667129),
(1, 27, 0.667129),
(1, 28, 0.667129),
(1, 29, 0.667129),
(1, 30, 0.667129),
(2, 1, 0.667129),
(2, 2, 0.667129),
(2, 3, 0.667129),
(2, 4, 0.667129),
(2, 5, 0.667129),
(2, 6, 0.667129),
(2, 7, 0.667129),
(2, 8, 0.667129),
(2, 9, 0.667129),
(2, 10, 0.667129),
(2, 11, 0.667129),
(2, 12, 0.667129),
(2, 13, 0.667129),
(2, 14, 0.667129),
(2, 15, 0.667129),
(2, 16, 0.667129),
(2, 17, 0.667129),
(2, 18, 0.667129),
(2, 19, 0.667129),
(2, 20, 0.667129),
(2, 21, 0.667129),
(2, 22, 0.667129),
(2, 23, 0.667129),
(2, 24, 0.667129),
(2, 25, 0.667129),
(2, 26, 0.667129),
(2, 27, 0.667129),
(2, 28, 0.667129),
(2, 29, 0.667129),
(2, 30, 0.667129),
(3, 1, 0.667129),
(3, 2, 0.667129),
(3, 3, 0.667129),
(3, 4, 0.667129),
(3, 5, 0.667129),
(3, 6, 0.667129),
(3, 7, 0.667129),
(3, 8, 0.667129),
(3, 9, 0.667129),
(3, 10, 0.667129),
(3, 11, 0.667129),
(3, 12, 0.667129),
(3, 13, 0.667129),
(3, 14, 0.667129),
(3, 15, 0.667129),
(3, 16, 0.667129),
(3, 17, 0.667129),
(3, 18, 0.667129),
(3, 19, 0.667129),
(3, 20, 0.667129),
(3, 21, 0.667129),
(3, 22, 0.667129),
(3, 23, 0.667129),
(3, 24, 0.667129),
(3, 25, 0.667129),
(3, 26, 0.667129),
(3, 27, 0.667129),
(3, 28, 0.667129),
(3, 29, 0.667129),
(3, 30, 0.667129),
(4, 1, 0.667129),
(4, 2, 0.667129),
(4, 3, 0.667129),
(4, 4, 0.667129),
(4, 5, 0.667129),
(4, 6, 0.667129),
(4, 7, 0.667129),
(4, 8, 0.667129),
(4, 9, 0.667129),
(4, 10, 0.667129),
(4, 11, 0.667129),
(4, 12, 0.667129),
(4, 13, 0.667129),
(4, 14, 0.667129),
(4, 15, 0.667129),
(4, 16, 0.667129),
(4, 17, 0.667129),
(4, 18, 0.667129),
(4, 19, 0.667129),
(4, 20, 0.667129),
(4, 21, 0.667129),
(4, 22, 0.667129),
(4, 23, 0.667129),
(4, 24, 0.667129),
(4, 25, 0.667129),
(4, 26, 0.667129),
(4, 27, 0.667129),
(4, 28, 0.667129),
(4, 29, 0.667129),
(4, 30, 0.667129),
(5, 1, 0.667129),
(5, 2, 0.667129),
(5, 3, 0.667129),
(5, 4, 0.667129),
(5, 5, 0.667129),
(5, 6, 0.667129),
(5, 7, 0.667129),
(5, 8, 0.667129),
(5, 9, 0.667129),
(5, 10, 0.667129),
(5, 11, 0.667129),
(5, 12, 0.667129),
(5, 13, 0.667129),
(5, 14, 0.667129),
(5, 15, 0.667129),
(5, 16, 0.667129),
(5, 17, 0.667129),
(5, 18, 0.667129),
(5, 19, 0.667129),
(5, 20, 0.667129),
(5, 21, 0.667129),
(5, 22, 0.667129),
(5, 23, 0.667129),
(5, 24, 0.667129),
(5, 25, 0.667129),
(5, 26, 0.667129),
(5, 27, 0.667129),
(5, 28, 0.667129),
(5, 29, 0.667129),
(5, 30, 0.667129),
(6, 1, 0.667129),
(6, 2, 0.667129),
(6, 3, 0.667129),
(6, 4, 0.667129),
(6, 5, 0.667129),
(6, 6, 0.667129),
(6, 7, 0.667129),
(6, 8, 0.667129),
(6, 9, 0.667129),
(6, 10, 0.667129),
(6, 11, 0.667129),
(6, 12, 0.667129),
(6, 13, 0.667129),
(6, 14, 0.667129),
(6, 15, 0.667129),
(6, 16, 0.667129),
(6, 17, 0.667129),
(6, 18, 0.667129),
(6, 19, 0.667129),
(6, 20, 0.667129),
(6, 21, 0.667129),
(6, 22, 0.667129),
(6, 23, 0.667129),
(6, 24, 0.667129),
(6, 25, 0.667129),
(6, 26, 0.667129),
(6, 27, 0.667129),
(6, 28, 0.667129),
(6, 29, 0.667129),
(6, 30, 0.667129),
(7, 1, 0.667129),
(7, 2, 0.667129),
(7, 3, 0.667129),
(7, 4, 0.667129),
(7, 5, 0.667129),
(7, 6, 0.667129),
(7, 7, 0.667129),
(7, 8, 0.667129),
(7, 9, 0.667129),
(7, 10, 0.667129),
(7, 11, 0.667129),
(7, 12, 0.667129),
(7, 13, 0.667129),
(7, 14, 0.667129),
(7, 15, 0.667129),
(7, 16, 0.667129),
(7, 17, 0.667129),
(7, 18, 0.667129),
(7, 19, 0.667129),
(7, 20, 0.667129),
(7, 21, 0.667129),
(7, 22, 0.667129),
(7, 23, 0.667129),
(7, 24, 0.667129),
(7, 25, 0.667129),
(7, 26, 0.667129),
(7, 27, 0.667129),
(7, 28, 0.667129),
(7, 29, 0.667129),
(7, 30, 0.667129),
(8, 1, 0.667129),
(8, 2, 0.667129),
(8, 3, 0.667129),
(8, 4, 0.667129),
(8, 5, 0.667129),
(8, 6, 0.667129),
(8, 7, 0.667129),
(8, 8, 0.667129),
(8, 9, 0.667129),
(8, 10, 0.667129),
(8, 11, 0.667129),
(8, 12, 0.667129),
(8, 13, 0.667129),
(8, 14, 0.667129),
(8, 15, 0.667129),
(8, 16, 0.667129),
(8, 17, 0.667129),
(8, 18, 0.667129),
(8, 19, 0.667129),
(8, 20, 0.667129),
(8, 21, 0.667129),
(8, 22, 0.667129),
(8, 23, 0.667129),
(8, 24, 0.667129),
(8, 25, 0.667129),
(8, 26, 0.667129),
(8, 27, 0.667129),
(8, 28, 0.667129),
(8, 29, 0.667129),
(8, 30, 0.667129),
(9, 1, 0.667129),
(9, 2, 0.667129),
(9, 3, 0.667129),
(9, 4, 0.667129),
(9, 5, 0.667129),
(9, 6, 0.667129),
(9, 7, 0.667129),
(9, 8, 0.667129),
(9, 9, 0.667129),
(9, 10, 0.667129),
(9, 11, 0.667129),
(9, 12, 0.667129),
(9, 13, 0.667129),
(9, 14, 0.667129),
(9, 15, 0.667129),
(9, 16, 0.667129),
(9, 17, 0.667129),
(9, 18, 0.667129),
(9, 19, 0.667129),
(9, 20, 0.667129),
(9, 21, 0.667129),
(9, 22, 0.667129),
(9, 23, 0.667129),
(9, 24, 0.667129),
(9, 25, 0.667129),
(9, 26, 0.667129),
(9, 27, 0.667129),
(9, 28, 0.667129),
(9, 29, 0.667129),
(9, 30, 0.667129),
(10, 1, 0.667129),
(10, 2, 0.667129),
(10, 3, 0.667129),
(10, 4, 0.667129),
(10, 5, 0.667129),
(10, 6, 0.667129),
(10, 7, 0.667129),
(10, 8, 0.667129),
(10, 9, 0.667129),
(10, 10, 0.667129),
(10, 11, 0.667129),
(10, 12, 0.667129),
(10, 13, 0.667129),
(10, 14, 0.667129),
(10, 15, 0.667129),
(10, 16, 0.667129),
(10, 17, 0.667129),
(10, 18, 0.667129),
(10, 19, 0.667129),
(10, 20, 0.667129),
(10, 21, 0.667129),
(10, 22, 0.667129),
(10, 23, 0.667129),
(10, 24, 0.667129),
(10, 25, 0.667129),
(10, 26, 0.667129),
(10, 27, 0.667129),
(10, 28, 0.667129),
(10, 29, 0.667129),
(10, 30, 0.667129),
(11, 1, 0.667129),
(11, 2, 0.667129),
(11, 3, 0.667129),
(11, 4, 0.667129),
(11, 5, 0.667129),
(11, 6, 0.667129),
(11, 7, 0.667129),
(11, 8, 0.667129),
(11, 9, 0.667129),
(11, 10, 0.667129),
(11, 11, 0.667129),
(11, 12, 0.667129),
(11, 13, 0.667129),
(11, 14, 0.667129),
(11, 15, 0.667129),
(11, 16, 0.667129),
(11, 17, 0.667129),
(11, 18, 0.667129),
(11, 19, 0.667129),
(11, 20, 0.667129),
(11, 21, 0.667129),
(11, 22, 0.667129),
(11, 23, 0.667129),
(11, 24, 0.667129),
(11, 25, 0.667129),
(11, 26, 0.667129),
(11, 27, 0.667129),
(11, 28, 0.667129),
(11, 29, 0.667129),
(11, 30, 0.667129),
(12, 1, 0.667129),
(12, 2, 0.667129),
(12, 3, 0.667129),
(12, 4, 0.667129),
(12, 5, 0.667129),
(12, 6, 0.667129),
(12, 7, 0.667129),
(12, 8, 0.667129),
(12, 9, 0.667129),
(12, 10, 0.667129),
(12, 11, 0.667129),
(12, 12, 0.667129),
(12, 13, 0.667129),
(12, 14, 0.667129),
(12, 15, 0.667129),
(12, 16, 0.667129),
(12, 17, 0.667129),
(12, 18, 0.667129),
(12, 19, 0.667129),
(12, 20, 0.667129),
(12, 21, 0.667129),
(12, 22, 0.667129),
(12, 23, 0.667129),
(12, 24, 0.667129),
(12, 25, 0.667129),
(12, 26, 0.667129),
(12, 27, 0.667129),
(12, 28, 0.667129),
(12, 29, 0.667129),
(12, 30, 0.667129),
(13, 1, 0.667129),
(13, 2, 0.667129),
(13, 3, 0.667129),
(13, 4, 0.667129),
(13, 5, 0.667129),
(13, 6, 0.667129),
(13, 7, 0.667129),
(13, 8, 0.667129),
(13, 9, 0.667129),
(13, 10, 0.667129),
(13, 11, 0.667129),
(13, 12, 0.667129),
(13, 13, 0.667129),
(13, 14, 0.667129),
(13, 15, 0.667129),
(13, 16, 0.667129),
(13, 17, 0.667129),
(13, 18, 0.667129),
(13, 19, 0.667129),
(13, 20, 0.667129),
(13, 21, 0.667129),
(13, 22, 0.667129),
(13, 23, 0.667129),
(13, 24, 0.667129),
(13, 25, 0.667129),
(13, 26, 0.667129),
(13, 27, 0.667129),
(13, 28, 0.667129),
(13, 29, 0.667129),
(13, 30, 0.667129),
(14, 1, 0.667129),
(14, 2, 0.667129),
(14, 3, 0.667129),
(14, 4, 0.667129),
(14, 5, 0.667129),
(14, 6, 0.667129),
(14, 7, 0.667129),
(14, 8, 0.667129),
(14, 9, 0.667129),
(14, 10, 0.667129),
(14, 11, 0.667129),
(14, 12, 0.667129),
(14, 13, 0.667129),
(14, 14, 0.667129),
(14, 15, 0.667129),
(14, 16, 0.667129),
(14, 17, 0.667129),
(14, 18, 0.667129),
(14, 19, 0.667129),
(14, 20, 0.667129),
(14, 21, 0.667129),
(14, 22, 0.667129),
(14, 23, 0.667129),
(14, 24, 0.667129),
(14, 25, 0.667129),
(14, 26, 0.667129),
(14, 27, 0.667129),
(14, 28, 0.667129),
(14, 29, 0.667129),
(14, 30, 0.667129),
(15, 1, 0.667129),
(15, 2, 0.667129),
(15, 3, 0.667129),
(15, 4, 0.667129),
(15, 5, 0.667129),
(15, 6, 0.667129),
(15, 7, 0.667129),
(15, 8, 0.667129),
(15, 9, 0.667129),
(15, 10, 0.667129),
(15, 11, 0.667129),
(15, 12, 0.667129),
(15, 13, 0.667129),
(15, 14, 0.667129),
(15, 15, 0.667129),
(15, 16, 0.667129),
(15, 17, 0.667129),
(15, 18, 0.667129),
(15, 19, 0.667129),
(15, 20, 0.667129),
(15, 21, 0.667129),
(15, 22, 0.667129),
(15, 23, 0.667129),
(15, 24, 0.667129),
(15, 25, 0.667129),
(15, 26, 0.667129),
(15, 27, 0.667129),
(15, 28, 0.667129),
(15, 29, 0.667129),
(15, 30, 0.667129),
(16, 1, 0.667129),
(16, 2, 0.667129),
(16, 3, 0.667129),
(16, 4, 0.667129),
(16, 5, 0.667129),
(16, 6, 0.667129),
(16, 7, 0.667129),
(16, 8, 0.667129),
(16, 9, 0.667129),
(16, 10, 0.667129),
(16, 11, 0.667129),
(16, 12, 0.667129),
(16, 13, 0.667129),
(16, 14, 0.667129),
(16, 15, 0.667129),
(16, 16, 0.667129),
(16, 17, 0.667129),
(16, 18, 0.667129),
(16, 19, 0.667129),
(16, 20, 0.667129),
(16, 21, 0.667129),
(16, 22, 0.667129),
(16, 23, 0.667129),
(16, 24, 0.667129),
(16, 25, 0.667129),
(16, 26, 0.667129),
(16, 27, 0.667129),
(16, 28, 0.667129),
(16, 29, 0.667129),
(16, 30, 0.667129),
(17, 1, 0.667129),
(17, 2, 0.667129),
(17, 3, 0.667129),
(17, 4, 0.667129),
(17, 5, 0.667129),
(17, 6, 0.667129),
(17, 7, 0.667129),
(17, 8, 0.667129),
(17, 9, 0.667129),
(17, 10, 0.667129),
(17, 11, 0.667129),
(17, 12, 0.667129),
(17, 13, 0.667129),
(17, 14, 0.667129),
(17, 15, 0.667129),
(17, 16, 0.667129),
(17, 17, 0.667129),
(17, 18, 0.667129),
(17, 19, 0.667129),
(17, 20, 0.667129),
(17, 21, 0.667129),
(17, 22, 0.667129),
(17, 23, 0.667129),
(17, 24, 0.667129),
(17, 25, 0.667129),
(17, 26, 0.667129),
(17, 27, 0.667129),
(17, 28, 0.667129),
(17, 29, 0.667129),
(17, 30, 0.667129),
(18, 1, 0.667129),
(18, 2, 0.667129),
(18, 3, 0.667129),
(18, 4, 0.667129),
(18, 5, 0.667129),
(18, 6, 0.667129),
(18, 7, 0.667129),
(18, 8, 0.667129),
(18, 9, 0.667129),
(18, 10, 0.667129),
(18, 11, 0.667129),
(18, 12, 0.667129),
(18, 13, 0.667129),
(18, 14, 0.667129),
(18, 15, 0.667129),
(18, 16, 0.667129),
(18, 17, 0.667129),
(18, 18, 0.667129),
(18, 19, 0.667129),
(18, 20, 0.667129),
(18, 21, 0.667129),
(18, 22, 0.667129),
(18, 23, 0.667129),
(18, 24, 0.667129),
(18, 25, 0.667129),
(18, 26, 0.667129),
(18, 27, 0.667129),
(18, 28, 0.667129),
(18, 29, 0.667129),
(18, 30, 0.667129),
(19, 1, 0.667129),
(19, 2, 0.667129),
(19, 3, 0.667129),
(19, 4, 0.667129),
(19, 5, 0.667129),
(19, 6, 0.667129),
(19, 7, 0.667129),
(19, 8, 0.667129),
(19, 9, 0.667129),
(19, 10, 0.667129),
(19, 11, 0.667129),
(19, 12, 0.667129),
(19, 13, 0.667129),
(19, 14, 0.667129),
(19, 15, 0.667129),
(19, 16, 0.667129),
(19, 17, 0.667129),
(19, 18, 0.667129),
(19, 19, 0.667129),
(19, 20, 0.667129),
(19, 21, 0.667129),
(19, 22, 0.667129),
(19, 23, 0.667129),
(19, 24, 0.667129),
(19, 25, 0.667129),
(19, 26, 0.667129),
(19, 27, 0.667129),
(19, 28, 0.667129),
(19, 29, 0.667129),
(19, 30, 0.667129),
(20, 1, 0.667129),
(20, 2, 0.667129),
(20, 3, 0.667129),
(20, 4, 0.667129),
(20, 5, 0.667129),
(20, 6, 0.667129),
(20, 7, 0.667129),
(20, 8, 0.667129),
(20, 9, 0.667129),
(20, 10, 0.667129),
(20, 11, 0.667129),
(20, 12, 0.667129),
(20, 13, 0.667129),
(20, 14, 0.667129),
(20, 15, 0.667129),
(20, 16, 0.667129),
(20, 17, 0.667129),
(20, 18, 0.667129),
(20, 19, 0.667129),
(20, 20, 0.667129),
(20, 21, 0.667129),
(20, 22, 0.667129),
(20, 23, 0.667129),
(20, 24, 0.667129),
(20, 25, 0.667129),
(20, 26, 0.667129),
(20, 27, 0.667129),
(20, 28, 0.667129),
(20, 29, 0.667129),
(20, 30, 0.667129),
(21, 1, 0.667129),
(21, 2, 0.667129),
(21, 3, 0.667129),
(21, 4, 0.667129),
(21, 5, 0.667129),
(21, 6, 0.667129),
(21, 7, 0.667129),
(21, 8, 0.667129),
(21, 9, 0.667129),
(21, 10, 0.667129),
(21, 11, 0.667129),
(21, 12, 0.667129),
(21, 13, 0.667129),
(21, 14, 0.667129),
(21, 15, 0.667129),
(21, 16, 0.667129),
(21, 17, 0.667129),
(21, 18, 0.667129),
(21, 19, 0.667129),
(21, 20, 0.667129),
(21, 21, 0.667129),
(21, 22, 0.667129),
(21, 23, 0.667129),
(21, 24, 0.667129),
(21, 25, 0.667129),
(21, 26, 0.667129),
(21, 27, 0.667129),
(21, 28, 0.667129),
(21, 29, 0.667129),
(21, 30, 0.667129),
(22, 1, 0.667129),
(22, 2, 0.667129),
(22, 3, 0.667129),
(22, 4, 0.667129),
(22, 5, 0.667129),
(22, 6, 0.667129),
(22, 7, 0.667129),
(22, 8, 0.667129),
(22, 9, 0.667129),
(22, 10, 0.667129),
(22, 11, 0.667129),
(22, 12, 0.667129),
(22, 13, 0.667129),
(22, 14, 0.667129),
(22, 15, 0.667129),
(22, 16, 0.667129),
(22, 17, 0.667129),
(22, 18, 0.667129),
(22, 19, 0.667129),
(22, 20, 0.667129),
(22, 21, 0.667129),
(22, 22, 0.667129),
(22, 23, 0.667129),
(22, 24, 0.667129),
(22, 25, 0.667129),
(22, 26, 0.667129),
(22, 27, 0.667129),
(22, 28, 0.667129),
(22, 29, 0.667129),
(22, 30, 0.667129),
(23, 1, 0.667129),
(23, 2, 0.667129),
(23, 3, 0.667129),
(23, 4, 0.667129),
(23, 5, 0.667129),
(23, 6, 0.667129),
(23, 7, 0.667129),
(23, 8, 0.667129),
(23, 9, 0.667129),
(23, 10, 0.667129),
(23, 11, 0.667129),
(23, 12, 0.667129),
(23, 13, 0.667129),
(23, 14, 0.667129),
(23, 15, 0.667129),
(23, 16, 0.667129),
(23, 17, 0.667129),
(23, 18, 0.667129),
(23, 19, 0.667129),
(23, 20, 0.667129),
(23, 21, 0.667129),
(23, 22, 0.667129),
(23, 23, 0.667129),
(23, 24, 0.667129),
(23, 25, 0.667129),
(23, 26, 0.667129),
(23, 27, 0.667129),
(23, 28, 0.667129),
(23, 29, 0.667129),
(23, 30, 0.667129),
(24, 1, 0.667129),
(24, 2, 0.667129),
(24, 3, 0.667129),
(24, 4, 0.667129),
(24, 5, 0.667129),
(24, 6, 0.667129),
(24, 7, 0.667129),
(24, 8, 0.667129),
(24, 9, 0.667129),
(24, 10, 0.667129),
(24, 11, 0.667129),
(24, 12, 0.667129),
(24, 13, 0.667129),
(24, 14, 0.667129),
(24, 15, 0.667129),
(24, 16, 0.667129),
(24, 17, 0.667129),
(24, 18, 0.667129),
(24, 19, 0.667129),
(24, 20, 0.667129),
(24, 21, 0.667129),
(24, 22, 0.667129),
(24, 23, 0.667129),
(24, 24, 0.667129),
(24, 25, 0.667129),
(24, 26, 0.667129),
(24, 27, 0.667129),
(24, 28, 0.667129),
(24, 29, 0.667129),
(24, 30, 0.667129),
(25, 1, 0.667129),
(25, 2, 0.667129),
(25, 3, 0.667129),
(25, 4, 0.667129),
(25, 5, 0.667129),
(25, 6, 0.667129),
(25, 7, 0.667129),
(25, 8, 0.667129),
(25, 9, 0.667129),
(25, 10, 0.667129),
(25, 11, 0.667129),
(25, 12, 0.667129),
(25, 13, 0.667129),
(25, 14, 0.667129),
(25, 15, 0.667129),
(25, 16, 0.667129),
(25, 17, 0.667129),
(25, 18, 0.667129),
(25, 19, 0.667129),
(25, 20, 0.667129),
(25, 21, 0.667129),
(25, 22, 0.667129),
(25, 23, 0.667129),
(25, 24, 0.667129),
(25, 25, 0.667129),
(25, 26, 0.667129),
(25, 27, 0.667129),
(25, 28, 0.667129),
(25, 29, 0.667129),
(25, 30, 0.667129),
(26, 1, 0.667129),
(26, 2, 0.667129),
(26, 3, 0.667129),
(26, 4, 0.667129),
(26, 5, 0.667129),
(26, 6, 0.667129),
(26, 7, 0.667129),
(26, 8, 0.667129),
(26, 9, 0.667129),
(26, 10, 0.667129),
(26, 11, 0.667129),
(26, 12, 0.667129),
(26, 13, 0.667129),
(26, 14, 0.667129),
(26, 15, 0.667129),
(26, 16, 0.667129),
(26, 17, 0.667129),
(26, 18, 0.667129),
(26, 19, 0.667129),
(26, 20, 0.667129),
(26, 21, 0.667129),
(26, 22, 0.667129),
(26, 23, 0.667129),
(26, 24, 0.667129),
(26, 25, 0.667129),
(26, 26, 0.667129),
(26, 27, 0.667129),
(26, 28, 0.667129),
(26, 29, 0.667129),
(26, 30, 0.667129),
(27, 1, 0.667129),
(27, 2, 0.667129),
(27, 3, 0.667129),
(27, 4, 0.667129),
(27, 5, 0.667129),
(27, 6, 0.667129),
(27, 7, 0.667129),
(27, 8, 0.667129),
(27, 9, 0.667129),
(27, 10, 0.667129),
(27, 11, 0.667129),
(27, 12, 0.667129),
(27, 13, 0.667129),
(27, 14, 0.667129),
(27, 15, 0.667129),
(27, 16, 0.667129),
(27, 17, 0.667129),
(27, 18, 0.667129),
(27, 19, 0.667129),
(27, 20, 0.667129),
(27, 21, 0.667129),
(27, 22, 0.667129),
(27, 23, 0.667129),
(27, 24, 0.667129),
(27, 25, 0.667129),
(27, 26, 0.667129),
(27, 27, 0.667129),
(27, 28, 0.667129),
(27, 29, 0.667129),
(27, 30, 0.667129),
(28, 1, 0.667129),
(28, 2, 0.667129),
(28, 3, 0.667129),
(28, 4, 0.667129),
(28, 5, 0.667129),
(28, 6, 0.667129),
(28, 7, 0.667129),
(28, 8, 0.667129),
(28, 9, 0.667129),
(28, 10, 0.667129),
(28, 11, 0.667129),
(28, 12, 0.667129),
(28, 13, 0.667129),
(28, 14, 0.667129),
(28, 15, 0.667129),
(28, 16, 0.667129),
(28, 17, 0.667129),
(28, 18, 0.667129),
(28, 19, 0.667129),
(28, 20, 0.667129),
(28, 21, 0.667129),
(28, 22, 0.667129),
(28, 23, 0.667129),
(28, 24, 0.667129),
(28, 25, 0.667129),
(28, 26, 0.667129),
(28, 27, 0.667129),
(28, 28, 0.667129),
(28, 29, 0.667129),
(28, 30, 0.667129),
(29, 1, 0.667129),
(29, 2, 0.667129),
(29, 3, 0.667129),
(29, 4, 0.667129),
(29, 5, 0.667129),
(29, 6, 0.667129),
(29, 7, 0.667129),
(29, 8, 0.667129),
(29, 9, 0.667129),
(29, 10, 0.667129),
(29, 11, 0.667129),
(29, 12, 0.667129),
(29, 13, 0.667129),
(29, 14, 0.667129),
(29, 15, 0.667129),
(29, 16, 0.667129),
(29, 17, 0.667129),
(29, 18, 0.667129),
(29, 19, 0.667129),
(29, 20, 0.667129),
(29, 21, 0.667129),
(29, 22, 0.667129),
(29, 23, 0.667129),
(29, 24, 0.667129),
(29, 25, 0.667129),
(29, 26, 0.667129),
(29, 27, 0.667129),
(29, 28, 0.667129),
(29, 29, 0.667129),
(29, 30, 0.667129),
(30, 1, 0.667129),
(30, 2, 0.667129),
(30, 3, 0.667129),
(30, 4, 0.667129),
(30, 5, 0.667129),
(30, 6, 0.667129),
(30, 7, 0.667129),
(30, 8, 0.667129),
(30, 9, 0.667129),
(30, 10, 0.667129),
(30, 11, 0.667129),
(30, 12, 0.667129),
(30, 13, 0.667129),
(30, 14, 0.667129),
(30, 15, 0.667129),
(30, 16, 0.667129),
(30, 17, 0.667129),
(30, 18, 0.667129),
(30, 19, 0.667129),
(30, 20, 0.667129),
(30, 21, 0.667129),
(30, 22, 0.667129),
(30, 23, 0.667129),
(30, 24, 0.667129),
(30, 25, 0.667129),
(30, 26, 0.667129),
(30, 27, 0.667129),
(30, 28, 0.667129),
(30, 29, 0.667129),
(30, 30, 0.667129)
;
INSERT INTO P2 (v0, p) VALUES
(1, 0.776870),
(2, 0.776870),
(3, 0.776870),
(4, 0.776870),
(5, 0.776870),
(6, 0.776870),
(7, 0.776870),
(8, 0.776870),
(9, 0.776870),
(10, 0.776870),
(11, 0.776870),
(12, 0.776870),
(13, 0.776870),
(14, 0.776870),
(15, 0.776870),
(16, 0.776870),
(17, 0.776870),
(18, 0.776870),
(19, 0.776870),
(20, 0.776870),
(21, 0.776870),
(22, 0.776870),
(23, 0.776870),
(24, 0.776870),
(25, 0.776870),
(26, 0.776870),
(27, 0.776870),
(28, 0.776870),
(29, 0.776870),
(30, 0.776870)
;
INSERT INTO Smokes (v0, p) VALUES
(1, 0.197816),
(2, 0.197816),
(3, 0.197816),
(4, 0.197816),
(5, 0.197816),
(6, 0.197816),
(7, 0.197816),
(8, 0.197816),
(9, 0.197816),
(10, 0.197816),
(11, 0.197816),
(12, 0.197816),
(13, 0.197816),
(14, 0.197816),
(15, 0.197816),
(16, 0.197816),
(17, 0.197816),
(18, 0.197816),
(19, 0.197816),
(20, 0.197816),
(21, 0.197816),
(22, 0.197816),
(23, 0.197816),
(24, 0.197816),
(25, 0.197816),
(26, 0.197816),
(27, 0.197816),
(28, 0.197816),
(29, 0.197816),
(30, 0.197816)
;
INSERT INTO Friends (v0, v1, p) VALUES
(1, 1, 0.009952),
(1, 2, 0.009952),
(1, 3, 0.009952),
(1, 4, 0.009952),
(1, 5, 0.009952),
(1, 6, 0.009952),
(1, 7, 0.009952),
(1, 8, 0.009952),
(1, 9, 0.009952),
(1, 10, 0.009952),
(1, 11, 0.009952),
(1, 12, 0.009952),
(1, 13, 0.009952),
(1, 14, 0.009952),
(1, 15, 0.009952),
(1, 16, 0.009952),
(1, 17, 0.009952),
(1, 18, 0.009952),
(1, 19, 0.009952),
(1, 20, 0.009952),
(1, 21, 0.009952),
(1, 22, 0.009952),
(1, 23, 0.009952),
(1, 24, 0.009952),
(1, 25, 0.009952),
(1, 26, 0.009952),
(1, 27, 0.009952),
(1, 28, 0.009952),
(1, 29, 0.009952),
(1, 30, 0.009952),
(2, 1, 0.009952),
(2, 2, 0.009952),
(2, 3, 0.009952),
(2, 4, 0.009952),
(2, 5, 0.009952),
(2, 6, 0.009952),
(2, 7, 0.009952),
(2, 8, 0.009952),
(2, 9, 0.009952),
(2, 10, 0.009952),
(2, 11, 0.009952),
(2, 12, 0.009952),
(2, 13, 0.009952),
(2, 14, 0.009952),
(2, 15, 0.009952),
(2, 16, 0.009952),
(2, 17, 0.009952),
(2, 18, 0.009952),
(2, 19, 0.009952),
(2, 20, 0.009952),
(2, 21, 0.009952),
(2, 22, 0.009952),
(2, 23, 0.009952),
(2, 24, 0.009952),
(2, 25, 0.009952),
(2, 26, 0.009952),
(2, 27, 0.009952),
(2, 28, 0.009952),
(2, 29, 0.009952),
(2, 30, 0.009952),
(3, 1, 0.009952),
(3, 2, 0.009952),
(3, 3, 0.009952),
(3, 4, 0.009952),
(3, 5, 0.009952),
(3, 6, 0.009952),
(3, 7, 0.009952),
(3, 8, 0.009952),
(3, 9, 0.009952),
(3, 10, 0.009952),
(3, 11, 0.009952),
(3, 12, 0.009952),
(3, 13, 0.009952),
(3, 14, 0.009952),
(3, 15, 0.009952),
(3, 16, 0.009952),
(3, 17, 0.009952),
(3, 18, 0.009952),
(3, 19, 0.009952),
(3, 20, 0.009952),
(3, 21, 0.009952),
(3, 22, 0.009952),
(3, 23, 0.009952),
(3, 24, 0.009952),
(3, 25, 0.009952),
(3, 26, 0.009952),
(3, 27, 0.009952),
(3, 28, 0.009952),
(3, 29, 0.009952),
(3, 30, 0.009952),
(4, 1, 0.009952),
(4, 2, 0.009952),
(4, 3, 0.009952),
(4, 4, 0.009952),
(4, 5, 0.009952),
(4, 6, 0.009952),
(4, 7, 0.009952),
(4, 8, 0.009952),
(4, 9, 0.009952),
(4, 10, 0.009952),
(4, 11, 0.009952),
(4, 12, 0.009952),
(4, 13, 0.009952),
(4, 14, 0.009952),
(4, 15, 0.009952),
(4, 16, 0.009952),
(4, 17, 0.009952),
(4, 18, 0.009952),
(4, 19, 0.009952),
(4, 20, 0.009952),
(4, 21, 0.009952),
(4, 22, 0.009952),
(4, 23, 0.009952),
(4, 24, 0.009952),
(4, 25, 0.009952),
(4, 26, 0.009952),
(4, 27, 0.009952),
(4, 28, 0.009952),
(4, 29, 0.009952),
(4, 30, 0.009952),
(5, 1, 0.009952),
(5, 2, 0.009952),
(5, 3, 0.009952),
(5, 4, 0.009952),
(5, 5, 0.009952),
(5, 6, 0.009952),
(5, 7, 0.009952),
(5, 8, 0.009952),
(5, 9, 0.009952),
(5, 10, 0.009952),
(5, 11, 0.009952),
(5, 12, 0.009952),
(5, 13, 0.009952),
(5, 14, 0.009952),
(5, 15, 0.009952),
(5, 16, 0.009952),
(5, 17, 0.009952),
(5, 18, 0.009952),
(5, 19, 0.009952),
(5, 20, 0.009952),
(5, 21, 0.009952),
(5, 22, 0.009952),
(5, 23, 0.009952),
(5, 24, 0.009952),
(5, 25, 0.009952),
(5, 26, 0.009952),
(5, 27, 0.009952),
(5, 28, 0.009952),
(5, 29, 0.009952),
(5, 30, 0.009952),
(6, 1, 0.009952),
(6, 2, 0.009952),
(6, 3, 0.009952),
(6, 4, 0.009952),
(6, 5, 0.009952),
(6, 6, 0.009952),
(6, 7, 0.009952),
(6, 8, 0.009952),
(6, 9, 0.009952),
(6, 10, 0.009952),
(6, 11, 0.009952),
(6, 12, 0.009952),
(6, 13, 0.009952),
(6, 14, 0.009952),
(6, 15, 0.009952),
(6, 16, 0.009952),
(6, 17, 0.009952),
(6, 18, 0.009952),
(6, 19, 0.009952),
(6, 20, 0.009952),
(6, 21, 0.009952),
(6, 22, 0.009952),
(6, 23, 0.009952),
(6, 24, 0.009952),
(6, 25, 0.009952),
(6, 26, 0.009952),
(6, 27, 0.009952),
(6, 28, 0.009952),
(6, 29, 0.009952),
(6, 30, 0.009952),
(7, 1, 0.009952),
(7, 2, 0.009952),
(7, 3, 0.009952),
(7, 4, 0.009952),
(7, 5, 0.009952),
(7, 6, 0.009952),
(7, 7, 0.009952),
(7, 8, 0.009952),
(7, 9, 0.009952),
(7, 10, 0.009952),
(7, 11, 0.009952),
(7, 12, 0.009952),
(7, 13, 0.009952),
(7, 14, 0.009952),
(7, 15, 0.009952),
(7, 16, 0.009952),
(7, 17, 0.009952),
(7, 18, 0.009952),
(7, 19, 0.009952),
(7, 20, 0.009952),
(7, 21, 0.009952),
(7, 22, 0.009952),
(7, 23, 0.009952),
(7, 24, 0.009952),
(7, 25, 0.009952),
(7, 26, 0.009952),
(7, 27, 0.009952),
(7, 28, 0.009952),
(7, 29, 0.009952),
(7, 30, 0.009952),
(8, 1, 0.009952),
(8, 2, 0.009952),
(8, 3, 0.009952),
(8, 4, 0.009952),
(8, 5, 0.009952),
(8, 6, 0.009952),
(8, 7, 0.009952),
(8, 8, 0.009952),
(8, 9, 0.009952),
(8, 10, 0.009952),
(8, 11, 0.009952),
(8, 12, 0.009952),
(8, 13, 0.009952),
(8, 14, 0.009952),
(8, 15, 0.009952),
(8, 16, 0.009952),
(8, 17, 0.009952),
(8, 18, 0.009952),
(8, 19, 0.009952),
(8, 20, 0.009952),
(8, 21, 0.009952),
(8, 22, 0.009952),
(8, 23, 0.009952),
(8, 24, 0.009952),
(8, 25, 0.009952),
(8, 26, 0.009952),
(8, 27, 0.009952),
(8, 28, 0.009952),
(8, 29, 0.009952),
(8, 30, 0.009952),
(9, 1, 0.009952),
(9, 2, 0.009952),
(9, 3, 0.009952),
(9, 4, 0.009952),
(9, 5, 0.009952),
(9, 6, 0.009952),
(9, 7, 0.009952),
(9, 8, 0.009952),
(9, 9, 0.009952),
(9, 10, 0.009952),
(9, 11, 0.009952),
(9, 12, 0.009952),
(9, 13, 0.009952),
(9, 14, 0.009952),
(9, 15, 0.009952),
(9, 16, 0.009952),
(9, 17, 0.009952),
(9, 18, 0.009952),
(9, 19, 0.009952),
(9, 20, 0.009952),
(9, 21, 0.009952),
(9, 22, 0.009952),
(9, 23, 0.009952),
(9, 24, 0.009952),
(9, 25, 0.009952),
(9, 26, 0.009952),
(9, 27, 0.009952),
(9, 28, 0.009952),
(9, 29, 0.009952),
(9, 30, 0.009952),
(10, 1, 0.009952),
(10, 2, 0.009952),
(10, 3, 0.009952),
(10, 4, 0.009952),
(10, 5, 0.009952),
(10, 6, 0.009952),
(10, 7, 0.009952),
(10, 8, 0.009952),
(10, 9, 0.009952),
(10, 10, 0.009952),
(10, 11, 0.009952),
(10, 12, 0.009952),
(10, 13, 0.009952),
(10, 14, 0.009952),
(10, 15, 0.009952),
(10, 16, 0.009952),
(10, 17, 0.009952),
(10, 18, 0.009952),
(10, 19, 0.009952),
(10, 20, 0.009952),
(10, 21, 0.009952),
(10, 22, 0.009952),
(10, 23, 0.009952),
(10, 24, 0.009952),
(10, 25, 0.009952),
(10, 26, 0.009952),
(10, 27, 0.009952),
(10, 28, 0.009952),
(10, 29, 0.009952),
(10, 30, 0.009952),
(11, 1, 0.009952),
(11, 2, 0.009952),
(11, 3, 0.009952),
(11, 4, 0.009952),
(11, 5, 0.009952),
(11, 6, 0.009952),
(11, 7, 0.009952),
(11, 8, 0.009952),
(11, 9, 0.009952),
(11, 10, 0.009952),
(11, 11, 0.009952),
(11, 12, 0.009952),
(11, 13, 0.009952),
(11, 14, 0.009952),
(11, 15, 0.009952),
(11, 16, 0.009952),
(11, 17, 0.009952),
(11, 18, 0.009952),
(11, 19, 0.009952),
(11, 20, 0.009952),
(11, 21, 0.009952),
(11, 22, 0.009952),
(11, 23, 0.009952),
(11, 24, 0.009952),
(11, 25, 0.009952),
(11, 26, 0.009952),
(11, 27, 0.009952),
(11, 28, 0.009952),
(11, 29, 0.009952),
(11, 30, 0.009952),
(12, 1, 0.009952),
(12, 2, 0.009952),
(12, 3, 0.009952),
(12, 4, 0.009952),
(12, 5, 0.009952),
(12, 6, 0.009952),
(12, 7, 0.009952),
(12, 8, 0.009952),
(12, 9, 0.009952),
(12, 10, 0.009952),
(12, 11, 0.009952),
(12, 12, 0.009952),
(12, 13, 0.009952),
(12, 14, 0.009952),
(12, 15, 0.009952),
(12, 16, 0.009952),
(12, 17, 0.009952),
(12, 18, 0.009952),
(12, 19, 0.009952),
(12, 20, 0.009952),
(12, 21, 0.009952),
(12, 22, 0.009952),
(12, 23, 0.009952),
(12, 24, 0.009952),
(12, 25, 0.009952),
(12, 26, 0.009952),
(12, 27, 0.009952),
(12, 28, 0.009952),
(12, 29, 0.009952),
(12, 30, 0.009952),
(13, 1, 0.009952),
(13, 2, 0.009952),
(13, 3, 0.009952),
(13, 4, 0.009952),
(13, 5, 0.009952),
(13, 6, 0.009952),
(13, 7, 0.009952),
(13, 8, 0.009952),
(13, 9, 0.009952),
(13, 10, 0.009952),
(13, 11, 0.009952),
(13, 12, 0.009952),
(13, 13, 0.009952),
(13, 14, 0.009952),
(13, 15, 0.009952),
(13, 16, 0.009952),
(13, 17, 0.009952),
(13, 18, 0.009952),
(13, 19, 0.009952),
(13, 20, 0.009952),
(13, 21, 0.009952),
(13, 22, 0.009952),
(13, 23, 0.009952),
(13, 24, 0.009952),
(13, 25, 0.009952),
(13, 26, 0.009952),
(13, 27, 0.009952),
(13, 28, 0.009952),
(13, 29, 0.009952),
(13, 30, 0.009952),
(14, 1, 0.009952),
(14, 2, 0.009952),
(14, 3, 0.009952),
(14, 4, 0.009952),
(14, 5, 0.009952),
(14, 6, 0.009952),
(14, 7, 0.009952),
(14, 8, 0.009952),
(14, 9, 0.009952),
(14, 10, 0.009952),
(14, 11, 0.009952),
(14, 12, 0.009952),
(14, 13, 0.009952),
(14, 14, 0.009952),
(14, 15, 0.009952),
(14, 16, 0.009952),
(14, 17, 0.009952),
(14, 18, 0.009952),
(14, 19, 0.009952),
(14, 20, 0.009952),
(14, 21, 0.009952),
(14, 22, 0.009952),
(14, 23, 0.009952),
(14, 24, 0.009952),
(14, 25, 0.009952),
(14, 26, 0.009952),
(14, 27, 0.009952),
(14, 28, 0.009952),
(14, 29, 0.009952),
(14, 30, 0.009952),
(15, 1, 0.009952),
(15, 2, 0.009952),
(15, 3, 0.009952),
(15, 4, 0.009952),
(15, 5, 0.009952),
(15, 6, 0.009952),
(15, 7, 0.009952),
(15, 8, 0.009952),
(15, 9, 0.009952),
(15, 10, 0.009952),
(15, 11, 0.009952),
(15, 12, 0.009952),
(15, 13, 0.009952),
(15, 14, 0.009952),
(15, 15, 0.009952),
(15, 16, 0.009952),
(15, 17, 0.009952),
(15, 18, 0.009952),
(15, 19, 0.009952),
(15, 20, 0.009952),
(15, 21, 0.009952),
(15, 22, 0.009952),
(15, 23, 0.009952),
(15, 24, 0.009952),
(15, 25, 0.009952),
(15, 26, 0.009952),
(15, 27, 0.009952),
(15, 28, 0.009952),
(15, 29, 0.009952),
(15, 30, 0.009952),
(16, 1, 0.009952),
(16, 2, 0.009952),
(16, 3, 0.009952),
(16, 4, 0.009952),
(16, 5, 0.009952),
(16, 6, 0.009952),
(16, 7, 0.009952),
(16, 8, 0.009952),
(16, 9, 0.009952),
(16, 10, 0.009952),
(16, 11, 0.009952),
(16, 12, 0.009952),
(16, 13, 0.009952),
(16, 14, 0.009952),
(16, 15, 0.009952),
(16, 16, 0.009952),
(16, 17, 0.009952),
(16, 18, 0.009952),
(16, 19, 0.009952),
(16, 20, 0.009952),
(16, 21, 0.009952),
(16, 22, 0.009952),
(16, 23, 0.009952),
(16, 24, 0.009952),
(16, 25, 0.009952),
(16, 26, 0.009952),
(16, 27, 0.009952),
(16, 28, 0.009952),
(16, 29, 0.009952),
(16, 30, 0.009952),
(17, 1, 0.009952),
(17, 2, 0.009952),
(17, 3, 0.009952),
(17, 4, 0.009952),
(17, 5, 0.009952),
(17, 6, 0.009952),
(17, 7, 0.009952),
(17, 8, 0.009952),
(17, 9, 0.009952),
(17, 10, 0.009952),
(17, 11, 0.009952),
(17, 12, 0.009952),
(17, 13, 0.009952),
(17, 14, 0.009952),
(17, 15, 0.009952),
(17, 16, 0.009952),
(17, 17, 0.009952),
(17, 18, 0.009952),
(17, 19, 0.009952),
(17, 20, 0.009952),
(17, 21, 0.009952),
(17, 22, 0.009952),
(17, 23, 0.009952),
(17, 24, 0.009952),
(17, 25, 0.009952),
(17, 26, 0.009952),
(17, 27, 0.009952),
(17, 28, 0.009952),
(17, 29, 0.009952),
(17, 30, 0.009952),
(18, 1, 0.009952),
(18, 2, 0.009952),
(18, 3, 0.009952),
(18, 4, 0.009952),
(18, 5, 0.009952),
(18, 6, 0.009952),
(18, 7, 0.009952),
(18, 8, 0.009952),
(18, 9, 0.009952),
(18, 10, 0.009952),
(18, 11, 0.009952),
(18, 12, 0.009952),
(18, 13, 0.009952),
(18, 14, 0.009952),
(18, 15, 0.009952),
(18, 16, 0.009952),
(18, 17, 0.009952),
(18, 18, 0.009952),
(18, 19, 0.009952),
(18, 20, 0.009952),
(18, 21, 0.009952),
(18, 22, 0.009952),
(18, 23, 0.009952),
(18, 24, 0.009952),
(18, 25, 0.009952),
(18, 26, 0.009952),
(18, 27, 0.009952),
(18, 28, 0.009952),
(18, 29, 0.009952),
(18, 30, 0.009952),
(19, 1, 0.009952),
(19, 2, 0.009952),
(19, 3, 0.009952),
(19, 4, 0.009952),
(19, 5, 0.009952),
(19, 6, 0.009952),
(19, 7, 0.009952),
(19, 8, 0.009952),
(19, 9, 0.009952),
(19, 10, 0.009952),
(19, 11, 0.009952),
(19, 12, 0.009952),
(19, 13, 0.009952),
(19, 14, 0.009952),
(19, 15, 0.009952),
(19, 16, 0.009952),
(19, 17, 0.009952),
(19, 18, 0.009952),
(19, 19, 0.009952),
(19, 20, 0.009952),
(19, 21, 0.009952),
(19, 22, 0.009952),
(19, 23, 0.009952),
(19, 24, 0.009952),
(19, 25, 0.009952),
(19, 26, 0.009952),
(19, 27, 0.009952),
(19, 28, 0.009952),
(19, 29, 0.009952),
(19, 30, 0.009952),
(20, 1, 0.009952),
(20, 2, 0.009952),
(20, 3, 0.009952),
(20, 4, 0.009952),
(20, 5, 0.009952),
(20, 6, 0.009952),
(20, 7, 0.009952),
(20, 8, 0.009952),
(20, 9, 0.009952),
(20, 10, 0.009952),
(20, 11, 0.009952),
(20, 12, 0.009952),
(20, 13, 0.009952),
(20, 14, 0.009952),
(20, 15, 0.009952),
(20, 16, 0.009952),
(20, 17, 0.009952),
(20, 18, 0.009952),
(20, 19, 0.009952),
(20, 20, 0.009952),
(20, 21, 0.009952),
(20, 22, 0.009952),
(20, 23, 0.009952),
(20, 24, 0.009952),
(20, 25, 0.009952),
(20, 26, 0.009952),
(20, 27, 0.009952),
(20, 28, 0.009952),
(20, 29, 0.009952),
(20, 30, 0.009952),
(21, 1, 0.009952),
(21, 2, 0.009952),
(21, 3, 0.009952),
(21, 4, 0.009952),
(21, 5, 0.009952),
(21, 6, 0.009952),
(21, 7, 0.009952),
(21, 8, 0.009952),
(21, 9, 0.009952),
(21, 10, 0.009952),
(21, 11, 0.009952),
(21, 12, 0.009952),
(21, 13, 0.009952),
(21, 14, 0.009952),
(21, 15, 0.009952),
(21, 16, 0.009952),
(21, 17, 0.009952),
(21, 18, 0.009952),
(21, 19, 0.009952),
(21, 20, 0.009952),
(21, 21, 0.009952),
(21, 22, 0.009952),
(21, 23, 0.009952),
(21, 24, 0.009952),
(21, 25, 0.009952),
(21, 26, 0.009952),
(21, 27, 0.009952),
(21, 28, 0.009952),
(21, 29, 0.009952),
(21, 30, 0.009952),
(22, 1, 0.009952),
(22, 2, 0.009952),
(22, 3, 0.009952),
(22, 4, 0.009952),
(22, 5, 0.009952),
(22, 6, 0.009952),
(22, 7, 0.009952),
(22, 8, 0.009952),
(22, 9, 0.009952),
(22, 10, 0.009952),
(22, 11, 0.009952),
(22, 12, 0.009952),
(22, 13, 0.009952),
(22, 14, 0.009952),
(22, 15, 0.009952),
(22, 16, 0.009952),
(22, 17, 0.009952),
(22, 18, 0.009952),
(22, 19, 0.009952),
(22, 20, 0.009952),
(22, 21, 0.009952),
(22, 22, 0.009952),
(22, 23, 0.009952),
(22, 24, 0.009952),
(22, 25, 0.009952),
(22, 26, 0.009952),
(22, 27, 0.009952),
(22, 28, 0.009952),
(22, 29, 0.009952),
(22, 30, 0.009952),
(23, 1, 0.009952),
(23, 2, 0.009952),
(23, 3, 0.009952),
(23, 4, 0.009952),
(23, 5, 0.009952),
(23, 6, 0.009952),
(23, 7, 0.009952),
(23, 8, 0.009952),
(23, 9, 0.009952),
(23, 10, 0.009952),
(23, 11, 0.009952),
(23, 12, 0.009952),
(23, 13, 0.009952),
(23, 14, 0.009952),
(23, 15, 0.009952),
(23, 16, 0.009952),
(23, 17, 0.009952),
(23, 18, 0.009952),
(23, 19, 0.009952),
(23, 20, 0.009952),
(23, 21, 0.009952),
(23, 22, 0.009952),
(23, 23, 0.009952),
(23, 24, 0.009952),
(23, 25, 0.009952),
(23, 26, 0.009952),
(23, 27, 0.009952),
(23, 28, 0.009952),
(23, 29, 0.009952),
(23, 30, 0.009952),
(24, 1, 0.009952),
(24, 2, 0.009952),
(24, 3, 0.009952),
(24, 4, 0.009952),
(24, 5, 0.009952),
(24, 6, 0.009952),
(24, 7, 0.009952),
(24, 8, 0.009952),
(24, 9, 0.009952),
(24, 10, 0.009952),
(24, 11, 0.009952),
(24, 12, 0.009952),
(24, 13, 0.009952),
(24, 14, 0.009952),
(24, 15, 0.009952),
(24, 16, 0.009952),
(24, 17, 0.009952),
(24, 18, 0.009952),
(24, 19, 0.009952),
(24, 20, 0.009952),
(24, 21, 0.009952),
(24, 22, 0.009952),
(24, 23, 0.009952),
(24, 24, 0.009952),
(24, 25, 0.009952),
(24, 26, 0.009952),
(24, 27, 0.009952),
(24, 28, 0.009952),
(24, 29, 0.009952),
(24, 30, 0.009952),
(25, 1, 0.009952),
(25, 2, 0.009952),
(25, 3, 0.009952),
(25, 4, 0.009952),
(25, 5, 0.009952),
(25, 6, 0.009952),
(25, 7, 0.009952),
(25, 8, 0.009952),
(25, 9, 0.009952),
(25, 10, 0.009952),
(25, 11, 0.009952),
(25, 12, 0.009952),
(25, 13, 0.009952),
(25, 14, 0.009952),
(25, 15, 0.009952),
(25, 16, 0.009952),
(25, 17, 0.009952),
(25, 18, 0.009952),
(25, 19, 0.009952),
(25, 20, 0.009952),
(25, 21, 0.009952),
(25, 22, 0.009952),
(25, 23, 0.009952),
(25, 24, 0.009952),
(25, 25, 0.009952),
(25, 26, 0.009952),
(25, 27, 0.009952),
(25, 28, 0.009952),
(25, 29, 0.009952),
(25, 30, 0.009952),
(26, 1, 0.009952),
(26, 2, 0.009952),
(26, 3, 0.009952),
(26, 4, 0.009952),
(26, 5, 0.009952),
(26, 6, 0.009952),
(26, 7, 0.009952),
(26, 8, 0.009952),
(26, 9, 0.009952),
(26, 10, 0.009952),
(26, 11, 0.009952),
(26, 12, 0.009952),
(26, 13, 0.009952),
(26, 14, 0.009952),
(26, 15, 0.009952),
(26, 16, 0.009952),
(26, 17, 0.009952),
(26, 18, 0.009952),
(26, 19, 0.009952),
(26, 20, 0.009952),
(26, 21, 0.009952),
(26, 22, 0.009952),
(26, 23, 0.009952),
(26, 24, 0.009952),
(26, 25, 0.009952),
(26, 26, 0.009952),
(26, 27, 0.009952),
(26, 28, 0.009952),
(26, 29, 0.009952),
(26, 30, 0.009952),
(27, 1, 0.009952),
(27, 2, 0.009952),
(27, 3, 0.009952),
(27, 4, 0.009952),
(27, 5, 0.009952),
(27, 6, 0.009952),
(27, 7, 0.009952),
(27, 8, 0.009952),
(27, 9, 0.009952),
(27, 10, 0.009952),
(27, 11, 0.009952),
(27, 12, 0.009952),
(27, 13, 0.009952),
(27, 14, 0.009952),
(27, 15, 0.009952),
(27, 16, 0.009952),
(27, 17, 0.009952),
(27, 18, 0.009952),
(27, 19, 0.009952),
(27, 20, 0.009952),
(27, 21, 0.009952),
(27, 22, 0.009952),
(27, 23, 0.009952),
(27, 24, 0.009952),
(27, 25, 0.009952),
(27, 26, 0.009952),
(27, 27, 0.009952),
(27, 28, 0.009952),
(27, 29, 0.009952),
(27, 30, 0.009952),
(28, 1, 0.009952),
(28, 2, 0.009952),
(28, 3, 0.009952),
(28, 4, 0.009952),
(28, 5, 0.009952),
(28, 6, 0.009952),
(28, 7, 0.009952),
(28, 8, 0.009952),
(28, 9, 0.009952),
(28, 10, 0.009952),
(28, 11, 0.009952),
(28, 12, 0.009952),
(28, 13, 0.009952),
(28, 14, 0.009952),
(28, 15, 0.009952),
(28, 16, 0.009952),
(28, 17, 0.009952),
(28, 18, 0.009952),
(28, 19, 0.009952),
(28, 20, 0.009952),
(28, 21, 0.009952),
(28, 22, 0.009952),
(28, 23, 0.009952),
(28, 24, 0.009952),
(28, 25, 0.009952),
(28, 26, 0.009952),
(28, 27, 0.009952),
(28, 28, 0.009952),
(28, 29, 0.009952),
(28, 30, 0.009952),
(29, 1, 0.009952),
(29, 2, 0.009952),
(29, 3, 0.009952),
(29, 4, 0.009952),
(29, 5, 0.009952),
(29, 6, 0.009952),
(29, 7, 0.009952),
(29, 8, 0.009952),
(29, 9, 0.009952),
(29, 10, 0.009952),
(29, 11, 0.009952),
(29, 12, 0.009952),
(29, 13, 0.009952),
(29, 14, 0.009952),
(29, 15, 0.009952),
(29, 16, 0.009952),
(29, 17, 0.009952),
(29, 18, 0.009952),
(29, 19, 0.009952),
(29, 20, 0.009952),
(29, 21, 0.009952),
(29, 22, 0.009952),
(29, 23, 0.009952),
(29, 24, 0.009952),
(29, 25, 0.009952),
(29, 26, 0.009952),
(29, 27, 0.009952),
(29, 28, 0.009952),
(29, 29, 0.009952),
(29, 30, 0.009952),
(30, 1, 0.009952),
(30, 2, 0.009952),
(30, 3, 0.009952),
(30, 4, 0.009952),
(30, 5, 0.009952),
(30, 6, 0.009952),
(30, 7, 0.009952),
(30, 8, 0.009952),
(30, 9, 0.009952),
(30, 10, 0.009952),
(30, 11, 0.009952),
(30, 12, 0.009952),
(30, 13, 0.009952),
(30, 14, 0.009952),
(30, 15, 0.009952),
(30, 16, 0.009952),
(30, 17, 0.009952),
(30, 18, 0.009952),
(30, 19, 0.009952),
(30, 20, 0.009952),
(30, 21, 0.009952),
(30, 22, 0.009952),
(30, 23, 0.009952),
(30, 24, 0.009952),
(30, 25, 0.009952),
(30, 26, 0.009952),
(30, 27, 0.009952),
(30, 28, 0.009952),
(30, 29, 0.009952),
(30, 30, 0.009952)
;
INSERT INTO Cancer (v0, p) VALUES
(1, 0.091123),
(2, 0.091123),
(3, 0.091123),
(4, 0.091123),
(5, 0.091123),
(6, 0.091123),
(7, 0.091123),
(8, 0.091123),
(9, 0.091123),
(10, 0.091123),
(11, 0.091123),
(12, 0.091123),
(13, 0.091123),
(14, 0.091123),
(15, 0.091123),
(16, 0.091123),
(17, 0.091123),
(18, 0.091123),
(19, 0.091123),
(20, 0.091123),
(21, 0.091123),
(22, 0.091123),
(23, 0.091123),
(24, 0.091123),
(25, 0.091123),
(26, 0.091123),
(27, 0.091123),
(28, 0.091123),
(29, 0.091123),
(30, 0.091123)
;
