-- n = 10, smokes = -1.4, friends = -4.6, cancer = -2.3, w(S,F => S) = 1.1, w(S=>C) = 1.5
-- command:  symmetricSmokesFriendsCancer.py 10 -1.4 -4.6 -2.3 1.1 1.5

DROP TABLE IF EXISTS P1;
DROP TABLE IF EXISTS P2;
DROP TABLE IF EXISTS Smokes;
DROP TABLE IF EXISTS Friends;
DROP TABLE IF EXISTS Cancer;
DROP TABLE IF EXISTS A;

CREATE TABLE A (
    v0   integer
);

CREATE TABLE P1 (
    id  serial,
    v0   integer,
    v1   integer,
    --p   double precision
    p   double precision
);

CREATE TABLE P2 (
    id  serial,
    v0   integer,
    --p   double precision
    p   double precision
);

CREATE TABLE Smokes (
    id  serial,
    v0   integer,
    --p   double precision
    p   double precision
);

CREATE TABLE Friends (
    id  serial,
    v0   integer,
    v1   integer,
    --p   double precision
    p   double precision
);

CREATE TABLE Cancer (
    id  serial,
    v0   integer,
    --p   double precision
    p   double precision
);

INSERT INTO A (v0) VALUES
(1),
(2),
(3),
(4),
(5),
(6),
(7),
(8),
(9),
(10);
INSERT INTO P1 (v0, v1, p) VALUES
(1, 1, 0.667129),
(1, 2, 0.667129),
(1, 3, 0.667129),
(1, 4, 0.667129),
(1, 5, 0.667129),
(1, 6, 0.667129),
(1, 7, 0.667129),
(1, 8, 0.667129),
(1, 9, 0.667129),
(1, 10, 0.667129),
(2, 1, 0.667129),
(2, 2, 0.667129),
(2, 3, 0.667129),
(2, 4, 0.667129),
(2, 5, 0.667129),
(2, 6, 0.667129),
(2, 7, 0.667129),
(2, 8, 0.667129),
(2, 9, 0.667129),
(2, 10, 0.667129),
(3, 1, 0.667129),
(3, 2, 0.667129),
(3, 3, 0.667129),
(3, 4, 0.667129),
(3, 5, 0.667129),
(3, 6, 0.667129),
(3, 7, 0.667129),
(3, 8, 0.667129),
(3, 9, 0.667129),
(3, 10, 0.667129),
(4, 1, 0.667129),
(4, 2, 0.667129),
(4, 3, 0.667129),
(4, 4, 0.667129),
(4, 5, 0.667129),
(4, 6, 0.667129),
(4, 7, 0.667129),
(4, 8, 0.667129),
(4, 9, 0.667129),
(4, 10, 0.667129),
(5, 1, 0.667129),
(5, 2, 0.667129),
(5, 3, 0.667129),
(5, 4, 0.667129),
(5, 5, 0.667129),
(5, 6, 0.667129),
(5, 7, 0.667129),
(5, 8, 0.667129),
(5, 9, 0.667129),
(5, 10, 0.667129),
(6, 1, 0.667129),
(6, 2, 0.667129),
(6, 3, 0.667129),
(6, 4, 0.667129),
(6, 5, 0.667129),
(6, 6, 0.667129),
(6, 7, 0.667129),
(6, 8, 0.667129),
(6, 9, 0.667129),
(6, 10, 0.667129),
(7, 1, 0.667129),
(7, 2, 0.667129),
(7, 3, 0.667129),
(7, 4, 0.667129),
(7, 5, 0.667129),
(7, 6, 0.667129),
(7, 7, 0.667129),
(7, 8, 0.667129),
(7, 9, 0.667129),
(7, 10, 0.667129),
(8, 1, 0.667129),
(8, 2, 0.667129),
(8, 3, 0.667129),
(8, 4, 0.667129),
(8, 5, 0.667129),
(8, 6, 0.667129),
(8, 7, 0.667129),
(8, 8, 0.667129),
(8, 9, 0.667129),
(8, 10, 0.667129),
(9, 1, 0.667129),
(9, 2, 0.667129),
(9, 3, 0.667129),
(9, 4, 0.667129),
(9, 5, 0.667129),
(9, 6, 0.667129),
(9, 7, 0.667129),
(9, 8, 0.667129),
(9, 9, 0.667129),
(9, 10, 0.667129),
(10, 1, 0.667129),
(10, 2, 0.667129),
(10, 3, 0.667129),
(10, 4, 0.667129),
(10, 5, 0.667129),
(10, 6, 0.667129),
(10, 7, 0.667129),
(10, 8, 0.667129),
(10, 9, 0.667129),
(10, 10, 0.667129)
;
INSERT INTO P2 (v0, p) VALUES
(1, 0.776870),
(2, 0.776870),
(3, 0.776870),
(4, 0.776870),
(5, 0.776870),
(6, 0.776870),
(7, 0.776870),
(8, 0.776870),
(9, 0.776870),
(10, 0.776870)
;
INSERT INTO Smokes (v0, p) VALUES
(1, 0.197816),
(2, 0.197816),
(3, 0.197816),
(4, 0.197816),
(5, 0.197816),
(6, 0.197816),
(7, 0.197816),
(8, 0.197816),
(9, 0.197816),
(10, 0.197816)
;
INSERT INTO Friends (v0, v1, p) VALUES
(1, 1, 0.009952),
(1, 2, 0.009952),
(1, 3, 0.009952),
(1, 4, 0.009952),
(1, 5, 0.009952),
(1, 6, 0.009952),
(1, 7, 0.009952),
(1, 8, 0.009952),
(1, 9, 0.009952),
(1, 10, 0.009952),
(2, 1, 0.009952),
(2, 2, 0.009952),
(2, 3, 0.009952),
(2, 4, 0.009952),
(2, 5, 0.009952),
(2, 6, 0.009952),
(2, 7, 0.009952),
(2, 8, 0.009952),
(2, 9, 0.009952),
(2, 10, 0.009952),
(3, 1, 0.009952),
(3, 2, 0.009952),
(3, 3, 0.009952),
(3, 4, 0.009952),
(3, 5, 0.009952),
(3, 6, 0.009952),
(3, 7, 0.009952),
(3, 8, 0.009952),
(3, 9, 0.009952),
(3, 10, 0.009952),
(4, 1, 0.009952),
(4, 2, 0.009952),
(4, 3, 0.009952),
(4, 4, 0.009952),
(4, 5, 0.009952),
(4, 6, 0.009952),
(4, 7, 0.009952),
(4, 8, 0.009952),
(4, 9, 0.009952),
(4, 10, 0.009952),
(5, 1, 0.009952),
(5, 2, 0.009952),
(5, 3, 0.009952),
(5, 4, 0.009952),
(5, 5, 0.009952),
(5, 6, 0.009952),
(5, 7, 0.009952),
(5, 8, 0.009952),
(5, 9, 0.009952),
(5, 10, 0.009952),
(6, 1, 0.009952),
(6, 2, 0.009952),
(6, 3, 0.009952),
(6, 4, 0.009952),
(6, 5, 0.009952),
(6, 6, 0.009952),
(6, 7, 0.009952),
(6, 8, 0.009952),
(6, 9, 0.009952),
(6, 10, 0.009952),
(7, 1, 0.009952),
(7, 2, 0.009952),
(7, 3, 0.009952),
(7, 4, 0.009952),
(7, 5, 0.009952),
(7, 6, 0.009952),
(7, 7, 0.009952),
(7, 8, 0.009952),
(7, 9, 0.009952),
(7, 10, 0.009952),
(8, 1, 0.009952),
(8, 2, 0.009952),
(8, 3, 0.009952),
(8, 4, 0.009952),
(8, 5, 0.009952),
(8, 6, 0.009952),
(8, 7, 0.009952),
(8, 8, 0.009952),
(8, 9, 0.009952),
(8, 10, 0.009952),
(9, 1, 0.009952),
(9, 2, 0.009952),
(9, 3, 0.009952),
(9, 4, 0.009952),
(9, 5, 0.009952),
(9, 6, 0.009952),
(9, 7, 0.009952),
(9, 8, 0.009952),
(9, 9, 0.009952),
(9, 10, 0.009952),
(10, 1, 0.009952),
(10, 2, 0.009952),
(10, 3, 0.009952),
(10, 4, 0.009952),
(10, 5, 0.009952),
(10, 6, 0.009952),
(10, 7, 0.009952),
(10, 8, 0.009952),
(10, 9, 0.009952),
(10, 10, 0.009952)
;
INSERT INTO Cancer (v0, p) VALUES
(1, 0.091123),
(2, 0.091123),
(3, 0.091123),
(4, 0.091123),
(5, 0.091123),
(6, 0.091123),
(7, 0.091123),
(8, 0.091123),
(9, 0.091123),
(10, 0.091123)
;
