-- command:  symmetricSmokesFriendsCancerDrinkers.py 50 -1.4 -4.6 -2.3 -1.4 1.1 1.5 1.1

DROP TABLE IF EXISTS P1;
DROP TABLE IF EXISTS P2;
DROP TABLE IF EXISTS P3;
DROP TABLE IF EXISTS Smokes;
DROP TABLE IF EXISTS Friends;
DROP TABLE IF EXISTS Cancer;
DROP TABLE IF EXISTS Drinks;
DROP TABLE IF EXISTS A;

CREATE TABLE A (
    v0   integer
);

CREATE TABLE P1 (
    id  serial,
    v0   integer,
    v1   integer,
    --p   double precision
    p   double precision
);

CREATE TABLE P2 (
    id  serial,
    v0   integer,
    --p   double precision
    p   double precision
);

CREATE TABLE P3 (
    id  serial,
    v0   integer,
    v1   integer,
    --p   double precision
    p   double precision
);

CREATE TABLE Smokes (
    id  serial,
    v0   integer,
    --p   double precision
    p   double precision
);

CREATE TABLE Friends (
    id  serial,
    v0   integer,
    v1   integer,
    --p   double precision
    p   double precision
);

CREATE TABLE Cancer (
    id  serial,
    v0   integer,
    --p   double precision
    p   double precision
);

CREATE TABLE Drinks (
    id  serial,
    v0   integer,
    --p   double precision
    p   double precision
);

INSERT INTO A (v0) VALUES
(1),
(2),
(3),
(4),
(5),
(6),
(7),
(8),
(9),
(10),
(11),
(12),
(13),
(14),
(15),
(16),
(17),
(18),
(19),
(20),
(21),
(22),
(23),
(24),
(25),
(26),
(27),
(28),
(29),
(30),
(31),
(32),
(33),
(34),
(35),
(36),
(37),
(38),
(39),
(40),
(41),
(42),
(43),
(44),
(45),
(46),
(47),
(48),
(49),
(50);
INSERT INTO P1 (v0, v1, p) VALUES
(1, 1, 0.667129),
(1, 2, 0.667129),
(1, 3, 0.667129),
(1, 4, 0.667129),
(1, 5, 0.667129),
(1, 6, 0.667129),
(1, 7, 0.667129),
(1, 8, 0.667129),
(1, 9, 0.667129),
(1, 10, 0.667129),
(1, 11, 0.667129),
(1, 12, 0.667129),
(1, 13, 0.667129),
(1, 14, 0.667129),
(1, 15, 0.667129),
(1, 16, 0.667129),
(1, 17, 0.667129),
(1, 18, 0.667129),
(1, 19, 0.667129),
(1, 20, 0.667129),
(1, 21, 0.667129),
(1, 22, 0.667129),
(1, 23, 0.667129),
(1, 24, 0.667129),
(1, 25, 0.667129),
(1, 26, 0.667129),
(1, 27, 0.667129),
(1, 28, 0.667129),
(1, 29, 0.667129),
(1, 30, 0.667129),
(1, 31, 0.667129),
(1, 32, 0.667129),
(1, 33, 0.667129),
(1, 34, 0.667129),
(1, 35, 0.667129),
(1, 36, 0.667129),
(1, 37, 0.667129),
(1, 38, 0.667129),
(1, 39, 0.667129),
(1, 40, 0.667129),
(1, 41, 0.667129),
(1, 42, 0.667129),
(1, 43, 0.667129),
(1, 44, 0.667129),
(1, 45, 0.667129),
(1, 46, 0.667129),
(1, 47, 0.667129),
(1, 48, 0.667129),
(1, 49, 0.667129),
(1, 50, 0.667129),
(2, 1, 0.667129),
(2, 2, 0.667129),
(2, 3, 0.667129),
(2, 4, 0.667129),
(2, 5, 0.667129),
(2, 6, 0.667129),
(2, 7, 0.667129),
(2, 8, 0.667129),
(2, 9, 0.667129),
(2, 10, 0.667129),
(2, 11, 0.667129),
(2, 12, 0.667129),
(2, 13, 0.667129),
(2, 14, 0.667129),
(2, 15, 0.667129),
(2, 16, 0.667129),
(2, 17, 0.667129),
(2, 18, 0.667129),
(2, 19, 0.667129),
(2, 20, 0.667129),
(2, 21, 0.667129),
(2, 22, 0.667129),
(2, 23, 0.667129),
(2, 24, 0.667129),
(2, 25, 0.667129),
(2, 26, 0.667129),
(2, 27, 0.667129),
(2, 28, 0.667129),
(2, 29, 0.667129),
(2, 30, 0.667129),
(2, 31, 0.667129),
(2, 32, 0.667129),
(2, 33, 0.667129),
(2, 34, 0.667129),
(2, 35, 0.667129),
(2, 36, 0.667129),
(2, 37, 0.667129),
(2, 38, 0.667129),
(2, 39, 0.667129),
(2, 40, 0.667129),
(2, 41, 0.667129),
(2, 42, 0.667129),
(2, 43, 0.667129),
(2, 44, 0.667129),
(2, 45, 0.667129),
(2, 46, 0.667129),
(2, 47, 0.667129),
(2, 48, 0.667129),
(2, 49, 0.667129),
(2, 50, 0.667129),
(3, 1, 0.667129),
(3, 2, 0.667129),
(3, 3, 0.667129),
(3, 4, 0.667129),
(3, 5, 0.667129),
(3, 6, 0.667129),
(3, 7, 0.667129),
(3, 8, 0.667129),
(3, 9, 0.667129),
(3, 10, 0.667129),
(3, 11, 0.667129),
(3, 12, 0.667129),
(3, 13, 0.667129),
(3, 14, 0.667129),
(3, 15, 0.667129),
(3, 16, 0.667129),
(3, 17, 0.667129),
(3, 18, 0.667129),
(3, 19, 0.667129),
(3, 20, 0.667129),
(3, 21, 0.667129),
(3, 22, 0.667129),
(3, 23, 0.667129),
(3, 24, 0.667129),
(3, 25, 0.667129),
(3, 26, 0.667129),
(3, 27, 0.667129),
(3, 28, 0.667129),
(3, 29, 0.667129),
(3, 30, 0.667129),
(3, 31, 0.667129),
(3, 32, 0.667129),
(3, 33, 0.667129),
(3, 34, 0.667129),
(3, 35, 0.667129),
(3, 36, 0.667129),
(3, 37, 0.667129),
(3, 38, 0.667129),
(3, 39, 0.667129),
(3, 40, 0.667129),
(3, 41, 0.667129),
(3, 42, 0.667129),
(3, 43, 0.667129),
(3, 44, 0.667129),
(3, 45, 0.667129),
(3, 46, 0.667129),
(3, 47, 0.667129),
(3, 48, 0.667129),
(3, 49, 0.667129),
(3, 50, 0.667129),
(4, 1, 0.667129),
(4, 2, 0.667129),
(4, 3, 0.667129),
(4, 4, 0.667129),
(4, 5, 0.667129),
(4, 6, 0.667129),
(4, 7, 0.667129),
(4, 8, 0.667129),
(4, 9, 0.667129),
(4, 10, 0.667129),
(4, 11, 0.667129),
(4, 12, 0.667129),
(4, 13, 0.667129),
(4, 14, 0.667129),
(4, 15, 0.667129),
(4, 16, 0.667129),
(4, 17, 0.667129),
(4, 18, 0.667129),
(4, 19, 0.667129),
(4, 20, 0.667129),
(4, 21, 0.667129),
(4, 22, 0.667129),
(4, 23, 0.667129),
(4, 24, 0.667129),
(4, 25, 0.667129),
(4, 26, 0.667129),
(4, 27, 0.667129),
(4, 28, 0.667129),
(4, 29, 0.667129),
(4, 30, 0.667129),
(4, 31, 0.667129),
(4, 32, 0.667129),
(4, 33, 0.667129),
(4, 34, 0.667129),
(4, 35, 0.667129),
(4, 36, 0.667129),
(4, 37, 0.667129),
(4, 38, 0.667129),
(4, 39, 0.667129),
(4, 40, 0.667129),
(4, 41, 0.667129),
(4, 42, 0.667129),
(4, 43, 0.667129),
(4, 44, 0.667129),
(4, 45, 0.667129),
(4, 46, 0.667129),
(4, 47, 0.667129),
(4, 48, 0.667129),
(4, 49, 0.667129),
(4, 50, 0.667129),
(5, 1, 0.667129),
(5, 2, 0.667129),
(5, 3, 0.667129),
(5, 4, 0.667129),
(5, 5, 0.667129),
(5, 6, 0.667129),
(5, 7, 0.667129),
(5, 8, 0.667129),
(5, 9, 0.667129),
(5, 10, 0.667129),
(5, 11, 0.667129),
(5, 12, 0.667129),
(5, 13, 0.667129),
(5, 14, 0.667129),
(5, 15, 0.667129),
(5, 16, 0.667129),
(5, 17, 0.667129),
(5, 18, 0.667129),
(5, 19, 0.667129),
(5, 20, 0.667129),
(5, 21, 0.667129),
(5, 22, 0.667129),
(5, 23, 0.667129),
(5, 24, 0.667129),
(5, 25, 0.667129),
(5, 26, 0.667129),
(5, 27, 0.667129),
(5, 28, 0.667129),
(5, 29, 0.667129),
(5, 30, 0.667129),
(5, 31, 0.667129),
(5, 32, 0.667129),
(5, 33, 0.667129),
(5, 34, 0.667129),
(5, 35, 0.667129),
(5, 36, 0.667129),
(5, 37, 0.667129),
(5, 38, 0.667129),
(5, 39, 0.667129),
(5, 40, 0.667129),
(5, 41, 0.667129),
(5, 42, 0.667129),
(5, 43, 0.667129),
(5, 44, 0.667129),
(5, 45, 0.667129),
(5, 46, 0.667129),
(5, 47, 0.667129),
(5, 48, 0.667129),
(5, 49, 0.667129),
(5, 50, 0.667129),
(6, 1, 0.667129),
(6, 2, 0.667129),
(6, 3, 0.667129),
(6, 4, 0.667129),
(6, 5, 0.667129),
(6, 6, 0.667129),
(6, 7, 0.667129),
(6, 8, 0.667129),
(6, 9, 0.667129),
(6, 10, 0.667129),
(6, 11, 0.667129),
(6, 12, 0.667129),
(6, 13, 0.667129),
(6, 14, 0.667129),
(6, 15, 0.667129),
(6, 16, 0.667129),
(6, 17, 0.667129),
(6, 18, 0.667129),
(6, 19, 0.667129),
(6, 20, 0.667129),
(6, 21, 0.667129),
(6, 22, 0.667129),
(6, 23, 0.667129),
(6, 24, 0.667129),
(6, 25, 0.667129),
(6, 26, 0.667129),
(6, 27, 0.667129),
(6, 28, 0.667129),
(6, 29, 0.667129),
(6, 30, 0.667129),
(6, 31, 0.667129),
(6, 32, 0.667129),
(6, 33, 0.667129),
(6, 34, 0.667129),
(6, 35, 0.667129),
(6, 36, 0.667129),
(6, 37, 0.667129),
(6, 38, 0.667129),
(6, 39, 0.667129),
(6, 40, 0.667129),
(6, 41, 0.667129),
(6, 42, 0.667129),
(6, 43, 0.667129),
(6, 44, 0.667129),
(6, 45, 0.667129),
(6, 46, 0.667129),
(6, 47, 0.667129),
(6, 48, 0.667129),
(6, 49, 0.667129),
(6, 50, 0.667129),
(7, 1, 0.667129),
(7, 2, 0.667129),
(7, 3, 0.667129),
(7, 4, 0.667129),
(7, 5, 0.667129),
(7, 6, 0.667129),
(7, 7, 0.667129),
(7, 8, 0.667129),
(7, 9, 0.667129),
(7, 10, 0.667129),
(7, 11, 0.667129),
(7, 12, 0.667129),
(7, 13, 0.667129),
(7, 14, 0.667129),
(7, 15, 0.667129),
(7, 16, 0.667129),
(7, 17, 0.667129),
(7, 18, 0.667129),
(7, 19, 0.667129),
(7, 20, 0.667129),
(7, 21, 0.667129),
(7, 22, 0.667129),
(7, 23, 0.667129),
(7, 24, 0.667129),
(7, 25, 0.667129),
(7, 26, 0.667129),
(7, 27, 0.667129),
(7, 28, 0.667129),
(7, 29, 0.667129),
(7, 30, 0.667129),
(7, 31, 0.667129),
(7, 32, 0.667129),
(7, 33, 0.667129),
(7, 34, 0.667129),
(7, 35, 0.667129),
(7, 36, 0.667129),
(7, 37, 0.667129),
(7, 38, 0.667129),
(7, 39, 0.667129),
(7, 40, 0.667129),
(7, 41, 0.667129),
(7, 42, 0.667129),
(7, 43, 0.667129),
(7, 44, 0.667129),
(7, 45, 0.667129),
(7, 46, 0.667129),
(7, 47, 0.667129),
(7, 48, 0.667129),
(7, 49, 0.667129),
(7, 50, 0.667129),
(8, 1, 0.667129),
(8, 2, 0.667129),
(8, 3, 0.667129),
(8, 4, 0.667129),
(8, 5, 0.667129),
(8, 6, 0.667129),
(8, 7, 0.667129),
(8, 8, 0.667129),
(8, 9, 0.667129),
(8, 10, 0.667129),
(8, 11, 0.667129),
(8, 12, 0.667129),
(8, 13, 0.667129),
(8, 14, 0.667129),
(8, 15, 0.667129),
(8, 16, 0.667129),
(8, 17, 0.667129),
(8, 18, 0.667129),
(8, 19, 0.667129),
(8, 20, 0.667129),
(8, 21, 0.667129),
(8, 22, 0.667129),
(8, 23, 0.667129),
(8, 24, 0.667129),
(8, 25, 0.667129),
(8, 26, 0.667129),
(8, 27, 0.667129),
(8, 28, 0.667129),
(8, 29, 0.667129),
(8, 30, 0.667129),
(8, 31, 0.667129),
(8, 32, 0.667129),
(8, 33, 0.667129),
(8, 34, 0.667129),
(8, 35, 0.667129),
(8, 36, 0.667129),
(8, 37, 0.667129),
(8, 38, 0.667129),
(8, 39, 0.667129),
(8, 40, 0.667129),
(8, 41, 0.667129),
(8, 42, 0.667129),
(8, 43, 0.667129),
(8, 44, 0.667129),
(8, 45, 0.667129),
(8, 46, 0.667129),
(8, 47, 0.667129),
(8, 48, 0.667129),
(8, 49, 0.667129),
(8, 50, 0.667129),
(9, 1, 0.667129),
(9, 2, 0.667129),
(9, 3, 0.667129),
(9, 4, 0.667129),
(9, 5, 0.667129),
(9, 6, 0.667129),
(9, 7, 0.667129),
(9, 8, 0.667129),
(9, 9, 0.667129),
(9, 10, 0.667129),
(9, 11, 0.667129),
(9, 12, 0.667129),
(9, 13, 0.667129),
(9, 14, 0.667129),
(9, 15, 0.667129),
(9, 16, 0.667129),
(9, 17, 0.667129),
(9, 18, 0.667129),
(9, 19, 0.667129),
(9, 20, 0.667129),
(9, 21, 0.667129),
(9, 22, 0.667129),
(9, 23, 0.667129),
(9, 24, 0.667129),
(9, 25, 0.667129),
(9, 26, 0.667129),
(9, 27, 0.667129),
(9, 28, 0.667129),
(9, 29, 0.667129),
(9, 30, 0.667129),
(9, 31, 0.667129),
(9, 32, 0.667129),
(9, 33, 0.667129),
(9, 34, 0.667129),
(9, 35, 0.667129),
(9, 36, 0.667129),
(9, 37, 0.667129),
(9, 38, 0.667129),
(9, 39, 0.667129),
(9, 40, 0.667129),
(9, 41, 0.667129),
(9, 42, 0.667129),
(9, 43, 0.667129),
(9, 44, 0.667129),
(9, 45, 0.667129),
(9, 46, 0.667129),
(9, 47, 0.667129),
(9, 48, 0.667129),
(9, 49, 0.667129),
(9, 50, 0.667129),
(10, 1, 0.667129),
(10, 2, 0.667129),
(10, 3, 0.667129),
(10, 4, 0.667129),
(10, 5, 0.667129),
(10, 6, 0.667129),
(10, 7, 0.667129),
(10, 8, 0.667129),
(10, 9, 0.667129),
(10, 10, 0.667129),
(10, 11, 0.667129),
(10, 12, 0.667129),
(10, 13, 0.667129),
(10, 14, 0.667129),
(10, 15, 0.667129),
(10, 16, 0.667129),
(10, 17, 0.667129),
(10, 18, 0.667129),
(10, 19, 0.667129),
(10, 20, 0.667129),
(10, 21, 0.667129),
(10, 22, 0.667129),
(10, 23, 0.667129),
(10, 24, 0.667129),
(10, 25, 0.667129),
(10, 26, 0.667129),
(10, 27, 0.667129),
(10, 28, 0.667129),
(10, 29, 0.667129),
(10, 30, 0.667129),
(10, 31, 0.667129),
(10, 32, 0.667129),
(10, 33, 0.667129),
(10, 34, 0.667129),
(10, 35, 0.667129),
(10, 36, 0.667129),
(10, 37, 0.667129),
(10, 38, 0.667129),
(10, 39, 0.667129),
(10, 40, 0.667129),
(10, 41, 0.667129),
(10, 42, 0.667129),
(10, 43, 0.667129),
(10, 44, 0.667129),
(10, 45, 0.667129),
(10, 46, 0.667129),
(10, 47, 0.667129),
(10, 48, 0.667129),
(10, 49, 0.667129),
(10, 50, 0.667129),
(11, 1, 0.667129),
(11, 2, 0.667129),
(11, 3, 0.667129),
(11, 4, 0.667129),
(11, 5, 0.667129),
(11, 6, 0.667129),
(11, 7, 0.667129),
(11, 8, 0.667129),
(11, 9, 0.667129),
(11, 10, 0.667129),
(11, 11, 0.667129),
(11, 12, 0.667129),
(11, 13, 0.667129),
(11, 14, 0.667129),
(11, 15, 0.667129),
(11, 16, 0.667129),
(11, 17, 0.667129),
(11, 18, 0.667129),
(11, 19, 0.667129),
(11, 20, 0.667129),
(11, 21, 0.667129),
(11, 22, 0.667129),
(11, 23, 0.667129),
(11, 24, 0.667129),
(11, 25, 0.667129),
(11, 26, 0.667129),
(11, 27, 0.667129),
(11, 28, 0.667129),
(11, 29, 0.667129),
(11, 30, 0.667129),
(11, 31, 0.667129),
(11, 32, 0.667129),
(11, 33, 0.667129),
(11, 34, 0.667129),
(11, 35, 0.667129),
(11, 36, 0.667129),
(11, 37, 0.667129),
(11, 38, 0.667129),
(11, 39, 0.667129),
(11, 40, 0.667129),
(11, 41, 0.667129),
(11, 42, 0.667129),
(11, 43, 0.667129),
(11, 44, 0.667129),
(11, 45, 0.667129),
(11, 46, 0.667129),
(11, 47, 0.667129),
(11, 48, 0.667129),
(11, 49, 0.667129),
(11, 50, 0.667129),
(12, 1, 0.667129),
(12, 2, 0.667129),
(12, 3, 0.667129),
(12, 4, 0.667129),
(12, 5, 0.667129),
(12, 6, 0.667129),
(12, 7, 0.667129),
(12, 8, 0.667129),
(12, 9, 0.667129),
(12, 10, 0.667129),
(12, 11, 0.667129),
(12, 12, 0.667129),
(12, 13, 0.667129),
(12, 14, 0.667129),
(12, 15, 0.667129),
(12, 16, 0.667129),
(12, 17, 0.667129),
(12, 18, 0.667129),
(12, 19, 0.667129),
(12, 20, 0.667129),
(12, 21, 0.667129),
(12, 22, 0.667129),
(12, 23, 0.667129),
(12, 24, 0.667129),
(12, 25, 0.667129),
(12, 26, 0.667129),
(12, 27, 0.667129),
(12, 28, 0.667129),
(12, 29, 0.667129),
(12, 30, 0.667129),
(12, 31, 0.667129),
(12, 32, 0.667129),
(12, 33, 0.667129),
(12, 34, 0.667129),
(12, 35, 0.667129),
(12, 36, 0.667129),
(12, 37, 0.667129),
(12, 38, 0.667129),
(12, 39, 0.667129),
(12, 40, 0.667129),
(12, 41, 0.667129),
(12, 42, 0.667129),
(12, 43, 0.667129),
(12, 44, 0.667129),
(12, 45, 0.667129),
(12, 46, 0.667129),
(12, 47, 0.667129),
(12, 48, 0.667129),
(12, 49, 0.667129),
(12, 50, 0.667129),
(13, 1, 0.667129),
(13, 2, 0.667129),
(13, 3, 0.667129),
(13, 4, 0.667129),
(13, 5, 0.667129),
(13, 6, 0.667129),
(13, 7, 0.667129),
(13, 8, 0.667129),
(13, 9, 0.667129),
(13, 10, 0.667129),
(13, 11, 0.667129),
(13, 12, 0.667129),
(13, 13, 0.667129),
(13, 14, 0.667129),
(13, 15, 0.667129),
(13, 16, 0.667129),
(13, 17, 0.667129),
(13, 18, 0.667129),
(13, 19, 0.667129),
(13, 20, 0.667129),
(13, 21, 0.667129),
(13, 22, 0.667129),
(13, 23, 0.667129),
(13, 24, 0.667129),
(13, 25, 0.667129),
(13, 26, 0.667129),
(13, 27, 0.667129),
(13, 28, 0.667129),
(13, 29, 0.667129),
(13, 30, 0.667129),
(13, 31, 0.667129),
(13, 32, 0.667129),
(13, 33, 0.667129),
(13, 34, 0.667129),
(13, 35, 0.667129),
(13, 36, 0.667129),
(13, 37, 0.667129),
(13, 38, 0.667129),
(13, 39, 0.667129),
(13, 40, 0.667129),
(13, 41, 0.667129),
(13, 42, 0.667129),
(13, 43, 0.667129),
(13, 44, 0.667129),
(13, 45, 0.667129),
(13, 46, 0.667129),
(13, 47, 0.667129),
(13, 48, 0.667129),
(13, 49, 0.667129),
(13, 50, 0.667129),
(14, 1, 0.667129),
(14, 2, 0.667129),
(14, 3, 0.667129),
(14, 4, 0.667129),
(14, 5, 0.667129),
(14, 6, 0.667129),
(14, 7, 0.667129),
(14, 8, 0.667129),
(14, 9, 0.667129),
(14, 10, 0.667129),
(14, 11, 0.667129),
(14, 12, 0.667129),
(14, 13, 0.667129),
(14, 14, 0.667129),
(14, 15, 0.667129),
(14, 16, 0.667129),
(14, 17, 0.667129),
(14, 18, 0.667129),
(14, 19, 0.667129),
(14, 20, 0.667129),
(14, 21, 0.667129),
(14, 22, 0.667129),
(14, 23, 0.667129),
(14, 24, 0.667129),
(14, 25, 0.667129),
(14, 26, 0.667129),
(14, 27, 0.667129),
(14, 28, 0.667129),
(14, 29, 0.667129),
(14, 30, 0.667129),
(14, 31, 0.667129),
(14, 32, 0.667129),
(14, 33, 0.667129),
(14, 34, 0.667129),
(14, 35, 0.667129),
(14, 36, 0.667129),
(14, 37, 0.667129),
(14, 38, 0.667129),
(14, 39, 0.667129),
(14, 40, 0.667129),
(14, 41, 0.667129),
(14, 42, 0.667129),
(14, 43, 0.667129),
(14, 44, 0.667129),
(14, 45, 0.667129),
(14, 46, 0.667129),
(14, 47, 0.667129),
(14, 48, 0.667129),
(14, 49, 0.667129),
(14, 50, 0.667129),
(15, 1, 0.667129),
(15, 2, 0.667129),
(15, 3, 0.667129),
(15, 4, 0.667129),
(15, 5, 0.667129),
(15, 6, 0.667129),
(15, 7, 0.667129),
(15, 8, 0.667129),
(15, 9, 0.667129),
(15, 10, 0.667129),
(15, 11, 0.667129),
(15, 12, 0.667129),
(15, 13, 0.667129),
(15, 14, 0.667129),
(15, 15, 0.667129),
(15, 16, 0.667129),
(15, 17, 0.667129),
(15, 18, 0.667129),
(15, 19, 0.667129),
(15, 20, 0.667129),
(15, 21, 0.667129),
(15, 22, 0.667129),
(15, 23, 0.667129),
(15, 24, 0.667129),
(15, 25, 0.667129),
(15, 26, 0.667129),
(15, 27, 0.667129),
(15, 28, 0.667129),
(15, 29, 0.667129),
(15, 30, 0.667129),
(15, 31, 0.667129),
(15, 32, 0.667129),
(15, 33, 0.667129),
(15, 34, 0.667129),
(15, 35, 0.667129),
(15, 36, 0.667129),
(15, 37, 0.667129),
(15, 38, 0.667129),
(15, 39, 0.667129),
(15, 40, 0.667129),
(15, 41, 0.667129),
(15, 42, 0.667129),
(15, 43, 0.667129),
(15, 44, 0.667129),
(15, 45, 0.667129),
(15, 46, 0.667129),
(15, 47, 0.667129),
(15, 48, 0.667129),
(15, 49, 0.667129),
(15, 50, 0.667129),
(16, 1, 0.667129),
(16, 2, 0.667129),
(16, 3, 0.667129),
(16, 4, 0.667129),
(16, 5, 0.667129),
(16, 6, 0.667129),
(16, 7, 0.667129),
(16, 8, 0.667129),
(16, 9, 0.667129),
(16, 10, 0.667129),
(16, 11, 0.667129),
(16, 12, 0.667129),
(16, 13, 0.667129),
(16, 14, 0.667129),
(16, 15, 0.667129),
(16, 16, 0.667129),
(16, 17, 0.667129),
(16, 18, 0.667129),
(16, 19, 0.667129),
(16, 20, 0.667129),
(16, 21, 0.667129),
(16, 22, 0.667129),
(16, 23, 0.667129),
(16, 24, 0.667129),
(16, 25, 0.667129),
(16, 26, 0.667129),
(16, 27, 0.667129),
(16, 28, 0.667129),
(16, 29, 0.667129),
(16, 30, 0.667129),
(16, 31, 0.667129),
(16, 32, 0.667129),
(16, 33, 0.667129),
(16, 34, 0.667129),
(16, 35, 0.667129),
(16, 36, 0.667129),
(16, 37, 0.667129),
(16, 38, 0.667129),
(16, 39, 0.667129),
(16, 40, 0.667129),
(16, 41, 0.667129),
(16, 42, 0.667129),
(16, 43, 0.667129),
(16, 44, 0.667129),
(16, 45, 0.667129),
(16, 46, 0.667129),
(16, 47, 0.667129),
(16, 48, 0.667129),
(16, 49, 0.667129),
(16, 50, 0.667129),
(17, 1, 0.667129),
(17, 2, 0.667129),
(17, 3, 0.667129),
(17, 4, 0.667129),
(17, 5, 0.667129),
(17, 6, 0.667129),
(17, 7, 0.667129),
(17, 8, 0.667129),
(17, 9, 0.667129),
(17, 10, 0.667129),
(17, 11, 0.667129),
(17, 12, 0.667129),
(17, 13, 0.667129),
(17, 14, 0.667129),
(17, 15, 0.667129),
(17, 16, 0.667129),
(17, 17, 0.667129),
(17, 18, 0.667129),
(17, 19, 0.667129),
(17, 20, 0.667129),
(17, 21, 0.667129),
(17, 22, 0.667129),
(17, 23, 0.667129),
(17, 24, 0.667129),
(17, 25, 0.667129),
(17, 26, 0.667129),
(17, 27, 0.667129),
(17, 28, 0.667129),
(17, 29, 0.667129),
(17, 30, 0.667129),
(17, 31, 0.667129),
(17, 32, 0.667129),
(17, 33, 0.667129),
(17, 34, 0.667129),
(17, 35, 0.667129),
(17, 36, 0.667129),
(17, 37, 0.667129),
(17, 38, 0.667129),
(17, 39, 0.667129),
(17, 40, 0.667129),
(17, 41, 0.667129),
(17, 42, 0.667129),
(17, 43, 0.667129),
(17, 44, 0.667129),
(17, 45, 0.667129),
(17, 46, 0.667129),
(17, 47, 0.667129),
(17, 48, 0.667129),
(17, 49, 0.667129),
(17, 50, 0.667129),
(18, 1, 0.667129),
(18, 2, 0.667129),
(18, 3, 0.667129),
(18, 4, 0.667129),
(18, 5, 0.667129),
(18, 6, 0.667129),
(18, 7, 0.667129),
(18, 8, 0.667129),
(18, 9, 0.667129),
(18, 10, 0.667129),
(18, 11, 0.667129),
(18, 12, 0.667129),
(18, 13, 0.667129),
(18, 14, 0.667129),
(18, 15, 0.667129),
(18, 16, 0.667129),
(18, 17, 0.667129),
(18, 18, 0.667129),
(18, 19, 0.667129),
(18, 20, 0.667129),
(18, 21, 0.667129),
(18, 22, 0.667129),
(18, 23, 0.667129),
(18, 24, 0.667129),
(18, 25, 0.667129),
(18, 26, 0.667129),
(18, 27, 0.667129),
(18, 28, 0.667129),
(18, 29, 0.667129),
(18, 30, 0.667129),
(18, 31, 0.667129),
(18, 32, 0.667129),
(18, 33, 0.667129),
(18, 34, 0.667129),
(18, 35, 0.667129),
(18, 36, 0.667129),
(18, 37, 0.667129),
(18, 38, 0.667129),
(18, 39, 0.667129),
(18, 40, 0.667129),
(18, 41, 0.667129),
(18, 42, 0.667129),
(18, 43, 0.667129),
(18, 44, 0.667129),
(18, 45, 0.667129),
(18, 46, 0.667129),
(18, 47, 0.667129),
(18, 48, 0.667129),
(18, 49, 0.667129),
(18, 50, 0.667129),
(19, 1, 0.667129),
(19, 2, 0.667129),
(19, 3, 0.667129),
(19, 4, 0.667129),
(19, 5, 0.667129),
(19, 6, 0.667129),
(19, 7, 0.667129),
(19, 8, 0.667129),
(19, 9, 0.667129),
(19, 10, 0.667129),
(19, 11, 0.667129),
(19, 12, 0.667129),
(19, 13, 0.667129),
(19, 14, 0.667129),
(19, 15, 0.667129),
(19, 16, 0.667129),
(19, 17, 0.667129),
(19, 18, 0.667129),
(19, 19, 0.667129),
(19, 20, 0.667129),
(19, 21, 0.667129),
(19, 22, 0.667129),
(19, 23, 0.667129),
(19, 24, 0.667129),
(19, 25, 0.667129),
(19, 26, 0.667129),
(19, 27, 0.667129),
(19, 28, 0.667129),
(19, 29, 0.667129),
(19, 30, 0.667129),
(19, 31, 0.667129),
(19, 32, 0.667129),
(19, 33, 0.667129),
(19, 34, 0.667129),
(19, 35, 0.667129),
(19, 36, 0.667129),
(19, 37, 0.667129),
(19, 38, 0.667129),
(19, 39, 0.667129),
(19, 40, 0.667129),
(19, 41, 0.667129),
(19, 42, 0.667129),
(19, 43, 0.667129),
(19, 44, 0.667129),
(19, 45, 0.667129),
(19, 46, 0.667129),
(19, 47, 0.667129),
(19, 48, 0.667129),
(19, 49, 0.667129),
(19, 50, 0.667129),
(20, 1, 0.667129),
(20, 2, 0.667129),
(20, 3, 0.667129),
(20, 4, 0.667129),
(20, 5, 0.667129),
(20, 6, 0.667129),
(20, 7, 0.667129),
(20, 8, 0.667129),
(20, 9, 0.667129),
(20, 10, 0.667129),
(20, 11, 0.667129),
(20, 12, 0.667129),
(20, 13, 0.667129),
(20, 14, 0.667129),
(20, 15, 0.667129),
(20, 16, 0.667129),
(20, 17, 0.667129),
(20, 18, 0.667129),
(20, 19, 0.667129),
(20, 20, 0.667129),
(20, 21, 0.667129),
(20, 22, 0.667129),
(20, 23, 0.667129),
(20, 24, 0.667129),
(20, 25, 0.667129),
(20, 26, 0.667129),
(20, 27, 0.667129),
(20, 28, 0.667129),
(20, 29, 0.667129),
(20, 30, 0.667129),
(20, 31, 0.667129),
(20, 32, 0.667129),
(20, 33, 0.667129),
(20, 34, 0.667129),
(20, 35, 0.667129),
(20, 36, 0.667129),
(20, 37, 0.667129),
(20, 38, 0.667129),
(20, 39, 0.667129),
(20, 40, 0.667129),
(20, 41, 0.667129),
(20, 42, 0.667129),
(20, 43, 0.667129),
(20, 44, 0.667129),
(20, 45, 0.667129),
(20, 46, 0.667129),
(20, 47, 0.667129),
(20, 48, 0.667129),
(20, 49, 0.667129),
(20, 50, 0.667129),
(21, 1, 0.667129),
(21, 2, 0.667129),
(21, 3, 0.667129),
(21, 4, 0.667129),
(21, 5, 0.667129),
(21, 6, 0.667129),
(21, 7, 0.667129),
(21, 8, 0.667129),
(21, 9, 0.667129),
(21, 10, 0.667129),
(21, 11, 0.667129),
(21, 12, 0.667129),
(21, 13, 0.667129),
(21, 14, 0.667129),
(21, 15, 0.667129),
(21, 16, 0.667129),
(21, 17, 0.667129),
(21, 18, 0.667129),
(21, 19, 0.667129),
(21, 20, 0.667129),
(21, 21, 0.667129),
(21, 22, 0.667129),
(21, 23, 0.667129),
(21, 24, 0.667129),
(21, 25, 0.667129),
(21, 26, 0.667129),
(21, 27, 0.667129),
(21, 28, 0.667129),
(21, 29, 0.667129),
(21, 30, 0.667129),
(21, 31, 0.667129),
(21, 32, 0.667129),
(21, 33, 0.667129),
(21, 34, 0.667129),
(21, 35, 0.667129),
(21, 36, 0.667129),
(21, 37, 0.667129),
(21, 38, 0.667129),
(21, 39, 0.667129),
(21, 40, 0.667129),
(21, 41, 0.667129),
(21, 42, 0.667129),
(21, 43, 0.667129),
(21, 44, 0.667129),
(21, 45, 0.667129),
(21, 46, 0.667129),
(21, 47, 0.667129),
(21, 48, 0.667129),
(21, 49, 0.667129),
(21, 50, 0.667129),
(22, 1, 0.667129),
(22, 2, 0.667129),
(22, 3, 0.667129),
(22, 4, 0.667129),
(22, 5, 0.667129),
(22, 6, 0.667129),
(22, 7, 0.667129),
(22, 8, 0.667129),
(22, 9, 0.667129),
(22, 10, 0.667129),
(22, 11, 0.667129),
(22, 12, 0.667129),
(22, 13, 0.667129),
(22, 14, 0.667129),
(22, 15, 0.667129),
(22, 16, 0.667129),
(22, 17, 0.667129),
(22, 18, 0.667129),
(22, 19, 0.667129),
(22, 20, 0.667129),
(22, 21, 0.667129),
(22, 22, 0.667129),
(22, 23, 0.667129),
(22, 24, 0.667129),
(22, 25, 0.667129),
(22, 26, 0.667129),
(22, 27, 0.667129),
(22, 28, 0.667129),
(22, 29, 0.667129),
(22, 30, 0.667129),
(22, 31, 0.667129),
(22, 32, 0.667129),
(22, 33, 0.667129),
(22, 34, 0.667129),
(22, 35, 0.667129),
(22, 36, 0.667129),
(22, 37, 0.667129),
(22, 38, 0.667129),
(22, 39, 0.667129),
(22, 40, 0.667129),
(22, 41, 0.667129),
(22, 42, 0.667129),
(22, 43, 0.667129),
(22, 44, 0.667129),
(22, 45, 0.667129),
(22, 46, 0.667129),
(22, 47, 0.667129),
(22, 48, 0.667129),
(22, 49, 0.667129),
(22, 50, 0.667129),
(23, 1, 0.667129),
(23, 2, 0.667129),
(23, 3, 0.667129),
(23, 4, 0.667129),
(23, 5, 0.667129),
(23, 6, 0.667129),
(23, 7, 0.667129),
(23, 8, 0.667129),
(23, 9, 0.667129),
(23, 10, 0.667129),
(23, 11, 0.667129),
(23, 12, 0.667129),
(23, 13, 0.667129),
(23, 14, 0.667129),
(23, 15, 0.667129),
(23, 16, 0.667129),
(23, 17, 0.667129),
(23, 18, 0.667129),
(23, 19, 0.667129),
(23, 20, 0.667129),
(23, 21, 0.667129),
(23, 22, 0.667129),
(23, 23, 0.667129),
(23, 24, 0.667129),
(23, 25, 0.667129),
(23, 26, 0.667129),
(23, 27, 0.667129),
(23, 28, 0.667129),
(23, 29, 0.667129),
(23, 30, 0.667129),
(23, 31, 0.667129),
(23, 32, 0.667129),
(23, 33, 0.667129),
(23, 34, 0.667129),
(23, 35, 0.667129),
(23, 36, 0.667129),
(23, 37, 0.667129),
(23, 38, 0.667129),
(23, 39, 0.667129),
(23, 40, 0.667129),
(23, 41, 0.667129),
(23, 42, 0.667129),
(23, 43, 0.667129),
(23, 44, 0.667129),
(23, 45, 0.667129),
(23, 46, 0.667129),
(23, 47, 0.667129),
(23, 48, 0.667129),
(23, 49, 0.667129),
(23, 50, 0.667129),
(24, 1, 0.667129),
(24, 2, 0.667129),
(24, 3, 0.667129),
(24, 4, 0.667129),
(24, 5, 0.667129),
(24, 6, 0.667129),
(24, 7, 0.667129),
(24, 8, 0.667129),
(24, 9, 0.667129),
(24, 10, 0.667129),
(24, 11, 0.667129),
(24, 12, 0.667129),
(24, 13, 0.667129),
(24, 14, 0.667129),
(24, 15, 0.667129),
(24, 16, 0.667129),
(24, 17, 0.667129),
(24, 18, 0.667129),
(24, 19, 0.667129),
(24, 20, 0.667129),
(24, 21, 0.667129),
(24, 22, 0.667129),
(24, 23, 0.667129),
(24, 24, 0.667129),
(24, 25, 0.667129),
(24, 26, 0.667129),
(24, 27, 0.667129),
(24, 28, 0.667129),
(24, 29, 0.667129),
(24, 30, 0.667129),
(24, 31, 0.667129),
(24, 32, 0.667129),
(24, 33, 0.667129),
(24, 34, 0.667129),
(24, 35, 0.667129),
(24, 36, 0.667129),
(24, 37, 0.667129),
(24, 38, 0.667129),
(24, 39, 0.667129),
(24, 40, 0.667129),
(24, 41, 0.667129),
(24, 42, 0.667129),
(24, 43, 0.667129),
(24, 44, 0.667129),
(24, 45, 0.667129),
(24, 46, 0.667129),
(24, 47, 0.667129),
(24, 48, 0.667129),
(24, 49, 0.667129),
(24, 50, 0.667129),
(25, 1, 0.667129),
(25, 2, 0.667129),
(25, 3, 0.667129),
(25, 4, 0.667129),
(25, 5, 0.667129),
(25, 6, 0.667129),
(25, 7, 0.667129),
(25, 8, 0.667129),
(25, 9, 0.667129),
(25, 10, 0.667129),
(25, 11, 0.667129),
(25, 12, 0.667129),
(25, 13, 0.667129),
(25, 14, 0.667129),
(25, 15, 0.667129),
(25, 16, 0.667129),
(25, 17, 0.667129),
(25, 18, 0.667129),
(25, 19, 0.667129),
(25, 20, 0.667129),
(25, 21, 0.667129),
(25, 22, 0.667129),
(25, 23, 0.667129),
(25, 24, 0.667129),
(25, 25, 0.667129),
(25, 26, 0.667129),
(25, 27, 0.667129),
(25, 28, 0.667129),
(25, 29, 0.667129),
(25, 30, 0.667129),
(25, 31, 0.667129),
(25, 32, 0.667129),
(25, 33, 0.667129),
(25, 34, 0.667129),
(25, 35, 0.667129),
(25, 36, 0.667129),
(25, 37, 0.667129),
(25, 38, 0.667129),
(25, 39, 0.667129),
(25, 40, 0.667129),
(25, 41, 0.667129),
(25, 42, 0.667129),
(25, 43, 0.667129),
(25, 44, 0.667129),
(25, 45, 0.667129),
(25, 46, 0.667129),
(25, 47, 0.667129),
(25, 48, 0.667129),
(25, 49, 0.667129),
(25, 50, 0.667129),
(26, 1, 0.667129),
(26, 2, 0.667129),
(26, 3, 0.667129),
(26, 4, 0.667129),
(26, 5, 0.667129),
(26, 6, 0.667129),
(26, 7, 0.667129),
(26, 8, 0.667129),
(26, 9, 0.667129),
(26, 10, 0.667129),
(26, 11, 0.667129),
(26, 12, 0.667129),
(26, 13, 0.667129),
(26, 14, 0.667129),
(26, 15, 0.667129),
(26, 16, 0.667129),
(26, 17, 0.667129),
(26, 18, 0.667129),
(26, 19, 0.667129),
(26, 20, 0.667129),
(26, 21, 0.667129),
(26, 22, 0.667129),
(26, 23, 0.667129),
(26, 24, 0.667129),
(26, 25, 0.667129),
(26, 26, 0.667129),
(26, 27, 0.667129),
(26, 28, 0.667129),
(26, 29, 0.667129),
(26, 30, 0.667129),
(26, 31, 0.667129),
(26, 32, 0.667129),
(26, 33, 0.667129),
(26, 34, 0.667129),
(26, 35, 0.667129),
(26, 36, 0.667129),
(26, 37, 0.667129),
(26, 38, 0.667129),
(26, 39, 0.667129),
(26, 40, 0.667129),
(26, 41, 0.667129),
(26, 42, 0.667129),
(26, 43, 0.667129),
(26, 44, 0.667129),
(26, 45, 0.667129),
(26, 46, 0.667129),
(26, 47, 0.667129),
(26, 48, 0.667129),
(26, 49, 0.667129),
(26, 50, 0.667129),
(27, 1, 0.667129),
(27, 2, 0.667129),
(27, 3, 0.667129),
(27, 4, 0.667129),
(27, 5, 0.667129),
(27, 6, 0.667129),
(27, 7, 0.667129),
(27, 8, 0.667129),
(27, 9, 0.667129),
(27, 10, 0.667129),
(27, 11, 0.667129),
(27, 12, 0.667129),
(27, 13, 0.667129),
(27, 14, 0.667129),
(27, 15, 0.667129),
(27, 16, 0.667129),
(27, 17, 0.667129),
(27, 18, 0.667129),
(27, 19, 0.667129),
(27, 20, 0.667129),
(27, 21, 0.667129),
(27, 22, 0.667129),
(27, 23, 0.667129),
(27, 24, 0.667129),
(27, 25, 0.667129),
(27, 26, 0.667129),
(27, 27, 0.667129),
(27, 28, 0.667129),
(27, 29, 0.667129),
(27, 30, 0.667129),
(27, 31, 0.667129),
(27, 32, 0.667129),
(27, 33, 0.667129),
(27, 34, 0.667129),
(27, 35, 0.667129),
(27, 36, 0.667129),
(27, 37, 0.667129),
(27, 38, 0.667129),
(27, 39, 0.667129),
(27, 40, 0.667129),
(27, 41, 0.667129),
(27, 42, 0.667129),
(27, 43, 0.667129),
(27, 44, 0.667129),
(27, 45, 0.667129),
(27, 46, 0.667129),
(27, 47, 0.667129),
(27, 48, 0.667129),
(27, 49, 0.667129),
(27, 50, 0.667129),
(28, 1, 0.667129),
(28, 2, 0.667129),
(28, 3, 0.667129),
(28, 4, 0.667129),
(28, 5, 0.667129),
(28, 6, 0.667129),
(28, 7, 0.667129),
(28, 8, 0.667129),
(28, 9, 0.667129),
(28, 10, 0.667129),
(28, 11, 0.667129),
(28, 12, 0.667129),
(28, 13, 0.667129),
(28, 14, 0.667129),
(28, 15, 0.667129),
(28, 16, 0.667129),
(28, 17, 0.667129),
(28, 18, 0.667129),
(28, 19, 0.667129),
(28, 20, 0.667129),
(28, 21, 0.667129),
(28, 22, 0.667129),
(28, 23, 0.667129),
(28, 24, 0.667129),
(28, 25, 0.667129),
(28, 26, 0.667129),
(28, 27, 0.667129),
(28, 28, 0.667129),
(28, 29, 0.667129),
(28, 30, 0.667129),
(28, 31, 0.667129),
(28, 32, 0.667129),
(28, 33, 0.667129),
(28, 34, 0.667129),
(28, 35, 0.667129),
(28, 36, 0.667129),
(28, 37, 0.667129),
(28, 38, 0.667129),
(28, 39, 0.667129),
(28, 40, 0.667129),
(28, 41, 0.667129),
(28, 42, 0.667129),
(28, 43, 0.667129),
(28, 44, 0.667129),
(28, 45, 0.667129),
(28, 46, 0.667129),
(28, 47, 0.667129),
(28, 48, 0.667129),
(28, 49, 0.667129),
(28, 50, 0.667129),
(29, 1, 0.667129),
(29, 2, 0.667129),
(29, 3, 0.667129),
(29, 4, 0.667129),
(29, 5, 0.667129),
(29, 6, 0.667129),
(29, 7, 0.667129),
(29, 8, 0.667129),
(29, 9, 0.667129),
(29, 10, 0.667129),
(29, 11, 0.667129),
(29, 12, 0.667129),
(29, 13, 0.667129),
(29, 14, 0.667129),
(29, 15, 0.667129),
(29, 16, 0.667129),
(29, 17, 0.667129),
(29, 18, 0.667129),
(29, 19, 0.667129),
(29, 20, 0.667129),
(29, 21, 0.667129),
(29, 22, 0.667129),
(29, 23, 0.667129),
(29, 24, 0.667129),
(29, 25, 0.667129),
(29, 26, 0.667129),
(29, 27, 0.667129),
(29, 28, 0.667129),
(29, 29, 0.667129),
(29, 30, 0.667129),
(29, 31, 0.667129),
(29, 32, 0.667129),
(29, 33, 0.667129),
(29, 34, 0.667129),
(29, 35, 0.667129),
(29, 36, 0.667129),
(29, 37, 0.667129),
(29, 38, 0.667129),
(29, 39, 0.667129),
(29, 40, 0.667129),
(29, 41, 0.667129),
(29, 42, 0.667129),
(29, 43, 0.667129),
(29, 44, 0.667129),
(29, 45, 0.667129),
(29, 46, 0.667129),
(29, 47, 0.667129),
(29, 48, 0.667129),
(29, 49, 0.667129),
(29, 50, 0.667129),
(30, 1, 0.667129),
(30, 2, 0.667129),
(30, 3, 0.667129),
(30, 4, 0.667129),
(30, 5, 0.667129),
(30, 6, 0.667129),
(30, 7, 0.667129),
(30, 8, 0.667129),
(30, 9, 0.667129),
(30, 10, 0.667129),
(30, 11, 0.667129),
(30, 12, 0.667129),
(30, 13, 0.667129),
(30, 14, 0.667129),
(30, 15, 0.667129),
(30, 16, 0.667129),
(30, 17, 0.667129),
(30, 18, 0.667129),
(30, 19, 0.667129),
(30, 20, 0.667129),
(30, 21, 0.667129),
(30, 22, 0.667129),
(30, 23, 0.667129),
(30, 24, 0.667129),
(30, 25, 0.667129),
(30, 26, 0.667129),
(30, 27, 0.667129),
(30, 28, 0.667129),
(30, 29, 0.667129),
(30, 30, 0.667129),
(30, 31, 0.667129),
(30, 32, 0.667129),
(30, 33, 0.667129),
(30, 34, 0.667129),
(30, 35, 0.667129),
(30, 36, 0.667129),
(30, 37, 0.667129),
(30, 38, 0.667129),
(30, 39, 0.667129),
(30, 40, 0.667129),
(30, 41, 0.667129),
(30, 42, 0.667129),
(30, 43, 0.667129),
(30, 44, 0.667129),
(30, 45, 0.667129),
(30, 46, 0.667129),
(30, 47, 0.667129),
(30, 48, 0.667129),
(30, 49, 0.667129),
(30, 50, 0.667129),
(31, 1, 0.667129),
(31, 2, 0.667129),
(31, 3, 0.667129),
(31, 4, 0.667129),
(31, 5, 0.667129),
(31, 6, 0.667129),
(31, 7, 0.667129),
(31, 8, 0.667129),
(31, 9, 0.667129),
(31, 10, 0.667129),
(31, 11, 0.667129),
(31, 12, 0.667129),
(31, 13, 0.667129),
(31, 14, 0.667129),
(31, 15, 0.667129),
(31, 16, 0.667129),
(31, 17, 0.667129),
(31, 18, 0.667129),
(31, 19, 0.667129),
(31, 20, 0.667129),
(31, 21, 0.667129),
(31, 22, 0.667129),
(31, 23, 0.667129),
(31, 24, 0.667129),
(31, 25, 0.667129),
(31, 26, 0.667129),
(31, 27, 0.667129),
(31, 28, 0.667129),
(31, 29, 0.667129),
(31, 30, 0.667129),
(31, 31, 0.667129),
(31, 32, 0.667129),
(31, 33, 0.667129),
(31, 34, 0.667129),
(31, 35, 0.667129),
(31, 36, 0.667129),
(31, 37, 0.667129),
(31, 38, 0.667129),
(31, 39, 0.667129),
(31, 40, 0.667129),
(31, 41, 0.667129),
(31, 42, 0.667129),
(31, 43, 0.667129),
(31, 44, 0.667129),
(31, 45, 0.667129),
(31, 46, 0.667129),
(31, 47, 0.667129),
(31, 48, 0.667129),
(31, 49, 0.667129),
(31, 50, 0.667129),
(32, 1, 0.667129),
(32, 2, 0.667129),
(32, 3, 0.667129),
(32, 4, 0.667129),
(32, 5, 0.667129),
(32, 6, 0.667129),
(32, 7, 0.667129),
(32, 8, 0.667129),
(32, 9, 0.667129),
(32, 10, 0.667129),
(32, 11, 0.667129),
(32, 12, 0.667129),
(32, 13, 0.667129),
(32, 14, 0.667129),
(32, 15, 0.667129),
(32, 16, 0.667129),
(32, 17, 0.667129),
(32, 18, 0.667129),
(32, 19, 0.667129),
(32, 20, 0.667129),
(32, 21, 0.667129),
(32, 22, 0.667129),
(32, 23, 0.667129),
(32, 24, 0.667129),
(32, 25, 0.667129),
(32, 26, 0.667129),
(32, 27, 0.667129),
(32, 28, 0.667129),
(32, 29, 0.667129),
(32, 30, 0.667129),
(32, 31, 0.667129),
(32, 32, 0.667129),
(32, 33, 0.667129),
(32, 34, 0.667129),
(32, 35, 0.667129),
(32, 36, 0.667129),
(32, 37, 0.667129),
(32, 38, 0.667129),
(32, 39, 0.667129),
(32, 40, 0.667129),
(32, 41, 0.667129),
(32, 42, 0.667129),
(32, 43, 0.667129),
(32, 44, 0.667129),
(32, 45, 0.667129),
(32, 46, 0.667129),
(32, 47, 0.667129),
(32, 48, 0.667129),
(32, 49, 0.667129),
(32, 50, 0.667129),
(33, 1, 0.667129),
(33, 2, 0.667129),
(33, 3, 0.667129),
(33, 4, 0.667129),
(33, 5, 0.667129),
(33, 6, 0.667129),
(33, 7, 0.667129),
(33, 8, 0.667129),
(33, 9, 0.667129),
(33, 10, 0.667129),
(33, 11, 0.667129),
(33, 12, 0.667129),
(33, 13, 0.667129),
(33, 14, 0.667129),
(33, 15, 0.667129),
(33, 16, 0.667129),
(33, 17, 0.667129),
(33, 18, 0.667129),
(33, 19, 0.667129),
(33, 20, 0.667129),
(33, 21, 0.667129),
(33, 22, 0.667129),
(33, 23, 0.667129),
(33, 24, 0.667129),
(33, 25, 0.667129),
(33, 26, 0.667129),
(33, 27, 0.667129),
(33, 28, 0.667129),
(33, 29, 0.667129),
(33, 30, 0.667129),
(33, 31, 0.667129),
(33, 32, 0.667129),
(33, 33, 0.667129),
(33, 34, 0.667129),
(33, 35, 0.667129),
(33, 36, 0.667129),
(33, 37, 0.667129),
(33, 38, 0.667129),
(33, 39, 0.667129),
(33, 40, 0.667129),
(33, 41, 0.667129),
(33, 42, 0.667129),
(33, 43, 0.667129),
(33, 44, 0.667129),
(33, 45, 0.667129),
(33, 46, 0.667129),
(33, 47, 0.667129),
(33, 48, 0.667129),
(33, 49, 0.667129),
(33, 50, 0.667129),
(34, 1, 0.667129),
(34, 2, 0.667129),
(34, 3, 0.667129),
(34, 4, 0.667129),
(34, 5, 0.667129),
(34, 6, 0.667129),
(34, 7, 0.667129),
(34, 8, 0.667129),
(34, 9, 0.667129),
(34, 10, 0.667129),
(34, 11, 0.667129),
(34, 12, 0.667129),
(34, 13, 0.667129),
(34, 14, 0.667129),
(34, 15, 0.667129),
(34, 16, 0.667129),
(34, 17, 0.667129),
(34, 18, 0.667129),
(34, 19, 0.667129),
(34, 20, 0.667129),
(34, 21, 0.667129),
(34, 22, 0.667129),
(34, 23, 0.667129),
(34, 24, 0.667129),
(34, 25, 0.667129),
(34, 26, 0.667129),
(34, 27, 0.667129),
(34, 28, 0.667129),
(34, 29, 0.667129),
(34, 30, 0.667129),
(34, 31, 0.667129),
(34, 32, 0.667129),
(34, 33, 0.667129),
(34, 34, 0.667129),
(34, 35, 0.667129),
(34, 36, 0.667129),
(34, 37, 0.667129),
(34, 38, 0.667129),
(34, 39, 0.667129),
(34, 40, 0.667129),
(34, 41, 0.667129),
(34, 42, 0.667129),
(34, 43, 0.667129),
(34, 44, 0.667129),
(34, 45, 0.667129),
(34, 46, 0.667129),
(34, 47, 0.667129),
(34, 48, 0.667129),
(34, 49, 0.667129),
(34, 50, 0.667129),
(35, 1, 0.667129),
(35, 2, 0.667129),
(35, 3, 0.667129),
(35, 4, 0.667129),
(35, 5, 0.667129),
(35, 6, 0.667129),
(35, 7, 0.667129),
(35, 8, 0.667129),
(35, 9, 0.667129),
(35, 10, 0.667129),
(35, 11, 0.667129),
(35, 12, 0.667129),
(35, 13, 0.667129),
(35, 14, 0.667129),
(35, 15, 0.667129),
(35, 16, 0.667129),
(35, 17, 0.667129),
(35, 18, 0.667129),
(35, 19, 0.667129),
(35, 20, 0.667129),
(35, 21, 0.667129),
(35, 22, 0.667129),
(35, 23, 0.667129),
(35, 24, 0.667129),
(35, 25, 0.667129),
(35, 26, 0.667129),
(35, 27, 0.667129),
(35, 28, 0.667129),
(35, 29, 0.667129),
(35, 30, 0.667129),
(35, 31, 0.667129),
(35, 32, 0.667129),
(35, 33, 0.667129),
(35, 34, 0.667129),
(35, 35, 0.667129),
(35, 36, 0.667129),
(35, 37, 0.667129),
(35, 38, 0.667129),
(35, 39, 0.667129),
(35, 40, 0.667129),
(35, 41, 0.667129),
(35, 42, 0.667129),
(35, 43, 0.667129),
(35, 44, 0.667129),
(35, 45, 0.667129),
(35, 46, 0.667129),
(35, 47, 0.667129),
(35, 48, 0.667129),
(35, 49, 0.667129),
(35, 50, 0.667129),
(36, 1, 0.667129),
(36, 2, 0.667129),
(36, 3, 0.667129),
(36, 4, 0.667129),
(36, 5, 0.667129),
(36, 6, 0.667129),
(36, 7, 0.667129),
(36, 8, 0.667129),
(36, 9, 0.667129),
(36, 10, 0.667129),
(36, 11, 0.667129),
(36, 12, 0.667129),
(36, 13, 0.667129),
(36, 14, 0.667129),
(36, 15, 0.667129),
(36, 16, 0.667129),
(36, 17, 0.667129),
(36, 18, 0.667129),
(36, 19, 0.667129),
(36, 20, 0.667129),
(36, 21, 0.667129),
(36, 22, 0.667129),
(36, 23, 0.667129),
(36, 24, 0.667129),
(36, 25, 0.667129),
(36, 26, 0.667129),
(36, 27, 0.667129),
(36, 28, 0.667129),
(36, 29, 0.667129),
(36, 30, 0.667129),
(36, 31, 0.667129),
(36, 32, 0.667129),
(36, 33, 0.667129),
(36, 34, 0.667129),
(36, 35, 0.667129),
(36, 36, 0.667129),
(36, 37, 0.667129),
(36, 38, 0.667129),
(36, 39, 0.667129),
(36, 40, 0.667129),
(36, 41, 0.667129),
(36, 42, 0.667129),
(36, 43, 0.667129),
(36, 44, 0.667129),
(36, 45, 0.667129),
(36, 46, 0.667129),
(36, 47, 0.667129),
(36, 48, 0.667129),
(36, 49, 0.667129),
(36, 50, 0.667129),
(37, 1, 0.667129),
(37, 2, 0.667129),
(37, 3, 0.667129),
(37, 4, 0.667129),
(37, 5, 0.667129),
(37, 6, 0.667129),
(37, 7, 0.667129),
(37, 8, 0.667129),
(37, 9, 0.667129),
(37, 10, 0.667129),
(37, 11, 0.667129),
(37, 12, 0.667129),
(37, 13, 0.667129),
(37, 14, 0.667129),
(37, 15, 0.667129),
(37, 16, 0.667129),
(37, 17, 0.667129),
(37, 18, 0.667129),
(37, 19, 0.667129),
(37, 20, 0.667129),
(37, 21, 0.667129),
(37, 22, 0.667129),
(37, 23, 0.667129),
(37, 24, 0.667129),
(37, 25, 0.667129),
(37, 26, 0.667129),
(37, 27, 0.667129),
(37, 28, 0.667129),
(37, 29, 0.667129),
(37, 30, 0.667129),
(37, 31, 0.667129),
(37, 32, 0.667129),
(37, 33, 0.667129),
(37, 34, 0.667129),
(37, 35, 0.667129),
(37, 36, 0.667129),
(37, 37, 0.667129),
(37, 38, 0.667129),
(37, 39, 0.667129),
(37, 40, 0.667129),
(37, 41, 0.667129),
(37, 42, 0.667129),
(37, 43, 0.667129),
(37, 44, 0.667129),
(37, 45, 0.667129),
(37, 46, 0.667129),
(37, 47, 0.667129),
(37, 48, 0.667129),
(37, 49, 0.667129),
(37, 50, 0.667129),
(38, 1, 0.667129),
(38, 2, 0.667129),
(38, 3, 0.667129),
(38, 4, 0.667129),
(38, 5, 0.667129),
(38, 6, 0.667129),
(38, 7, 0.667129),
(38, 8, 0.667129),
(38, 9, 0.667129),
(38, 10, 0.667129),
(38, 11, 0.667129),
(38, 12, 0.667129),
(38, 13, 0.667129),
(38, 14, 0.667129),
(38, 15, 0.667129),
(38, 16, 0.667129),
(38, 17, 0.667129),
(38, 18, 0.667129),
(38, 19, 0.667129),
(38, 20, 0.667129),
(38, 21, 0.667129),
(38, 22, 0.667129),
(38, 23, 0.667129),
(38, 24, 0.667129),
(38, 25, 0.667129),
(38, 26, 0.667129),
(38, 27, 0.667129),
(38, 28, 0.667129),
(38, 29, 0.667129),
(38, 30, 0.667129),
(38, 31, 0.667129),
(38, 32, 0.667129),
(38, 33, 0.667129),
(38, 34, 0.667129),
(38, 35, 0.667129),
(38, 36, 0.667129),
(38, 37, 0.667129),
(38, 38, 0.667129),
(38, 39, 0.667129),
(38, 40, 0.667129),
(38, 41, 0.667129),
(38, 42, 0.667129),
(38, 43, 0.667129),
(38, 44, 0.667129),
(38, 45, 0.667129),
(38, 46, 0.667129),
(38, 47, 0.667129),
(38, 48, 0.667129),
(38, 49, 0.667129),
(38, 50, 0.667129),
(39, 1, 0.667129),
(39, 2, 0.667129),
(39, 3, 0.667129),
(39, 4, 0.667129),
(39, 5, 0.667129),
(39, 6, 0.667129),
(39, 7, 0.667129),
(39, 8, 0.667129),
(39, 9, 0.667129),
(39, 10, 0.667129),
(39, 11, 0.667129),
(39, 12, 0.667129),
(39, 13, 0.667129),
(39, 14, 0.667129),
(39, 15, 0.667129),
(39, 16, 0.667129),
(39, 17, 0.667129),
(39, 18, 0.667129),
(39, 19, 0.667129),
(39, 20, 0.667129),
(39, 21, 0.667129),
(39, 22, 0.667129),
(39, 23, 0.667129),
(39, 24, 0.667129),
(39, 25, 0.667129),
(39, 26, 0.667129),
(39, 27, 0.667129),
(39, 28, 0.667129),
(39, 29, 0.667129),
(39, 30, 0.667129),
(39, 31, 0.667129),
(39, 32, 0.667129),
(39, 33, 0.667129),
(39, 34, 0.667129),
(39, 35, 0.667129),
(39, 36, 0.667129),
(39, 37, 0.667129),
(39, 38, 0.667129),
(39, 39, 0.667129),
(39, 40, 0.667129),
(39, 41, 0.667129),
(39, 42, 0.667129),
(39, 43, 0.667129),
(39, 44, 0.667129),
(39, 45, 0.667129),
(39, 46, 0.667129),
(39, 47, 0.667129),
(39, 48, 0.667129),
(39, 49, 0.667129),
(39, 50, 0.667129),
(40, 1, 0.667129),
(40, 2, 0.667129),
(40, 3, 0.667129),
(40, 4, 0.667129),
(40, 5, 0.667129),
(40, 6, 0.667129),
(40, 7, 0.667129),
(40, 8, 0.667129),
(40, 9, 0.667129),
(40, 10, 0.667129),
(40, 11, 0.667129),
(40, 12, 0.667129),
(40, 13, 0.667129),
(40, 14, 0.667129),
(40, 15, 0.667129),
(40, 16, 0.667129),
(40, 17, 0.667129),
(40, 18, 0.667129),
(40, 19, 0.667129),
(40, 20, 0.667129),
(40, 21, 0.667129),
(40, 22, 0.667129),
(40, 23, 0.667129),
(40, 24, 0.667129),
(40, 25, 0.667129),
(40, 26, 0.667129),
(40, 27, 0.667129),
(40, 28, 0.667129),
(40, 29, 0.667129),
(40, 30, 0.667129),
(40, 31, 0.667129),
(40, 32, 0.667129),
(40, 33, 0.667129),
(40, 34, 0.667129),
(40, 35, 0.667129),
(40, 36, 0.667129),
(40, 37, 0.667129),
(40, 38, 0.667129),
(40, 39, 0.667129),
(40, 40, 0.667129),
(40, 41, 0.667129),
(40, 42, 0.667129),
(40, 43, 0.667129),
(40, 44, 0.667129),
(40, 45, 0.667129),
(40, 46, 0.667129),
(40, 47, 0.667129),
(40, 48, 0.667129),
(40, 49, 0.667129),
(40, 50, 0.667129),
(41, 1, 0.667129),
(41, 2, 0.667129),
(41, 3, 0.667129),
(41, 4, 0.667129),
(41, 5, 0.667129),
(41, 6, 0.667129),
(41, 7, 0.667129),
(41, 8, 0.667129),
(41, 9, 0.667129),
(41, 10, 0.667129),
(41, 11, 0.667129),
(41, 12, 0.667129),
(41, 13, 0.667129),
(41, 14, 0.667129),
(41, 15, 0.667129),
(41, 16, 0.667129),
(41, 17, 0.667129),
(41, 18, 0.667129),
(41, 19, 0.667129),
(41, 20, 0.667129),
(41, 21, 0.667129),
(41, 22, 0.667129),
(41, 23, 0.667129),
(41, 24, 0.667129),
(41, 25, 0.667129),
(41, 26, 0.667129),
(41, 27, 0.667129),
(41, 28, 0.667129),
(41, 29, 0.667129),
(41, 30, 0.667129),
(41, 31, 0.667129),
(41, 32, 0.667129),
(41, 33, 0.667129),
(41, 34, 0.667129),
(41, 35, 0.667129),
(41, 36, 0.667129),
(41, 37, 0.667129),
(41, 38, 0.667129),
(41, 39, 0.667129),
(41, 40, 0.667129),
(41, 41, 0.667129),
(41, 42, 0.667129),
(41, 43, 0.667129),
(41, 44, 0.667129),
(41, 45, 0.667129),
(41, 46, 0.667129),
(41, 47, 0.667129),
(41, 48, 0.667129),
(41, 49, 0.667129),
(41, 50, 0.667129),
(42, 1, 0.667129),
(42, 2, 0.667129),
(42, 3, 0.667129),
(42, 4, 0.667129),
(42, 5, 0.667129),
(42, 6, 0.667129),
(42, 7, 0.667129),
(42, 8, 0.667129),
(42, 9, 0.667129),
(42, 10, 0.667129),
(42, 11, 0.667129),
(42, 12, 0.667129),
(42, 13, 0.667129),
(42, 14, 0.667129),
(42, 15, 0.667129),
(42, 16, 0.667129),
(42, 17, 0.667129),
(42, 18, 0.667129),
(42, 19, 0.667129),
(42, 20, 0.667129),
(42, 21, 0.667129),
(42, 22, 0.667129),
(42, 23, 0.667129),
(42, 24, 0.667129),
(42, 25, 0.667129),
(42, 26, 0.667129),
(42, 27, 0.667129),
(42, 28, 0.667129),
(42, 29, 0.667129),
(42, 30, 0.667129),
(42, 31, 0.667129),
(42, 32, 0.667129),
(42, 33, 0.667129),
(42, 34, 0.667129),
(42, 35, 0.667129),
(42, 36, 0.667129),
(42, 37, 0.667129),
(42, 38, 0.667129),
(42, 39, 0.667129),
(42, 40, 0.667129),
(42, 41, 0.667129),
(42, 42, 0.667129),
(42, 43, 0.667129),
(42, 44, 0.667129),
(42, 45, 0.667129),
(42, 46, 0.667129),
(42, 47, 0.667129),
(42, 48, 0.667129),
(42, 49, 0.667129),
(42, 50, 0.667129),
(43, 1, 0.667129),
(43, 2, 0.667129),
(43, 3, 0.667129),
(43, 4, 0.667129),
(43, 5, 0.667129),
(43, 6, 0.667129),
(43, 7, 0.667129),
(43, 8, 0.667129),
(43, 9, 0.667129),
(43, 10, 0.667129),
(43, 11, 0.667129),
(43, 12, 0.667129),
(43, 13, 0.667129),
(43, 14, 0.667129),
(43, 15, 0.667129),
(43, 16, 0.667129),
(43, 17, 0.667129),
(43, 18, 0.667129),
(43, 19, 0.667129),
(43, 20, 0.667129),
(43, 21, 0.667129),
(43, 22, 0.667129),
(43, 23, 0.667129),
(43, 24, 0.667129),
(43, 25, 0.667129),
(43, 26, 0.667129),
(43, 27, 0.667129),
(43, 28, 0.667129),
(43, 29, 0.667129),
(43, 30, 0.667129),
(43, 31, 0.667129),
(43, 32, 0.667129),
(43, 33, 0.667129),
(43, 34, 0.667129),
(43, 35, 0.667129),
(43, 36, 0.667129),
(43, 37, 0.667129),
(43, 38, 0.667129),
(43, 39, 0.667129),
(43, 40, 0.667129),
(43, 41, 0.667129),
(43, 42, 0.667129),
(43, 43, 0.667129),
(43, 44, 0.667129),
(43, 45, 0.667129),
(43, 46, 0.667129),
(43, 47, 0.667129),
(43, 48, 0.667129),
(43, 49, 0.667129),
(43, 50, 0.667129),
(44, 1, 0.667129),
(44, 2, 0.667129),
(44, 3, 0.667129),
(44, 4, 0.667129),
(44, 5, 0.667129),
(44, 6, 0.667129),
(44, 7, 0.667129),
(44, 8, 0.667129),
(44, 9, 0.667129),
(44, 10, 0.667129),
(44, 11, 0.667129),
(44, 12, 0.667129),
(44, 13, 0.667129),
(44, 14, 0.667129),
(44, 15, 0.667129),
(44, 16, 0.667129),
(44, 17, 0.667129),
(44, 18, 0.667129),
(44, 19, 0.667129),
(44, 20, 0.667129),
(44, 21, 0.667129),
(44, 22, 0.667129),
(44, 23, 0.667129),
(44, 24, 0.667129),
(44, 25, 0.667129),
(44, 26, 0.667129),
(44, 27, 0.667129),
(44, 28, 0.667129),
(44, 29, 0.667129),
(44, 30, 0.667129),
(44, 31, 0.667129),
(44, 32, 0.667129),
(44, 33, 0.667129),
(44, 34, 0.667129),
(44, 35, 0.667129),
(44, 36, 0.667129),
(44, 37, 0.667129),
(44, 38, 0.667129),
(44, 39, 0.667129),
(44, 40, 0.667129),
(44, 41, 0.667129),
(44, 42, 0.667129),
(44, 43, 0.667129),
(44, 44, 0.667129),
(44, 45, 0.667129),
(44, 46, 0.667129),
(44, 47, 0.667129),
(44, 48, 0.667129),
(44, 49, 0.667129),
(44, 50, 0.667129),
(45, 1, 0.667129),
(45, 2, 0.667129),
(45, 3, 0.667129),
(45, 4, 0.667129),
(45, 5, 0.667129),
(45, 6, 0.667129),
(45, 7, 0.667129),
(45, 8, 0.667129),
(45, 9, 0.667129),
(45, 10, 0.667129),
(45, 11, 0.667129),
(45, 12, 0.667129),
(45, 13, 0.667129),
(45, 14, 0.667129),
(45, 15, 0.667129),
(45, 16, 0.667129),
(45, 17, 0.667129),
(45, 18, 0.667129),
(45, 19, 0.667129),
(45, 20, 0.667129),
(45, 21, 0.667129),
(45, 22, 0.667129),
(45, 23, 0.667129),
(45, 24, 0.667129),
(45, 25, 0.667129),
(45, 26, 0.667129),
(45, 27, 0.667129),
(45, 28, 0.667129),
(45, 29, 0.667129),
(45, 30, 0.667129),
(45, 31, 0.667129),
(45, 32, 0.667129),
(45, 33, 0.667129),
(45, 34, 0.667129),
(45, 35, 0.667129),
(45, 36, 0.667129),
(45, 37, 0.667129),
(45, 38, 0.667129),
(45, 39, 0.667129),
(45, 40, 0.667129),
(45, 41, 0.667129),
(45, 42, 0.667129),
(45, 43, 0.667129),
(45, 44, 0.667129),
(45, 45, 0.667129),
(45, 46, 0.667129),
(45, 47, 0.667129),
(45, 48, 0.667129),
(45, 49, 0.667129),
(45, 50, 0.667129),
(46, 1, 0.667129),
(46, 2, 0.667129),
(46, 3, 0.667129),
(46, 4, 0.667129),
(46, 5, 0.667129),
(46, 6, 0.667129),
(46, 7, 0.667129),
(46, 8, 0.667129),
(46, 9, 0.667129),
(46, 10, 0.667129),
(46, 11, 0.667129),
(46, 12, 0.667129),
(46, 13, 0.667129),
(46, 14, 0.667129),
(46, 15, 0.667129),
(46, 16, 0.667129),
(46, 17, 0.667129),
(46, 18, 0.667129),
(46, 19, 0.667129),
(46, 20, 0.667129),
(46, 21, 0.667129),
(46, 22, 0.667129),
(46, 23, 0.667129),
(46, 24, 0.667129),
(46, 25, 0.667129),
(46, 26, 0.667129),
(46, 27, 0.667129),
(46, 28, 0.667129),
(46, 29, 0.667129),
(46, 30, 0.667129),
(46, 31, 0.667129),
(46, 32, 0.667129),
(46, 33, 0.667129),
(46, 34, 0.667129),
(46, 35, 0.667129),
(46, 36, 0.667129),
(46, 37, 0.667129),
(46, 38, 0.667129),
(46, 39, 0.667129),
(46, 40, 0.667129),
(46, 41, 0.667129),
(46, 42, 0.667129),
(46, 43, 0.667129),
(46, 44, 0.667129),
(46, 45, 0.667129),
(46, 46, 0.667129),
(46, 47, 0.667129),
(46, 48, 0.667129),
(46, 49, 0.667129),
(46, 50, 0.667129),
(47, 1, 0.667129),
(47, 2, 0.667129),
(47, 3, 0.667129),
(47, 4, 0.667129),
(47, 5, 0.667129),
(47, 6, 0.667129),
(47, 7, 0.667129),
(47, 8, 0.667129),
(47, 9, 0.667129),
(47, 10, 0.667129),
(47, 11, 0.667129),
(47, 12, 0.667129),
(47, 13, 0.667129),
(47, 14, 0.667129),
(47, 15, 0.667129),
(47, 16, 0.667129),
(47, 17, 0.667129),
(47, 18, 0.667129),
(47, 19, 0.667129),
(47, 20, 0.667129),
(47, 21, 0.667129),
(47, 22, 0.667129),
(47, 23, 0.667129),
(47, 24, 0.667129),
(47, 25, 0.667129),
(47, 26, 0.667129),
(47, 27, 0.667129),
(47, 28, 0.667129),
(47, 29, 0.667129),
(47, 30, 0.667129),
(47, 31, 0.667129),
(47, 32, 0.667129),
(47, 33, 0.667129),
(47, 34, 0.667129),
(47, 35, 0.667129),
(47, 36, 0.667129),
(47, 37, 0.667129),
(47, 38, 0.667129),
(47, 39, 0.667129),
(47, 40, 0.667129),
(47, 41, 0.667129),
(47, 42, 0.667129),
(47, 43, 0.667129),
(47, 44, 0.667129),
(47, 45, 0.667129),
(47, 46, 0.667129),
(47, 47, 0.667129),
(47, 48, 0.667129),
(47, 49, 0.667129),
(47, 50, 0.667129),
(48, 1, 0.667129),
(48, 2, 0.667129),
(48, 3, 0.667129),
(48, 4, 0.667129),
(48, 5, 0.667129),
(48, 6, 0.667129),
(48, 7, 0.667129),
(48, 8, 0.667129),
(48, 9, 0.667129),
(48, 10, 0.667129),
(48, 11, 0.667129),
(48, 12, 0.667129),
(48, 13, 0.667129),
(48, 14, 0.667129),
(48, 15, 0.667129),
(48, 16, 0.667129),
(48, 17, 0.667129),
(48, 18, 0.667129),
(48, 19, 0.667129),
(48, 20, 0.667129),
(48, 21, 0.667129),
(48, 22, 0.667129),
(48, 23, 0.667129),
(48, 24, 0.667129),
(48, 25, 0.667129),
(48, 26, 0.667129),
(48, 27, 0.667129),
(48, 28, 0.667129),
(48, 29, 0.667129),
(48, 30, 0.667129),
(48, 31, 0.667129),
(48, 32, 0.667129),
(48, 33, 0.667129),
(48, 34, 0.667129),
(48, 35, 0.667129),
(48, 36, 0.667129),
(48, 37, 0.667129),
(48, 38, 0.667129),
(48, 39, 0.667129),
(48, 40, 0.667129),
(48, 41, 0.667129),
(48, 42, 0.667129),
(48, 43, 0.667129),
(48, 44, 0.667129),
(48, 45, 0.667129),
(48, 46, 0.667129),
(48, 47, 0.667129),
(48, 48, 0.667129),
(48, 49, 0.667129),
(48, 50, 0.667129),
(49, 1, 0.667129),
(49, 2, 0.667129),
(49, 3, 0.667129),
(49, 4, 0.667129),
(49, 5, 0.667129),
(49, 6, 0.667129),
(49, 7, 0.667129),
(49, 8, 0.667129),
(49, 9, 0.667129),
(49, 10, 0.667129),
(49, 11, 0.667129),
(49, 12, 0.667129),
(49, 13, 0.667129),
(49, 14, 0.667129),
(49, 15, 0.667129),
(49, 16, 0.667129),
(49, 17, 0.667129),
(49, 18, 0.667129),
(49, 19, 0.667129),
(49, 20, 0.667129),
(49, 21, 0.667129),
(49, 22, 0.667129),
(49, 23, 0.667129),
(49, 24, 0.667129),
(49, 25, 0.667129),
(49, 26, 0.667129),
(49, 27, 0.667129),
(49, 28, 0.667129),
(49, 29, 0.667129),
(49, 30, 0.667129),
(49, 31, 0.667129),
(49, 32, 0.667129),
(49, 33, 0.667129),
(49, 34, 0.667129),
(49, 35, 0.667129),
(49, 36, 0.667129),
(49, 37, 0.667129),
(49, 38, 0.667129),
(49, 39, 0.667129),
(49, 40, 0.667129),
(49, 41, 0.667129),
(49, 42, 0.667129),
(49, 43, 0.667129),
(49, 44, 0.667129),
(49, 45, 0.667129),
(49, 46, 0.667129),
(49, 47, 0.667129),
(49, 48, 0.667129),
(49, 49, 0.667129),
(49, 50, 0.667129),
(50, 1, 0.667129),
(50, 2, 0.667129),
(50, 3, 0.667129),
(50, 4, 0.667129),
(50, 5, 0.667129),
(50, 6, 0.667129),
(50, 7, 0.667129),
(50, 8, 0.667129),
(50, 9, 0.667129),
(50, 10, 0.667129),
(50, 11, 0.667129),
(50, 12, 0.667129),
(50, 13, 0.667129),
(50, 14, 0.667129),
(50, 15, 0.667129),
(50, 16, 0.667129),
(50, 17, 0.667129),
(50, 18, 0.667129),
(50, 19, 0.667129),
(50, 20, 0.667129),
(50, 21, 0.667129),
(50, 22, 0.667129),
(50, 23, 0.667129),
(50, 24, 0.667129),
(50, 25, 0.667129),
(50, 26, 0.667129),
(50, 27, 0.667129),
(50, 28, 0.667129),
(50, 29, 0.667129),
(50, 30, 0.667129),
(50, 31, 0.667129),
(50, 32, 0.667129),
(50, 33, 0.667129),
(50, 34, 0.667129),
(50, 35, 0.667129),
(50, 36, 0.667129),
(50, 37, 0.667129),
(50, 38, 0.667129),
(50, 39, 0.667129),
(50, 40, 0.667129),
(50, 41, 0.667129),
(50, 42, 0.667129),
(50, 43, 0.667129),
(50, 44, 0.667129),
(50, 45, 0.667129),
(50, 46, 0.667129),
(50, 47, 0.667129),
(50, 48, 0.667129),
(50, 49, 0.667129),
(50, 50, 0.667129)
;
INSERT INTO P2 (v0, p) VALUES
(1, 0.776870),
(2, 0.776870),
(3, 0.776870),
(4, 0.776870),
(5, 0.776870),
(6, 0.776870),
(7, 0.776870),
(8, 0.776870),
(9, 0.776870),
(10, 0.776870),
(11, 0.776870),
(12, 0.776870),
(13, 0.776870),
(14, 0.776870),
(15, 0.776870),
(16, 0.776870),
(17, 0.776870),
(18, 0.776870),
(19, 0.776870),
(20, 0.776870),
(21, 0.776870),
(22, 0.776870),
(23, 0.776870),
(24, 0.776870),
(25, 0.776870),
(26, 0.776870),
(27, 0.776870),
(28, 0.776870),
(29, 0.776870),
(30, 0.776870),
(31, 0.776870),
(32, 0.776870),
(33, 0.776870),
(34, 0.776870),
(35, 0.776870),
(36, 0.776870),
(37, 0.776870),
(38, 0.776870),
(39, 0.776870),
(40, 0.776870),
(41, 0.776870),
(42, 0.776870),
(43, 0.776870),
(44, 0.776870),
(45, 0.776870),
(46, 0.776870),
(47, 0.776870),
(48, 0.776870),
(49, 0.776870),
(50, 0.776870)
;
INSERT INTO P3 (v0, v1, p) VALUES
(1, 1, 0.667129),
(1, 2, 0.667129),
(1, 3, 0.667129),
(1, 4, 0.667129),
(1, 5, 0.667129),
(1, 6, 0.667129),
(1, 7, 0.667129),
(1, 8, 0.667129),
(1, 9, 0.667129),
(1, 10, 0.667129),
(1, 11, 0.667129),
(1, 12, 0.667129),
(1, 13, 0.667129),
(1, 14, 0.667129),
(1, 15, 0.667129),
(1, 16, 0.667129),
(1, 17, 0.667129),
(1, 18, 0.667129),
(1, 19, 0.667129),
(1, 20, 0.667129),
(1, 21, 0.667129),
(1, 22, 0.667129),
(1, 23, 0.667129),
(1, 24, 0.667129),
(1, 25, 0.667129),
(1, 26, 0.667129),
(1, 27, 0.667129),
(1, 28, 0.667129),
(1, 29, 0.667129),
(1, 30, 0.667129),
(1, 31, 0.667129),
(1, 32, 0.667129),
(1, 33, 0.667129),
(1, 34, 0.667129),
(1, 35, 0.667129),
(1, 36, 0.667129),
(1, 37, 0.667129),
(1, 38, 0.667129),
(1, 39, 0.667129),
(1, 40, 0.667129),
(1, 41, 0.667129),
(1, 42, 0.667129),
(1, 43, 0.667129),
(1, 44, 0.667129),
(1, 45, 0.667129),
(1, 46, 0.667129),
(1, 47, 0.667129),
(1, 48, 0.667129),
(1, 49, 0.667129),
(1, 50, 0.667129),
(2, 1, 0.667129),
(2, 2, 0.667129),
(2, 3, 0.667129),
(2, 4, 0.667129),
(2, 5, 0.667129),
(2, 6, 0.667129),
(2, 7, 0.667129),
(2, 8, 0.667129),
(2, 9, 0.667129),
(2, 10, 0.667129),
(2, 11, 0.667129),
(2, 12, 0.667129),
(2, 13, 0.667129),
(2, 14, 0.667129),
(2, 15, 0.667129),
(2, 16, 0.667129),
(2, 17, 0.667129),
(2, 18, 0.667129),
(2, 19, 0.667129),
(2, 20, 0.667129),
(2, 21, 0.667129),
(2, 22, 0.667129),
(2, 23, 0.667129),
(2, 24, 0.667129),
(2, 25, 0.667129),
(2, 26, 0.667129),
(2, 27, 0.667129),
(2, 28, 0.667129),
(2, 29, 0.667129),
(2, 30, 0.667129),
(2, 31, 0.667129),
(2, 32, 0.667129),
(2, 33, 0.667129),
(2, 34, 0.667129),
(2, 35, 0.667129),
(2, 36, 0.667129),
(2, 37, 0.667129),
(2, 38, 0.667129),
(2, 39, 0.667129),
(2, 40, 0.667129),
(2, 41, 0.667129),
(2, 42, 0.667129),
(2, 43, 0.667129),
(2, 44, 0.667129),
(2, 45, 0.667129),
(2, 46, 0.667129),
(2, 47, 0.667129),
(2, 48, 0.667129),
(2, 49, 0.667129),
(2, 50, 0.667129),
(3, 1, 0.667129),
(3, 2, 0.667129),
(3, 3, 0.667129),
(3, 4, 0.667129),
(3, 5, 0.667129),
(3, 6, 0.667129),
(3, 7, 0.667129),
(3, 8, 0.667129),
(3, 9, 0.667129),
(3, 10, 0.667129),
(3, 11, 0.667129),
(3, 12, 0.667129),
(3, 13, 0.667129),
(3, 14, 0.667129),
(3, 15, 0.667129),
(3, 16, 0.667129),
(3, 17, 0.667129),
(3, 18, 0.667129),
(3, 19, 0.667129),
(3, 20, 0.667129),
(3, 21, 0.667129),
(3, 22, 0.667129),
(3, 23, 0.667129),
(3, 24, 0.667129),
(3, 25, 0.667129),
(3, 26, 0.667129),
(3, 27, 0.667129),
(3, 28, 0.667129),
(3, 29, 0.667129),
(3, 30, 0.667129),
(3, 31, 0.667129),
(3, 32, 0.667129),
(3, 33, 0.667129),
(3, 34, 0.667129),
(3, 35, 0.667129),
(3, 36, 0.667129),
(3, 37, 0.667129),
(3, 38, 0.667129),
(3, 39, 0.667129),
(3, 40, 0.667129),
(3, 41, 0.667129),
(3, 42, 0.667129),
(3, 43, 0.667129),
(3, 44, 0.667129),
(3, 45, 0.667129),
(3, 46, 0.667129),
(3, 47, 0.667129),
(3, 48, 0.667129),
(3, 49, 0.667129),
(3, 50, 0.667129),
(4, 1, 0.667129),
(4, 2, 0.667129),
(4, 3, 0.667129),
(4, 4, 0.667129),
(4, 5, 0.667129),
(4, 6, 0.667129),
(4, 7, 0.667129),
(4, 8, 0.667129),
(4, 9, 0.667129),
(4, 10, 0.667129),
(4, 11, 0.667129),
(4, 12, 0.667129),
(4, 13, 0.667129),
(4, 14, 0.667129),
(4, 15, 0.667129),
(4, 16, 0.667129),
(4, 17, 0.667129),
(4, 18, 0.667129),
(4, 19, 0.667129),
(4, 20, 0.667129),
(4, 21, 0.667129),
(4, 22, 0.667129),
(4, 23, 0.667129),
(4, 24, 0.667129),
(4, 25, 0.667129),
(4, 26, 0.667129),
(4, 27, 0.667129),
(4, 28, 0.667129),
(4, 29, 0.667129),
(4, 30, 0.667129),
(4, 31, 0.667129),
(4, 32, 0.667129),
(4, 33, 0.667129),
(4, 34, 0.667129),
(4, 35, 0.667129),
(4, 36, 0.667129),
(4, 37, 0.667129),
(4, 38, 0.667129),
(4, 39, 0.667129),
(4, 40, 0.667129),
(4, 41, 0.667129),
(4, 42, 0.667129),
(4, 43, 0.667129),
(4, 44, 0.667129),
(4, 45, 0.667129),
(4, 46, 0.667129),
(4, 47, 0.667129),
(4, 48, 0.667129),
(4, 49, 0.667129),
(4, 50, 0.667129),
(5, 1, 0.667129),
(5, 2, 0.667129),
(5, 3, 0.667129),
(5, 4, 0.667129),
(5, 5, 0.667129),
(5, 6, 0.667129),
(5, 7, 0.667129),
(5, 8, 0.667129),
(5, 9, 0.667129),
(5, 10, 0.667129),
(5, 11, 0.667129),
(5, 12, 0.667129),
(5, 13, 0.667129),
(5, 14, 0.667129),
(5, 15, 0.667129),
(5, 16, 0.667129),
(5, 17, 0.667129),
(5, 18, 0.667129),
(5, 19, 0.667129),
(5, 20, 0.667129),
(5, 21, 0.667129),
(5, 22, 0.667129),
(5, 23, 0.667129),
(5, 24, 0.667129),
(5, 25, 0.667129),
(5, 26, 0.667129),
(5, 27, 0.667129),
(5, 28, 0.667129),
(5, 29, 0.667129),
(5, 30, 0.667129),
(5, 31, 0.667129),
(5, 32, 0.667129),
(5, 33, 0.667129),
(5, 34, 0.667129),
(5, 35, 0.667129),
(5, 36, 0.667129),
(5, 37, 0.667129),
(5, 38, 0.667129),
(5, 39, 0.667129),
(5, 40, 0.667129),
(5, 41, 0.667129),
(5, 42, 0.667129),
(5, 43, 0.667129),
(5, 44, 0.667129),
(5, 45, 0.667129),
(5, 46, 0.667129),
(5, 47, 0.667129),
(5, 48, 0.667129),
(5, 49, 0.667129),
(5, 50, 0.667129),
(6, 1, 0.667129),
(6, 2, 0.667129),
(6, 3, 0.667129),
(6, 4, 0.667129),
(6, 5, 0.667129),
(6, 6, 0.667129),
(6, 7, 0.667129),
(6, 8, 0.667129),
(6, 9, 0.667129),
(6, 10, 0.667129),
(6, 11, 0.667129),
(6, 12, 0.667129),
(6, 13, 0.667129),
(6, 14, 0.667129),
(6, 15, 0.667129),
(6, 16, 0.667129),
(6, 17, 0.667129),
(6, 18, 0.667129),
(6, 19, 0.667129),
(6, 20, 0.667129),
(6, 21, 0.667129),
(6, 22, 0.667129),
(6, 23, 0.667129),
(6, 24, 0.667129),
(6, 25, 0.667129),
(6, 26, 0.667129),
(6, 27, 0.667129),
(6, 28, 0.667129),
(6, 29, 0.667129),
(6, 30, 0.667129),
(6, 31, 0.667129),
(6, 32, 0.667129),
(6, 33, 0.667129),
(6, 34, 0.667129),
(6, 35, 0.667129),
(6, 36, 0.667129),
(6, 37, 0.667129),
(6, 38, 0.667129),
(6, 39, 0.667129),
(6, 40, 0.667129),
(6, 41, 0.667129),
(6, 42, 0.667129),
(6, 43, 0.667129),
(6, 44, 0.667129),
(6, 45, 0.667129),
(6, 46, 0.667129),
(6, 47, 0.667129),
(6, 48, 0.667129),
(6, 49, 0.667129),
(6, 50, 0.667129),
(7, 1, 0.667129),
(7, 2, 0.667129),
(7, 3, 0.667129),
(7, 4, 0.667129),
(7, 5, 0.667129),
(7, 6, 0.667129),
(7, 7, 0.667129),
(7, 8, 0.667129),
(7, 9, 0.667129),
(7, 10, 0.667129),
(7, 11, 0.667129),
(7, 12, 0.667129),
(7, 13, 0.667129),
(7, 14, 0.667129),
(7, 15, 0.667129),
(7, 16, 0.667129),
(7, 17, 0.667129),
(7, 18, 0.667129),
(7, 19, 0.667129),
(7, 20, 0.667129),
(7, 21, 0.667129),
(7, 22, 0.667129),
(7, 23, 0.667129),
(7, 24, 0.667129),
(7, 25, 0.667129),
(7, 26, 0.667129),
(7, 27, 0.667129),
(7, 28, 0.667129),
(7, 29, 0.667129),
(7, 30, 0.667129),
(7, 31, 0.667129),
(7, 32, 0.667129),
(7, 33, 0.667129),
(7, 34, 0.667129),
(7, 35, 0.667129),
(7, 36, 0.667129),
(7, 37, 0.667129),
(7, 38, 0.667129),
(7, 39, 0.667129),
(7, 40, 0.667129),
(7, 41, 0.667129),
(7, 42, 0.667129),
(7, 43, 0.667129),
(7, 44, 0.667129),
(7, 45, 0.667129),
(7, 46, 0.667129),
(7, 47, 0.667129),
(7, 48, 0.667129),
(7, 49, 0.667129),
(7, 50, 0.667129),
(8, 1, 0.667129),
(8, 2, 0.667129),
(8, 3, 0.667129),
(8, 4, 0.667129),
(8, 5, 0.667129),
(8, 6, 0.667129),
(8, 7, 0.667129),
(8, 8, 0.667129),
(8, 9, 0.667129),
(8, 10, 0.667129),
(8, 11, 0.667129),
(8, 12, 0.667129),
(8, 13, 0.667129),
(8, 14, 0.667129),
(8, 15, 0.667129),
(8, 16, 0.667129),
(8, 17, 0.667129),
(8, 18, 0.667129),
(8, 19, 0.667129),
(8, 20, 0.667129),
(8, 21, 0.667129),
(8, 22, 0.667129),
(8, 23, 0.667129),
(8, 24, 0.667129),
(8, 25, 0.667129),
(8, 26, 0.667129),
(8, 27, 0.667129),
(8, 28, 0.667129),
(8, 29, 0.667129),
(8, 30, 0.667129),
(8, 31, 0.667129),
(8, 32, 0.667129),
(8, 33, 0.667129),
(8, 34, 0.667129),
(8, 35, 0.667129),
(8, 36, 0.667129),
(8, 37, 0.667129),
(8, 38, 0.667129),
(8, 39, 0.667129),
(8, 40, 0.667129),
(8, 41, 0.667129),
(8, 42, 0.667129),
(8, 43, 0.667129),
(8, 44, 0.667129),
(8, 45, 0.667129),
(8, 46, 0.667129),
(8, 47, 0.667129),
(8, 48, 0.667129),
(8, 49, 0.667129),
(8, 50, 0.667129),
(9, 1, 0.667129),
(9, 2, 0.667129),
(9, 3, 0.667129),
(9, 4, 0.667129),
(9, 5, 0.667129),
(9, 6, 0.667129),
(9, 7, 0.667129),
(9, 8, 0.667129),
(9, 9, 0.667129),
(9, 10, 0.667129),
(9, 11, 0.667129),
(9, 12, 0.667129),
(9, 13, 0.667129),
(9, 14, 0.667129),
(9, 15, 0.667129),
(9, 16, 0.667129),
(9, 17, 0.667129),
(9, 18, 0.667129),
(9, 19, 0.667129),
(9, 20, 0.667129),
(9, 21, 0.667129),
(9, 22, 0.667129),
(9, 23, 0.667129),
(9, 24, 0.667129),
(9, 25, 0.667129),
(9, 26, 0.667129),
(9, 27, 0.667129),
(9, 28, 0.667129),
(9, 29, 0.667129),
(9, 30, 0.667129),
(9, 31, 0.667129),
(9, 32, 0.667129),
(9, 33, 0.667129),
(9, 34, 0.667129),
(9, 35, 0.667129),
(9, 36, 0.667129),
(9, 37, 0.667129),
(9, 38, 0.667129),
(9, 39, 0.667129),
(9, 40, 0.667129),
(9, 41, 0.667129),
(9, 42, 0.667129),
(9, 43, 0.667129),
(9, 44, 0.667129),
(9, 45, 0.667129),
(9, 46, 0.667129),
(9, 47, 0.667129),
(9, 48, 0.667129),
(9, 49, 0.667129),
(9, 50, 0.667129),
(10, 1, 0.667129),
(10, 2, 0.667129),
(10, 3, 0.667129),
(10, 4, 0.667129),
(10, 5, 0.667129),
(10, 6, 0.667129),
(10, 7, 0.667129),
(10, 8, 0.667129),
(10, 9, 0.667129),
(10, 10, 0.667129),
(10, 11, 0.667129),
(10, 12, 0.667129),
(10, 13, 0.667129),
(10, 14, 0.667129),
(10, 15, 0.667129),
(10, 16, 0.667129),
(10, 17, 0.667129),
(10, 18, 0.667129),
(10, 19, 0.667129),
(10, 20, 0.667129),
(10, 21, 0.667129),
(10, 22, 0.667129),
(10, 23, 0.667129),
(10, 24, 0.667129),
(10, 25, 0.667129),
(10, 26, 0.667129),
(10, 27, 0.667129),
(10, 28, 0.667129),
(10, 29, 0.667129),
(10, 30, 0.667129),
(10, 31, 0.667129),
(10, 32, 0.667129),
(10, 33, 0.667129),
(10, 34, 0.667129),
(10, 35, 0.667129),
(10, 36, 0.667129),
(10, 37, 0.667129),
(10, 38, 0.667129),
(10, 39, 0.667129),
(10, 40, 0.667129),
(10, 41, 0.667129),
(10, 42, 0.667129),
(10, 43, 0.667129),
(10, 44, 0.667129),
(10, 45, 0.667129),
(10, 46, 0.667129),
(10, 47, 0.667129),
(10, 48, 0.667129),
(10, 49, 0.667129),
(10, 50, 0.667129),
(11, 1, 0.667129),
(11, 2, 0.667129),
(11, 3, 0.667129),
(11, 4, 0.667129),
(11, 5, 0.667129),
(11, 6, 0.667129),
(11, 7, 0.667129),
(11, 8, 0.667129),
(11, 9, 0.667129),
(11, 10, 0.667129),
(11, 11, 0.667129),
(11, 12, 0.667129),
(11, 13, 0.667129),
(11, 14, 0.667129),
(11, 15, 0.667129),
(11, 16, 0.667129),
(11, 17, 0.667129),
(11, 18, 0.667129),
(11, 19, 0.667129),
(11, 20, 0.667129),
(11, 21, 0.667129),
(11, 22, 0.667129),
(11, 23, 0.667129),
(11, 24, 0.667129),
(11, 25, 0.667129),
(11, 26, 0.667129),
(11, 27, 0.667129),
(11, 28, 0.667129),
(11, 29, 0.667129),
(11, 30, 0.667129),
(11, 31, 0.667129),
(11, 32, 0.667129),
(11, 33, 0.667129),
(11, 34, 0.667129),
(11, 35, 0.667129),
(11, 36, 0.667129),
(11, 37, 0.667129),
(11, 38, 0.667129),
(11, 39, 0.667129),
(11, 40, 0.667129),
(11, 41, 0.667129),
(11, 42, 0.667129),
(11, 43, 0.667129),
(11, 44, 0.667129),
(11, 45, 0.667129),
(11, 46, 0.667129),
(11, 47, 0.667129),
(11, 48, 0.667129),
(11, 49, 0.667129),
(11, 50, 0.667129),
(12, 1, 0.667129),
(12, 2, 0.667129),
(12, 3, 0.667129),
(12, 4, 0.667129),
(12, 5, 0.667129),
(12, 6, 0.667129),
(12, 7, 0.667129),
(12, 8, 0.667129),
(12, 9, 0.667129),
(12, 10, 0.667129),
(12, 11, 0.667129),
(12, 12, 0.667129),
(12, 13, 0.667129),
(12, 14, 0.667129),
(12, 15, 0.667129),
(12, 16, 0.667129),
(12, 17, 0.667129),
(12, 18, 0.667129),
(12, 19, 0.667129),
(12, 20, 0.667129),
(12, 21, 0.667129),
(12, 22, 0.667129),
(12, 23, 0.667129),
(12, 24, 0.667129),
(12, 25, 0.667129),
(12, 26, 0.667129),
(12, 27, 0.667129),
(12, 28, 0.667129),
(12, 29, 0.667129),
(12, 30, 0.667129),
(12, 31, 0.667129),
(12, 32, 0.667129),
(12, 33, 0.667129),
(12, 34, 0.667129),
(12, 35, 0.667129),
(12, 36, 0.667129),
(12, 37, 0.667129),
(12, 38, 0.667129),
(12, 39, 0.667129),
(12, 40, 0.667129),
(12, 41, 0.667129),
(12, 42, 0.667129),
(12, 43, 0.667129),
(12, 44, 0.667129),
(12, 45, 0.667129),
(12, 46, 0.667129),
(12, 47, 0.667129),
(12, 48, 0.667129),
(12, 49, 0.667129),
(12, 50, 0.667129),
(13, 1, 0.667129),
(13, 2, 0.667129),
(13, 3, 0.667129),
(13, 4, 0.667129),
(13, 5, 0.667129),
(13, 6, 0.667129),
(13, 7, 0.667129),
(13, 8, 0.667129),
(13, 9, 0.667129),
(13, 10, 0.667129),
(13, 11, 0.667129),
(13, 12, 0.667129),
(13, 13, 0.667129),
(13, 14, 0.667129),
(13, 15, 0.667129),
(13, 16, 0.667129),
(13, 17, 0.667129),
(13, 18, 0.667129),
(13, 19, 0.667129),
(13, 20, 0.667129),
(13, 21, 0.667129),
(13, 22, 0.667129),
(13, 23, 0.667129),
(13, 24, 0.667129),
(13, 25, 0.667129),
(13, 26, 0.667129),
(13, 27, 0.667129),
(13, 28, 0.667129),
(13, 29, 0.667129),
(13, 30, 0.667129),
(13, 31, 0.667129),
(13, 32, 0.667129),
(13, 33, 0.667129),
(13, 34, 0.667129),
(13, 35, 0.667129),
(13, 36, 0.667129),
(13, 37, 0.667129),
(13, 38, 0.667129),
(13, 39, 0.667129),
(13, 40, 0.667129),
(13, 41, 0.667129),
(13, 42, 0.667129),
(13, 43, 0.667129),
(13, 44, 0.667129),
(13, 45, 0.667129),
(13, 46, 0.667129),
(13, 47, 0.667129),
(13, 48, 0.667129),
(13, 49, 0.667129),
(13, 50, 0.667129),
(14, 1, 0.667129),
(14, 2, 0.667129),
(14, 3, 0.667129),
(14, 4, 0.667129),
(14, 5, 0.667129),
(14, 6, 0.667129),
(14, 7, 0.667129),
(14, 8, 0.667129),
(14, 9, 0.667129),
(14, 10, 0.667129),
(14, 11, 0.667129),
(14, 12, 0.667129),
(14, 13, 0.667129),
(14, 14, 0.667129),
(14, 15, 0.667129),
(14, 16, 0.667129),
(14, 17, 0.667129),
(14, 18, 0.667129),
(14, 19, 0.667129),
(14, 20, 0.667129),
(14, 21, 0.667129),
(14, 22, 0.667129),
(14, 23, 0.667129),
(14, 24, 0.667129),
(14, 25, 0.667129),
(14, 26, 0.667129),
(14, 27, 0.667129),
(14, 28, 0.667129),
(14, 29, 0.667129),
(14, 30, 0.667129),
(14, 31, 0.667129),
(14, 32, 0.667129),
(14, 33, 0.667129),
(14, 34, 0.667129),
(14, 35, 0.667129),
(14, 36, 0.667129),
(14, 37, 0.667129),
(14, 38, 0.667129),
(14, 39, 0.667129),
(14, 40, 0.667129),
(14, 41, 0.667129),
(14, 42, 0.667129),
(14, 43, 0.667129),
(14, 44, 0.667129),
(14, 45, 0.667129),
(14, 46, 0.667129),
(14, 47, 0.667129),
(14, 48, 0.667129),
(14, 49, 0.667129),
(14, 50, 0.667129),
(15, 1, 0.667129),
(15, 2, 0.667129),
(15, 3, 0.667129),
(15, 4, 0.667129),
(15, 5, 0.667129),
(15, 6, 0.667129),
(15, 7, 0.667129),
(15, 8, 0.667129),
(15, 9, 0.667129),
(15, 10, 0.667129),
(15, 11, 0.667129),
(15, 12, 0.667129),
(15, 13, 0.667129),
(15, 14, 0.667129),
(15, 15, 0.667129),
(15, 16, 0.667129),
(15, 17, 0.667129),
(15, 18, 0.667129),
(15, 19, 0.667129),
(15, 20, 0.667129),
(15, 21, 0.667129),
(15, 22, 0.667129),
(15, 23, 0.667129),
(15, 24, 0.667129),
(15, 25, 0.667129),
(15, 26, 0.667129),
(15, 27, 0.667129),
(15, 28, 0.667129),
(15, 29, 0.667129),
(15, 30, 0.667129),
(15, 31, 0.667129),
(15, 32, 0.667129),
(15, 33, 0.667129),
(15, 34, 0.667129),
(15, 35, 0.667129),
(15, 36, 0.667129),
(15, 37, 0.667129),
(15, 38, 0.667129),
(15, 39, 0.667129),
(15, 40, 0.667129),
(15, 41, 0.667129),
(15, 42, 0.667129),
(15, 43, 0.667129),
(15, 44, 0.667129),
(15, 45, 0.667129),
(15, 46, 0.667129),
(15, 47, 0.667129),
(15, 48, 0.667129),
(15, 49, 0.667129),
(15, 50, 0.667129),
(16, 1, 0.667129),
(16, 2, 0.667129),
(16, 3, 0.667129),
(16, 4, 0.667129),
(16, 5, 0.667129),
(16, 6, 0.667129),
(16, 7, 0.667129),
(16, 8, 0.667129),
(16, 9, 0.667129),
(16, 10, 0.667129),
(16, 11, 0.667129),
(16, 12, 0.667129),
(16, 13, 0.667129),
(16, 14, 0.667129),
(16, 15, 0.667129),
(16, 16, 0.667129),
(16, 17, 0.667129),
(16, 18, 0.667129),
(16, 19, 0.667129),
(16, 20, 0.667129),
(16, 21, 0.667129),
(16, 22, 0.667129),
(16, 23, 0.667129),
(16, 24, 0.667129),
(16, 25, 0.667129),
(16, 26, 0.667129),
(16, 27, 0.667129),
(16, 28, 0.667129),
(16, 29, 0.667129),
(16, 30, 0.667129),
(16, 31, 0.667129),
(16, 32, 0.667129),
(16, 33, 0.667129),
(16, 34, 0.667129),
(16, 35, 0.667129),
(16, 36, 0.667129),
(16, 37, 0.667129),
(16, 38, 0.667129),
(16, 39, 0.667129),
(16, 40, 0.667129),
(16, 41, 0.667129),
(16, 42, 0.667129),
(16, 43, 0.667129),
(16, 44, 0.667129),
(16, 45, 0.667129),
(16, 46, 0.667129),
(16, 47, 0.667129),
(16, 48, 0.667129),
(16, 49, 0.667129),
(16, 50, 0.667129),
(17, 1, 0.667129),
(17, 2, 0.667129),
(17, 3, 0.667129),
(17, 4, 0.667129),
(17, 5, 0.667129),
(17, 6, 0.667129),
(17, 7, 0.667129),
(17, 8, 0.667129),
(17, 9, 0.667129),
(17, 10, 0.667129),
(17, 11, 0.667129),
(17, 12, 0.667129),
(17, 13, 0.667129),
(17, 14, 0.667129),
(17, 15, 0.667129),
(17, 16, 0.667129),
(17, 17, 0.667129),
(17, 18, 0.667129),
(17, 19, 0.667129),
(17, 20, 0.667129),
(17, 21, 0.667129),
(17, 22, 0.667129),
(17, 23, 0.667129),
(17, 24, 0.667129),
(17, 25, 0.667129),
(17, 26, 0.667129),
(17, 27, 0.667129),
(17, 28, 0.667129),
(17, 29, 0.667129),
(17, 30, 0.667129),
(17, 31, 0.667129),
(17, 32, 0.667129),
(17, 33, 0.667129),
(17, 34, 0.667129),
(17, 35, 0.667129),
(17, 36, 0.667129),
(17, 37, 0.667129),
(17, 38, 0.667129),
(17, 39, 0.667129),
(17, 40, 0.667129),
(17, 41, 0.667129),
(17, 42, 0.667129),
(17, 43, 0.667129),
(17, 44, 0.667129),
(17, 45, 0.667129),
(17, 46, 0.667129),
(17, 47, 0.667129),
(17, 48, 0.667129),
(17, 49, 0.667129),
(17, 50, 0.667129),
(18, 1, 0.667129),
(18, 2, 0.667129),
(18, 3, 0.667129),
(18, 4, 0.667129),
(18, 5, 0.667129),
(18, 6, 0.667129),
(18, 7, 0.667129),
(18, 8, 0.667129),
(18, 9, 0.667129),
(18, 10, 0.667129),
(18, 11, 0.667129),
(18, 12, 0.667129),
(18, 13, 0.667129),
(18, 14, 0.667129),
(18, 15, 0.667129),
(18, 16, 0.667129),
(18, 17, 0.667129),
(18, 18, 0.667129),
(18, 19, 0.667129),
(18, 20, 0.667129),
(18, 21, 0.667129),
(18, 22, 0.667129),
(18, 23, 0.667129),
(18, 24, 0.667129),
(18, 25, 0.667129),
(18, 26, 0.667129),
(18, 27, 0.667129),
(18, 28, 0.667129),
(18, 29, 0.667129),
(18, 30, 0.667129),
(18, 31, 0.667129),
(18, 32, 0.667129),
(18, 33, 0.667129),
(18, 34, 0.667129),
(18, 35, 0.667129),
(18, 36, 0.667129),
(18, 37, 0.667129),
(18, 38, 0.667129),
(18, 39, 0.667129),
(18, 40, 0.667129),
(18, 41, 0.667129),
(18, 42, 0.667129),
(18, 43, 0.667129),
(18, 44, 0.667129),
(18, 45, 0.667129),
(18, 46, 0.667129),
(18, 47, 0.667129),
(18, 48, 0.667129),
(18, 49, 0.667129),
(18, 50, 0.667129),
(19, 1, 0.667129),
(19, 2, 0.667129),
(19, 3, 0.667129),
(19, 4, 0.667129),
(19, 5, 0.667129),
(19, 6, 0.667129),
(19, 7, 0.667129),
(19, 8, 0.667129),
(19, 9, 0.667129),
(19, 10, 0.667129),
(19, 11, 0.667129),
(19, 12, 0.667129),
(19, 13, 0.667129),
(19, 14, 0.667129),
(19, 15, 0.667129),
(19, 16, 0.667129),
(19, 17, 0.667129),
(19, 18, 0.667129),
(19, 19, 0.667129),
(19, 20, 0.667129),
(19, 21, 0.667129),
(19, 22, 0.667129),
(19, 23, 0.667129),
(19, 24, 0.667129),
(19, 25, 0.667129),
(19, 26, 0.667129),
(19, 27, 0.667129),
(19, 28, 0.667129),
(19, 29, 0.667129),
(19, 30, 0.667129),
(19, 31, 0.667129),
(19, 32, 0.667129),
(19, 33, 0.667129),
(19, 34, 0.667129),
(19, 35, 0.667129),
(19, 36, 0.667129),
(19, 37, 0.667129),
(19, 38, 0.667129),
(19, 39, 0.667129),
(19, 40, 0.667129),
(19, 41, 0.667129),
(19, 42, 0.667129),
(19, 43, 0.667129),
(19, 44, 0.667129),
(19, 45, 0.667129),
(19, 46, 0.667129),
(19, 47, 0.667129),
(19, 48, 0.667129),
(19, 49, 0.667129),
(19, 50, 0.667129),
(20, 1, 0.667129),
(20, 2, 0.667129),
(20, 3, 0.667129),
(20, 4, 0.667129),
(20, 5, 0.667129),
(20, 6, 0.667129),
(20, 7, 0.667129),
(20, 8, 0.667129),
(20, 9, 0.667129),
(20, 10, 0.667129),
(20, 11, 0.667129),
(20, 12, 0.667129),
(20, 13, 0.667129),
(20, 14, 0.667129),
(20, 15, 0.667129),
(20, 16, 0.667129),
(20, 17, 0.667129),
(20, 18, 0.667129),
(20, 19, 0.667129),
(20, 20, 0.667129),
(20, 21, 0.667129),
(20, 22, 0.667129),
(20, 23, 0.667129),
(20, 24, 0.667129),
(20, 25, 0.667129),
(20, 26, 0.667129),
(20, 27, 0.667129),
(20, 28, 0.667129),
(20, 29, 0.667129),
(20, 30, 0.667129),
(20, 31, 0.667129),
(20, 32, 0.667129),
(20, 33, 0.667129),
(20, 34, 0.667129),
(20, 35, 0.667129),
(20, 36, 0.667129),
(20, 37, 0.667129),
(20, 38, 0.667129),
(20, 39, 0.667129),
(20, 40, 0.667129),
(20, 41, 0.667129),
(20, 42, 0.667129),
(20, 43, 0.667129),
(20, 44, 0.667129),
(20, 45, 0.667129),
(20, 46, 0.667129),
(20, 47, 0.667129),
(20, 48, 0.667129),
(20, 49, 0.667129),
(20, 50, 0.667129),
(21, 1, 0.667129),
(21, 2, 0.667129),
(21, 3, 0.667129),
(21, 4, 0.667129),
(21, 5, 0.667129),
(21, 6, 0.667129),
(21, 7, 0.667129),
(21, 8, 0.667129),
(21, 9, 0.667129),
(21, 10, 0.667129),
(21, 11, 0.667129),
(21, 12, 0.667129),
(21, 13, 0.667129),
(21, 14, 0.667129),
(21, 15, 0.667129),
(21, 16, 0.667129),
(21, 17, 0.667129),
(21, 18, 0.667129),
(21, 19, 0.667129),
(21, 20, 0.667129),
(21, 21, 0.667129),
(21, 22, 0.667129),
(21, 23, 0.667129),
(21, 24, 0.667129),
(21, 25, 0.667129),
(21, 26, 0.667129),
(21, 27, 0.667129),
(21, 28, 0.667129),
(21, 29, 0.667129),
(21, 30, 0.667129),
(21, 31, 0.667129),
(21, 32, 0.667129),
(21, 33, 0.667129),
(21, 34, 0.667129),
(21, 35, 0.667129),
(21, 36, 0.667129),
(21, 37, 0.667129),
(21, 38, 0.667129),
(21, 39, 0.667129),
(21, 40, 0.667129),
(21, 41, 0.667129),
(21, 42, 0.667129),
(21, 43, 0.667129),
(21, 44, 0.667129),
(21, 45, 0.667129),
(21, 46, 0.667129),
(21, 47, 0.667129),
(21, 48, 0.667129),
(21, 49, 0.667129),
(21, 50, 0.667129),
(22, 1, 0.667129),
(22, 2, 0.667129),
(22, 3, 0.667129),
(22, 4, 0.667129),
(22, 5, 0.667129),
(22, 6, 0.667129),
(22, 7, 0.667129),
(22, 8, 0.667129),
(22, 9, 0.667129),
(22, 10, 0.667129),
(22, 11, 0.667129),
(22, 12, 0.667129),
(22, 13, 0.667129),
(22, 14, 0.667129),
(22, 15, 0.667129),
(22, 16, 0.667129),
(22, 17, 0.667129),
(22, 18, 0.667129),
(22, 19, 0.667129),
(22, 20, 0.667129),
(22, 21, 0.667129),
(22, 22, 0.667129),
(22, 23, 0.667129),
(22, 24, 0.667129),
(22, 25, 0.667129),
(22, 26, 0.667129),
(22, 27, 0.667129),
(22, 28, 0.667129),
(22, 29, 0.667129),
(22, 30, 0.667129),
(22, 31, 0.667129),
(22, 32, 0.667129),
(22, 33, 0.667129),
(22, 34, 0.667129),
(22, 35, 0.667129),
(22, 36, 0.667129),
(22, 37, 0.667129),
(22, 38, 0.667129),
(22, 39, 0.667129),
(22, 40, 0.667129),
(22, 41, 0.667129),
(22, 42, 0.667129),
(22, 43, 0.667129),
(22, 44, 0.667129),
(22, 45, 0.667129),
(22, 46, 0.667129),
(22, 47, 0.667129),
(22, 48, 0.667129),
(22, 49, 0.667129),
(22, 50, 0.667129),
(23, 1, 0.667129),
(23, 2, 0.667129),
(23, 3, 0.667129),
(23, 4, 0.667129),
(23, 5, 0.667129),
(23, 6, 0.667129),
(23, 7, 0.667129),
(23, 8, 0.667129),
(23, 9, 0.667129),
(23, 10, 0.667129),
(23, 11, 0.667129),
(23, 12, 0.667129),
(23, 13, 0.667129),
(23, 14, 0.667129),
(23, 15, 0.667129),
(23, 16, 0.667129),
(23, 17, 0.667129),
(23, 18, 0.667129),
(23, 19, 0.667129),
(23, 20, 0.667129),
(23, 21, 0.667129),
(23, 22, 0.667129),
(23, 23, 0.667129),
(23, 24, 0.667129),
(23, 25, 0.667129),
(23, 26, 0.667129),
(23, 27, 0.667129),
(23, 28, 0.667129),
(23, 29, 0.667129),
(23, 30, 0.667129),
(23, 31, 0.667129),
(23, 32, 0.667129),
(23, 33, 0.667129),
(23, 34, 0.667129),
(23, 35, 0.667129),
(23, 36, 0.667129),
(23, 37, 0.667129),
(23, 38, 0.667129),
(23, 39, 0.667129),
(23, 40, 0.667129),
(23, 41, 0.667129),
(23, 42, 0.667129),
(23, 43, 0.667129),
(23, 44, 0.667129),
(23, 45, 0.667129),
(23, 46, 0.667129),
(23, 47, 0.667129),
(23, 48, 0.667129),
(23, 49, 0.667129),
(23, 50, 0.667129),
(24, 1, 0.667129),
(24, 2, 0.667129),
(24, 3, 0.667129),
(24, 4, 0.667129),
(24, 5, 0.667129),
(24, 6, 0.667129),
(24, 7, 0.667129),
(24, 8, 0.667129),
(24, 9, 0.667129),
(24, 10, 0.667129),
(24, 11, 0.667129),
(24, 12, 0.667129),
(24, 13, 0.667129),
(24, 14, 0.667129),
(24, 15, 0.667129),
(24, 16, 0.667129),
(24, 17, 0.667129),
(24, 18, 0.667129),
(24, 19, 0.667129),
(24, 20, 0.667129),
(24, 21, 0.667129),
(24, 22, 0.667129),
(24, 23, 0.667129),
(24, 24, 0.667129),
(24, 25, 0.667129),
(24, 26, 0.667129),
(24, 27, 0.667129),
(24, 28, 0.667129),
(24, 29, 0.667129),
(24, 30, 0.667129),
(24, 31, 0.667129),
(24, 32, 0.667129),
(24, 33, 0.667129),
(24, 34, 0.667129),
(24, 35, 0.667129),
(24, 36, 0.667129),
(24, 37, 0.667129),
(24, 38, 0.667129),
(24, 39, 0.667129),
(24, 40, 0.667129),
(24, 41, 0.667129),
(24, 42, 0.667129),
(24, 43, 0.667129),
(24, 44, 0.667129),
(24, 45, 0.667129),
(24, 46, 0.667129),
(24, 47, 0.667129),
(24, 48, 0.667129),
(24, 49, 0.667129),
(24, 50, 0.667129),
(25, 1, 0.667129),
(25, 2, 0.667129),
(25, 3, 0.667129),
(25, 4, 0.667129),
(25, 5, 0.667129),
(25, 6, 0.667129),
(25, 7, 0.667129),
(25, 8, 0.667129),
(25, 9, 0.667129),
(25, 10, 0.667129),
(25, 11, 0.667129),
(25, 12, 0.667129),
(25, 13, 0.667129),
(25, 14, 0.667129),
(25, 15, 0.667129),
(25, 16, 0.667129),
(25, 17, 0.667129),
(25, 18, 0.667129),
(25, 19, 0.667129),
(25, 20, 0.667129),
(25, 21, 0.667129),
(25, 22, 0.667129),
(25, 23, 0.667129),
(25, 24, 0.667129),
(25, 25, 0.667129),
(25, 26, 0.667129),
(25, 27, 0.667129),
(25, 28, 0.667129),
(25, 29, 0.667129),
(25, 30, 0.667129),
(25, 31, 0.667129),
(25, 32, 0.667129),
(25, 33, 0.667129),
(25, 34, 0.667129),
(25, 35, 0.667129),
(25, 36, 0.667129),
(25, 37, 0.667129),
(25, 38, 0.667129),
(25, 39, 0.667129),
(25, 40, 0.667129),
(25, 41, 0.667129),
(25, 42, 0.667129),
(25, 43, 0.667129),
(25, 44, 0.667129),
(25, 45, 0.667129),
(25, 46, 0.667129),
(25, 47, 0.667129),
(25, 48, 0.667129),
(25, 49, 0.667129),
(25, 50, 0.667129),
(26, 1, 0.667129),
(26, 2, 0.667129),
(26, 3, 0.667129),
(26, 4, 0.667129),
(26, 5, 0.667129),
(26, 6, 0.667129),
(26, 7, 0.667129),
(26, 8, 0.667129),
(26, 9, 0.667129),
(26, 10, 0.667129),
(26, 11, 0.667129),
(26, 12, 0.667129),
(26, 13, 0.667129),
(26, 14, 0.667129),
(26, 15, 0.667129),
(26, 16, 0.667129),
(26, 17, 0.667129),
(26, 18, 0.667129),
(26, 19, 0.667129),
(26, 20, 0.667129),
(26, 21, 0.667129),
(26, 22, 0.667129),
(26, 23, 0.667129),
(26, 24, 0.667129),
(26, 25, 0.667129),
(26, 26, 0.667129),
(26, 27, 0.667129),
(26, 28, 0.667129),
(26, 29, 0.667129),
(26, 30, 0.667129),
(26, 31, 0.667129),
(26, 32, 0.667129),
(26, 33, 0.667129),
(26, 34, 0.667129),
(26, 35, 0.667129),
(26, 36, 0.667129),
(26, 37, 0.667129),
(26, 38, 0.667129),
(26, 39, 0.667129),
(26, 40, 0.667129),
(26, 41, 0.667129),
(26, 42, 0.667129),
(26, 43, 0.667129),
(26, 44, 0.667129),
(26, 45, 0.667129),
(26, 46, 0.667129),
(26, 47, 0.667129),
(26, 48, 0.667129),
(26, 49, 0.667129),
(26, 50, 0.667129),
(27, 1, 0.667129),
(27, 2, 0.667129),
(27, 3, 0.667129),
(27, 4, 0.667129),
(27, 5, 0.667129),
(27, 6, 0.667129),
(27, 7, 0.667129),
(27, 8, 0.667129),
(27, 9, 0.667129),
(27, 10, 0.667129),
(27, 11, 0.667129),
(27, 12, 0.667129),
(27, 13, 0.667129),
(27, 14, 0.667129),
(27, 15, 0.667129),
(27, 16, 0.667129),
(27, 17, 0.667129),
(27, 18, 0.667129),
(27, 19, 0.667129),
(27, 20, 0.667129),
(27, 21, 0.667129),
(27, 22, 0.667129),
(27, 23, 0.667129),
(27, 24, 0.667129),
(27, 25, 0.667129),
(27, 26, 0.667129),
(27, 27, 0.667129),
(27, 28, 0.667129),
(27, 29, 0.667129),
(27, 30, 0.667129),
(27, 31, 0.667129),
(27, 32, 0.667129),
(27, 33, 0.667129),
(27, 34, 0.667129),
(27, 35, 0.667129),
(27, 36, 0.667129),
(27, 37, 0.667129),
(27, 38, 0.667129),
(27, 39, 0.667129),
(27, 40, 0.667129),
(27, 41, 0.667129),
(27, 42, 0.667129),
(27, 43, 0.667129),
(27, 44, 0.667129),
(27, 45, 0.667129),
(27, 46, 0.667129),
(27, 47, 0.667129),
(27, 48, 0.667129),
(27, 49, 0.667129),
(27, 50, 0.667129),
(28, 1, 0.667129),
(28, 2, 0.667129),
(28, 3, 0.667129),
(28, 4, 0.667129),
(28, 5, 0.667129),
(28, 6, 0.667129),
(28, 7, 0.667129),
(28, 8, 0.667129),
(28, 9, 0.667129),
(28, 10, 0.667129),
(28, 11, 0.667129),
(28, 12, 0.667129),
(28, 13, 0.667129),
(28, 14, 0.667129),
(28, 15, 0.667129),
(28, 16, 0.667129),
(28, 17, 0.667129),
(28, 18, 0.667129),
(28, 19, 0.667129),
(28, 20, 0.667129),
(28, 21, 0.667129),
(28, 22, 0.667129),
(28, 23, 0.667129),
(28, 24, 0.667129),
(28, 25, 0.667129),
(28, 26, 0.667129),
(28, 27, 0.667129),
(28, 28, 0.667129),
(28, 29, 0.667129),
(28, 30, 0.667129),
(28, 31, 0.667129),
(28, 32, 0.667129),
(28, 33, 0.667129),
(28, 34, 0.667129),
(28, 35, 0.667129),
(28, 36, 0.667129),
(28, 37, 0.667129),
(28, 38, 0.667129),
(28, 39, 0.667129),
(28, 40, 0.667129),
(28, 41, 0.667129),
(28, 42, 0.667129),
(28, 43, 0.667129),
(28, 44, 0.667129),
(28, 45, 0.667129),
(28, 46, 0.667129),
(28, 47, 0.667129),
(28, 48, 0.667129),
(28, 49, 0.667129),
(28, 50, 0.667129),
(29, 1, 0.667129),
(29, 2, 0.667129),
(29, 3, 0.667129),
(29, 4, 0.667129),
(29, 5, 0.667129),
(29, 6, 0.667129),
(29, 7, 0.667129),
(29, 8, 0.667129),
(29, 9, 0.667129),
(29, 10, 0.667129),
(29, 11, 0.667129),
(29, 12, 0.667129),
(29, 13, 0.667129),
(29, 14, 0.667129),
(29, 15, 0.667129),
(29, 16, 0.667129),
(29, 17, 0.667129),
(29, 18, 0.667129),
(29, 19, 0.667129),
(29, 20, 0.667129),
(29, 21, 0.667129),
(29, 22, 0.667129),
(29, 23, 0.667129),
(29, 24, 0.667129),
(29, 25, 0.667129),
(29, 26, 0.667129),
(29, 27, 0.667129),
(29, 28, 0.667129),
(29, 29, 0.667129),
(29, 30, 0.667129),
(29, 31, 0.667129),
(29, 32, 0.667129),
(29, 33, 0.667129),
(29, 34, 0.667129),
(29, 35, 0.667129),
(29, 36, 0.667129),
(29, 37, 0.667129),
(29, 38, 0.667129),
(29, 39, 0.667129),
(29, 40, 0.667129),
(29, 41, 0.667129),
(29, 42, 0.667129),
(29, 43, 0.667129),
(29, 44, 0.667129),
(29, 45, 0.667129),
(29, 46, 0.667129),
(29, 47, 0.667129),
(29, 48, 0.667129),
(29, 49, 0.667129),
(29, 50, 0.667129),
(30, 1, 0.667129),
(30, 2, 0.667129),
(30, 3, 0.667129),
(30, 4, 0.667129),
(30, 5, 0.667129),
(30, 6, 0.667129),
(30, 7, 0.667129),
(30, 8, 0.667129),
(30, 9, 0.667129),
(30, 10, 0.667129),
(30, 11, 0.667129),
(30, 12, 0.667129),
(30, 13, 0.667129),
(30, 14, 0.667129),
(30, 15, 0.667129),
(30, 16, 0.667129),
(30, 17, 0.667129),
(30, 18, 0.667129),
(30, 19, 0.667129),
(30, 20, 0.667129),
(30, 21, 0.667129),
(30, 22, 0.667129),
(30, 23, 0.667129),
(30, 24, 0.667129),
(30, 25, 0.667129),
(30, 26, 0.667129),
(30, 27, 0.667129),
(30, 28, 0.667129),
(30, 29, 0.667129),
(30, 30, 0.667129),
(30, 31, 0.667129),
(30, 32, 0.667129),
(30, 33, 0.667129),
(30, 34, 0.667129),
(30, 35, 0.667129),
(30, 36, 0.667129),
(30, 37, 0.667129),
(30, 38, 0.667129),
(30, 39, 0.667129),
(30, 40, 0.667129),
(30, 41, 0.667129),
(30, 42, 0.667129),
(30, 43, 0.667129),
(30, 44, 0.667129),
(30, 45, 0.667129),
(30, 46, 0.667129),
(30, 47, 0.667129),
(30, 48, 0.667129),
(30, 49, 0.667129),
(30, 50, 0.667129),
(31, 1, 0.667129),
(31, 2, 0.667129),
(31, 3, 0.667129),
(31, 4, 0.667129),
(31, 5, 0.667129),
(31, 6, 0.667129),
(31, 7, 0.667129),
(31, 8, 0.667129),
(31, 9, 0.667129),
(31, 10, 0.667129),
(31, 11, 0.667129),
(31, 12, 0.667129),
(31, 13, 0.667129),
(31, 14, 0.667129),
(31, 15, 0.667129),
(31, 16, 0.667129),
(31, 17, 0.667129),
(31, 18, 0.667129),
(31, 19, 0.667129),
(31, 20, 0.667129),
(31, 21, 0.667129),
(31, 22, 0.667129),
(31, 23, 0.667129),
(31, 24, 0.667129),
(31, 25, 0.667129),
(31, 26, 0.667129),
(31, 27, 0.667129),
(31, 28, 0.667129),
(31, 29, 0.667129),
(31, 30, 0.667129),
(31, 31, 0.667129),
(31, 32, 0.667129),
(31, 33, 0.667129),
(31, 34, 0.667129),
(31, 35, 0.667129),
(31, 36, 0.667129),
(31, 37, 0.667129),
(31, 38, 0.667129),
(31, 39, 0.667129),
(31, 40, 0.667129),
(31, 41, 0.667129),
(31, 42, 0.667129),
(31, 43, 0.667129),
(31, 44, 0.667129),
(31, 45, 0.667129),
(31, 46, 0.667129),
(31, 47, 0.667129),
(31, 48, 0.667129),
(31, 49, 0.667129),
(31, 50, 0.667129),
(32, 1, 0.667129),
(32, 2, 0.667129),
(32, 3, 0.667129),
(32, 4, 0.667129),
(32, 5, 0.667129),
(32, 6, 0.667129),
(32, 7, 0.667129),
(32, 8, 0.667129),
(32, 9, 0.667129),
(32, 10, 0.667129),
(32, 11, 0.667129),
(32, 12, 0.667129),
(32, 13, 0.667129),
(32, 14, 0.667129),
(32, 15, 0.667129),
(32, 16, 0.667129),
(32, 17, 0.667129),
(32, 18, 0.667129),
(32, 19, 0.667129),
(32, 20, 0.667129),
(32, 21, 0.667129),
(32, 22, 0.667129),
(32, 23, 0.667129),
(32, 24, 0.667129),
(32, 25, 0.667129),
(32, 26, 0.667129),
(32, 27, 0.667129),
(32, 28, 0.667129),
(32, 29, 0.667129),
(32, 30, 0.667129),
(32, 31, 0.667129),
(32, 32, 0.667129),
(32, 33, 0.667129),
(32, 34, 0.667129),
(32, 35, 0.667129),
(32, 36, 0.667129),
(32, 37, 0.667129),
(32, 38, 0.667129),
(32, 39, 0.667129),
(32, 40, 0.667129),
(32, 41, 0.667129),
(32, 42, 0.667129),
(32, 43, 0.667129),
(32, 44, 0.667129),
(32, 45, 0.667129),
(32, 46, 0.667129),
(32, 47, 0.667129),
(32, 48, 0.667129),
(32, 49, 0.667129),
(32, 50, 0.667129),
(33, 1, 0.667129),
(33, 2, 0.667129),
(33, 3, 0.667129),
(33, 4, 0.667129),
(33, 5, 0.667129),
(33, 6, 0.667129),
(33, 7, 0.667129),
(33, 8, 0.667129),
(33, 9, 0.667129),
(33, 10, 0.667129),
(33, 11, 0.667129),
(33, 12, 0.667129),
(33, 13, 0.667129),
(33, 14, 0.667129),
(33, 15, 0.667129),
(33, 16, 0.667129),
(33, 17, 0.667129),
(33, 18, 0.667129),
(33, 19, 0.667129),
(33, 20, 0.667129),
(33, 21, 0.667129),
(33, 22, 0.667129),
(33, 23, 0.667129),
(33, 24, 0.667129),
(33, 25, 0.667129),
(33, 26, 0.667129),
(33, 27, 0.667129),
(33, 28, 0.667129),
(33, 29, 0.667129),
(33, 30, 0.667129),
(33, 31, 0.667129),
(33, 32, 0.667129),
(33, 33, 0.667129),
(33, 34, 0.667129),
(33, 35, 0.667129),
(33, 36, 0.667129),
(33, 37, 0.667129),
(33, 38, 0.667129),
(33, 39, 0.667129),
(33, 40, 0.667129),
(33, 41, 0.667129),
(33, 42, 0.667129),
(33, 43, 0.667129),
(33, 44, 0.667129),
(33, 45, 0.667129),
(33, 46, 0.667129),
(33, 47, 0.667129),
(33, 48, 0.667129),
(33, 49, 0.667129),
(33, 50, 0.667129),
(34, 1, 0.667129),
(34, 2, 0.667129),
(34, 3, 0.667129),
(34, 4, 0.667129),
(34, 5, 0.667129),
(34, 6, 0.667129),
(34, 7, 0.667129),
(34, 8, 0.667129),
(34, 9, 0.667129),
(34, 10, 0.667129),
(34, 11, 0.667129),
(34, 12, 0.667129),
(34, 13, 0.667129),
(34, 14, 0.667129),
(34, 15, 0.667129),
(34, 16, 0.667129),
(34, 17, 0.667129),
(34, 18, 0.667129),
(34, 19, 0.667129),
(34, 20, 0.667129),
(34, 21, 0.667129),
(34, 22, 0.667129),
(34, 23, 0.667129),
(34, 24, 0.667129),
(34, 25, 0.667129),
(34, 26, 0.667129),
(34, 27, 0.667129),
(34, 28, 0.667129),
(34, 29, 0.667129),
(34, 30, 0.667129),
(34, 31, 0.667129),
(34, 32, 0.667129),
(34, 33, 0.667129),
(34, 34, 0.667129),
(34, 35, 0.667129),
(34, 36, 0.667129),
(34, 37, 0.667129),
(34, 38, 0.667129),
(34, 39, 0.667129),
(34, 40, 0.667129),
(34, 41, 0.667129),
(34, 42, 0.667129),
(34, 43, 0.667129),
(34, 44, 0.667129),
(34, 45, 0.667129),
(34, 46, 0.667129),
(34, 47, 0.667129),
(34, 48, 0.667129),
(34, 49, 0.667129),
(34, 50, 0.667129),
(35, 1, 0.667129),
(35, 2, 0.667129),
(35, 3, 0.667129),
(35, 4, 0.667129),
(35, 5, 0.667129),
(35, 6, 0.667129),
(35, 7, 0.667129),
(35, 8, 0.667129),
(35, 9, 0.667129),
(35, 10, 0.667129),
(35, 11, 0.667129),
(35, 12, 0.667129),
(35, 13, 0.667129),
(35, 14, 0.667129),
(35, 15, 0.667129),
(35, 16, 0.667129),
(35, 17, 0.667129),
(35, 18, 0.667129),
(35, 19, 0.667129),
(35, 20, 0.667129),
(35, 21, 0.667129),
(35, 22, 0.667129),
(35, 23, 0.667129),
(35, 24, 0.667129),
(35, 25, 0.667129),
(35, 26, 0.667129),
(35, 27, 0.667129),
(35, 28, 0.667129),
(35, 29, 0.667129),
(35, 30, 0.667129),
(35, 31, 0.667129),
(35, 32, 0.667129),
(35, 33, 0.667129),
(35, 34, 0.667129),
(35, 35, 0.667129),
(35, 36, 0.667129),
(35, 37, 0.667129),
(35, 38, 0.667129),
(35, 39, 0.667129),
(35, 40, 0.667129),
(35, 41, 0.667129),
(35, 42, 0.667129),
(35, 43, 0.667129),
(35, 44, 0.667129),
(35, 45, 0.667129),
(35, 46, 0.667129),
(35, 47, 0.667129),
(35, 48, 0.667129),
(35, 49, 0.667129),
(35, 50, 0.667129),
(36, 1, 0.667129),
(36, 2, 0.667129),
(36, 3, 0.667129),
(36, 4, 0.667129),
(36, 5, 0.667129),
(36, 6, 0.667129),
(36, 7, 0.667129),
(36, 8, 0.667129),
(36, 9, 0.667129),
(36, 10, 0.667129),
(36, 11, 0.667129),
(36, 12, 0.667129),
(36, 13, 0.667129),
(36, 14, 0.667129),
(36, 15, 0.667129),
(36, 16, 0.667129),
(36, 17, 0.667129),
(36, 18, 0.667129),
(36, 19, 0.667129),
(36, 20, 0.667129),
(36, 21, 0.667129),
(36, 22, 0.667129),
(36, 23, 0.667129),
(36, 24, 0.667129),
(36, 25, 0.667129),
(36, 26, 0.667129),
(36, 27, 0.667129),
(36, 28, 0.667129),
(36, 29, 0.667129),
(36, 30, 0.667129),
(36, 31, 0.667129),
(36, 32, 0.667129),
(36, 33, 0.667129),
(36, 34, 0.667129),
(36, 35, 0.667129),
(36, 36, 0.667129),
(36, 37, 0.667129),
(36, 38, 0.667129),
(36, 39, 0.667129),
(36, 40, 0.667129),
(36, 41, 0.667129),
(36, 42, 0.667129),
(36, 43, 0.667129),
(36, 44, 0.667129),
(36, 45, 0.667129),
(36, 46, 0.667129),
(36, 47, 0.667129),
(36, 48, 0.667129),
(36, 49, 0.667129),
(36, 50, 0.667129),
(37, 1, 0.667129),
(37, 2, 0.667129),
(37, 3, 0.667129),
(37, 4, 0.667129),
(37, 5, 0.667129),
(37, 6, 0.667129),
(37, 7, 0.667129),
(37, 8, 0.667129),
(37, 9, 0.667129),
(37, 10, 0.667129),
(37, 11, 0.667129),
(37, 12, 0.667129),
(37, 13, 0.667129),
(37, 14, 0.667129),
(37, 15, 0.667129),
(37, 16, 0.667129),
(37, 17, 0.667129),
(37, 18, 0.667129),
(37, 19, 0.667129),
(37, 20, 0.667129),
(37, 21, 0.667129),
(37, 22, 0.667129),
(37, 23, 0.667129),
(37, 24, 0.667129),
(37, 25, 0.667129),
(37, 26, 0.667129),
(37, 27, 0.667129),
(37, 28, 0.667129),
(37, 29, 0.667129),
(37, 30, 0.667129),
(37, 31, 0.667129),
(37, 32, 0.667129),
(37, 33, 0.667129),
(37, 34, 0.667129),
(37, 35, 0.667129),
(37, 36, 0.667129),
(37, 37, 0.667129),
(37, 38, 0.667129),
(37, 39, 0.667129),
(37, 40, 0.667129),
(37, 41, 0.667129),
(37, 42, 0.667129),
(37, 43, 0.667129),
(37, 44, 0.667129),
(37, 45, 0.667129),
(37, 46, 0.667129),
(37, 47, 0.667129),
(37, 48, 0.667129),
(37, 49, 0.667129),
(37, 50, 0.667129),
(38, 1, 0.667129),
(38, 2, 0.667129),
(38, 3, 0.667129),
(38, 4, 0.667129),
(38, 5, 0.667129),
(38, 6, 0.667129),
(38, 7, 0.667129),
(38, 8, 0.667129),
(38, 9, 0.667129),
(38, 10, 0.667129),
(38, 11, 0.667129),
(38, 12, 0.667129),
(38, 13, 0.667129),
(38, 14, 0.667129),
(38, 15, 0.667129),
(38, 16, 0.667129),
(38, 17, 0.667129),
(38, 18, 0.667129),
(38, 19, 0.667129),
(38, 20, 0.667129),
(38, 21, 0.667129),
(38, 22, 0.667129),
(38, 23, 0.667129),
(38, 24, 0.667129),
(38, 25, 0.667129),
(38, 26, 0.667129),
(38, 27, 0.667129),
(38, 28, 0.667129),
(38, 29, 0.667129),
(38, 30, 0.667129),
(38, 31, 0.667129),
(38, 32, 0.667129),
(38, 33, 0.667129),
(38, 34, 0.667129),
(38, 35, 0.667129),
(38, 36, 0.667129),
(38, 37, 0.667129),
(38, 38, 0.667129),
(38, 39, 0.667129),
(38, 40, 0.667129),
(38, 41, 0.667129),
(38, 42, 0.667129),
(38, 43, 0.667129),
(38, 44, 0.667129),
(38, 45, 0.667129),
(38, 46, 0.667129),
(38, 47, 0.667129),
(38, 48, 0.667129),
(38, 49, 0.667129),
(38, 50, 0.667129),
(39, 1, 0.667129),
(39, 2, 0.667129),
(39, 3, 0.667129),
(39, 4, 0.667129),
(39, 5, 0.667129),
(39, 6, 0.667129),
(39, 7, 0.667129),
(39, 8, 0.667129),
(39, 9, 0.667129),
(39, 10, 0.667129),
(39, 11, 0.667129),
(39, 12, 0.667129),
(39, 13, 0.667129),
(39, 14, 0.667129),
(39, 15, 0.667129),
(39, 16, 0.667129),
(39, 17, 0.667129),
(39, 18, 0.667129),
(39, 19, 0.667129),
(39, 20, 0.667129),
(39, 21, 0.667129),
(39, 22, 0.667129),
(39, 23, 0.667129),
(39, 24, 0.667129),
(39, 25, 0.667129),
(39, 26, 0.667129),
(39, 27, 0.667129),
(39, 28, 0.667129),
(39, 29, 0.667129),
(39, 30, 0.667129),
(39, 31, 0.667129),
(39, 32, 0.667129),
(39, 33, 0.667129),
(39, 34, 0.667129),
(39, 35, 0.667129),
(39, 36, 0.667129),
(39, 37, 0.667129),
(39, 38, 0.667129),
(39, 39, 0.667129),
(39, 40, 0.667129),
(39, 41, 0.667129),
(39, 42, 0.667129),
(39, 43, 0.667129),
(39, 44, 0.667129),
(39, 45, 0.667129),
(39, 46, 0.667129),
(39, 47, 0.667129),
(39, 48, 0.667129),
(39, 49, 0.667129),
(39, 50, 0.667129),
(40, 1, 0.667129),
(40, 2, 0.667129),
(40, 3, 0.667129),
(40, 4, 0.667129),
(40, 5, 0.667129),
(40, 6, 0.667129),
(40, 7, 0.667129),
(40, 8, 0.667129),
(40, 9, 0.667129),
(40, 10, 0.667129),
(40, 11, 0.667129),
(40, 12, 0.667129),
(40, 13, 0.667129),
(40, 14, 0.667129),
(40, 15, 0.667129),
(40, 16, 0.667129),
(40, 17, 0.667129),
(40, 18, 0.667129),
(40, 19, 0.667129),
(40, 20, 0.667129),
(40, 21, 0.667129),
(40, 22, 0.667129),
(40, 23, 0.667129),
(40, 24, 0.667129),
(40, 25, 0.667129),
(40, 26, 0.667129),
(40, 27, 0.667129),
(40, 28, 0.667129),
(40, 29, 0.667129),
(40, 30, 0.667129),
(40, 31, 0.667129),
(40, 32, 0.667129),
(40, 33, 0.667129),
(40, 34, 0.667129),
(40, 35, 0.667129),
(40, 36, 0.667129),
(40, 37, 0.667129),
(40, 38, 0.667129),
(40, 39, 0.667129),
(40, 40, 0.667129),
(40, 41, 0.667129),
(40, 42, 0.667129),
(40, 43, 0.667129),
(40, 44, 0.667129),
(40, 45, 0.667129),
(40, 46, 0.667129),
(40, 47, 0.667129),
(40, 48, 0.667129),
(40, 49, 0.667129),
(40, 50, 0.667129),
(41, 1, 0.667129),
(41, 2, 0.667129),
(41, 3, 0.667129),
(41, 4, 0.667129),
(41, 5, 0.667129),
(41, 6, 0.667129),
(41, 7, 0.667129),
(41, 8, 0.667129),
(41, 9, 0.667129),
(41, 10, 0.667129),
(41, 11, 0.667129),
(41, 12, 0.667129),
(41, 13, 0.667129),
(41, 14, 0.667129),
(41, 15, 0.667129),
(41, 16, 0.667129),
(41, 17, 0.667129),
(41, 18, 0.667129),
(41, 19, 0.667129),
(41, 20, 0.667129),
(41, 21, 0.667129),
(41, 22, 0.667129),
(41, 23, 0.667129),
(41, 24, 0.667129),
(41, 25, 0.667129),
(41, 26, 0.667129),
(41, 27, 0.667129),
(41, 28, 0.667129),
(41, 29, 0.667129),
(41, 30, 0.667129),
(41, 31, 0.667129),
(41, 32, 0.667129),
(41, 33, 0.667129),
(41, 34, 0.667129),
(41, 35, 0.667129),
(41, 36, 0.667129),
(41, 37, 0.667129),
(41, 38, 0.667129),
(41, 39, 0.667129),
(41, 40, 0.667129),
(41, 41, 0.667129),
(41, 42, 0.667129),
(41, 43, 0.667129),
(41, 44, 0.667129),
(41, 45, 0.667129),
(41, 46, 0.667129),
(41, 47, 0.667129),
(41, 48, 0.667129),
(41, 49, 0.667129),
(41, 50, 0.667129),
(42, 1, 0.667129),
(42, 2, 0.667129),
(42, 3, 0.667129),
(42, 4, 0.667129),
(42, 5, 0.667129),
(42, 6, 0.667129),
(42, 7, 0.667129),
(42, 8, 0.667129),
(42, 9, 0.667129),
(42, 10, 0.667129),
(42, 11, 0.667129),
(42, 12, 0.667129),
(42, 13, 0.667129),
(42, 14, 0.667129),
(42, 15, 0.667129),
(42, 16, 0.667129),
(42, 17, 0.667129),
(42, 18, 0.667129),
(42, 19, 0.667129),
(42, 20, 0.667129),
(42, 21, 0.667129),
(42, 22, 0.667129),
(42, 23, 0.667129),
(42, 24, 0.667129),
(42, 25, 0.667129),
(42, 26, 0.667129),
(42, 27, 0.667129),
(42, 28, 0.667129),
(42, 29, 0.667129),
(42, 30, 0.667129),
(42, 31, 0.667129),
(42, 32, 0.667129),
(42, 33, 0.667129),
(42, 34, 0.667129),
(42, 35, 0.667129),
(42, 36, 0.667129),
(42, 37, 0.667129),
(42, 38, 0.667129),
(42, 39, 0.667129),
(42, 40, 0.667129),
(42, 41, 0.667129),
(42, 42, 0.667129),
(42, 43, 0.667129),
(42, 44, 0.667129),
(42, 45, 0.667129),
(42, 46, 0.667129),
(42, 47, 0.667129),
(42, 48, 0.667129),
(42, 49, 0.667129),
(42, 50, 0.667129),
(43, 1, 0.667129),
(43, 2, 0.667129),
(43, 3, 0.667129),
(43, 4, 0.667129),
(43, 5, 0.667129),
(43, 6, 0.667129),
(43, 7, 0.667129),
(43, 8, 0.667129),
(43, 9, 0.667129),
(43, 10, 0.667129),
(43, 11, 0.667129),
(43, 12, 0.667129),
(43, 13, 0.667129),
(43, 14, 0.667129),
(43, 15, 0.667129),
(43, 16, 0.667129),
(43, 17, 0.667129),
(43, 18, 0.667129),
(43, 19, 0.667129),
(43, 20, 0.667129),
(43, 21, 0.667129),
(43, 22, 0.667129),
(43, 23, 0.667129),
(43, 24, 0.667129),
(43, 25, 0.667129),
(43, 26, 0.667129),
(43, 27, 0.667129),
(43, 28, 0.667129),
(43, 29, 0.667129),
(43, 30, 0.667129),
(43, 31, 0.667129),
(43, 32, 0.667129),
(43, 33, 0.667129),
(43, 34, 0.667129),
(43, 35, 0.667129),
(43, 36, 0.667129),
(43, 37, 0.667129),
(43, 38, 0.667129),
(43, 39, 0.667129),
(43, 40, 0.667129),
(43, 41, 0.667129),
(43, 42, 0.667129),
(43, 43, 0.667129),
(43, 44, 0.667129),
(43, 45, 0.667129),
(43, 46, 0.667129),
(43, 47, 0.667129),
(43, 48, 0.667129),
(43, 49, 0.667129),
(43, 50, 0.667129),
(44, 1, 0.667129),
(44, 2, 0.667129),
(44, 3, 0.667129),
(44, 4, 0.667129),
(44, 5, 0.667129),
(44, 6, 0.667129),
(44, 7, 0.667129),
(44, 8, 0.667129),
(44, 9, 0.667129),
(44, 10, 0.667129),
(44, 11, 0.667129),
(44, 12, 0.667129),
(44, 13, 0.667129),
(44, 14, 0.667129),
(44, 15, 0.667129),
(44, 16, 0.667129),
(44, 17, 0.667129),
(44, 18, 0.667129),
(44, 19, 0.667129),
(44, 20, 0.667129),
(44, 21, 0.667129),
(44, 22, 0.667129),
(44, 23, 0.667129),
(44, 24, 0.667129),
(44, 25, 0.667129),
(44, 26, 0.667129),
(44, 27, 0.667129),
(44, 28, 0.667129),
(44, 29, 0.667129),
(44, 30, 0.667129),
(44, 31, 0.667129),
(44, 32, 0.667129),
(44, 33, 0.667129),
(44, 34, 0.667129),
(44, 35, 0.667129),
(44, 36, 0.667129),
(44, 37, 0.667129),
(44, 38, 0.667129),
(44, 39, 0.667129),
(44, 40, 0.667129),
(44, 41, 0.667129),
(44, 42, 0.667129),
(44, 43, 0.667129),
(44, 44, 0.667129),
(44, 45, 0.667129),
(44, 46, 0.667129),
(44, 47, 0.667129),
(44, 48, 0.667129),
(44, 49, 0.667129),
(44, 50, 0.667129),
(45, 1, 0.667129),
(45, 2, 0.667129),
(45, 3, 0.667129),
(45, 4, 0.667129),
(45, 5, 0.667129),
(45, 6, 0.667129),
(45, 7, 0.667129),
(45, 8, 0.667129),
(45, 9, 0.667129),
(45, 10, 0.667129),
(45, 11, 0.667129),
(45, 12, 0.667129),
(45, 13, 0.667129),
(45, 14, 0.667129),
(45, 15, 0.667129),
(45, 16, 0.667129),
(45, 17, 0.667129),
(45, 18, 0.667129),
(45, 19, 0.667129),
(45, 20, 0.667129),
(45, 21, 0.667129),
(45, 22, 0.667129),
(45, 23, 0.667129),
(45, 24, 0.667129),
(45, 25, 0.667129),
(45, 26, 0.667129),
(45, 27, 0.667129),
(45, 28, 0.667129),
(45, 29, 0.667129),
(45, 30, 0.667129),
(45, 31, 0.667129),
(45, 32, 0.667129),
(45, 33, 0.667129),
(45, 34, 0.667129),
(45, 35, 0.667129),
(45, 36, 0.667129),
(45, 37, 0.667129),
(45, 38, 0.667129),
(45, 39, 0.667129),
(45, 40, 0.667129),
(45, 41, 0.667129),
(45, 42, 0.667129),
(45, 43, 0.667129),
(45, 44, 0.667129),
(45, 45, 0.667129),
(45, 46, 0.667129),
(45, 47, 0.667129),
(45, 48, 0.667129),
(45, 49, 0.667129),
(45, 50, 0.667129),
(46, 1, 0.667129),
(46, 2, 0.667129),
(46, 3, 0.667129),
(46, 4, 0.667129),
(46, 5, 0.667129),
(46, 6, 0.667129),
(46, 7, 0.667129),
(46, 8, 0.667129),
(46, 9, 0.667129),
(46, 10, 0.667129),
(46, 11, 0.667129),
(46, 12, 0.667129),
(46, 13, 0.667129),
(46, 14, 0.667129),
(46, 15, 0.667129),
(46, 16, 0.667129),
(46, 17, 0.667129),
(46, 18, 0.667129),
(46, 19, 0.667129),
(46, 20, 0.667129),
(46, 21, 0.667129),
(46, 22, 0.667129),
(46, 23, 0.667129),
(46, 24, 0.667129),
(46, 25, 0.667129),
(46, 26, 0.667129),
(46, 27, 0.667129),
(46, 28, 0.667129),
(46, 29, 0.667129),
(46, 30, 0.667129),
(46, 31, 0.667129),
(46, 32, 0.667129),
(46, 33, 0.667129),
(46, 34, 0.667129),
(46, 35, 0.667129),
(46, 36, 0.667129),
(46, 37, 0.667129),
(46, 38, 0.667129),
(46, 39, 0.667129),
(46, 40, 0.667129),
(46, 41, 0.667129),
(46, 42, 0.667129),
(46, 43, 0.667129),
(46, 44, 0.667129),
(46, 45, 0.667129),
(46, 46, 0.667129),
(46, 47, 0.667129),
(46, 48, 0.667129),
(46, 49, 0.667129),
(46, 50, 0.667129),
(47, 1, 0.667129),
(47, 2, 0.667129),
(47, 3, 0.667129),
(47, 4, 0.667129),
(47, 5, 0.667129),
(47, 6, 0.667129),
(47, 7, 0.667129),
(47, 8, 0.667129),
(47, 9, 0.667129),
(47, 10, 0.667129),
(47, 11, 0.667129),
(47, 12, 0.667129),
(47, 13, 0.667129),
(47, 14, 0.667129),
(47, 15, 0.667129),
(47, 16, 0.667129),
(47, 17, 0.667129),
(47, 18, 0.667129),
(47, 19, 0.667129),
(47, 20, 0.667129),
(47, 21, 0.667129),
(47, 22, 0.667129),
(47, 23, 0.667129),
(47, 24, 0.667129),
(47, 25, 0.667129),
(47, 26, 0.667129),
(47, 27, 0.667129),
(47, 28, 0.667129),
(47, 29, 0.667129),
(47, 30, 0.667129),
(47, 31, 0.667129),
(47, 32, 0.667129),
(47, 33, 0.667129),
(47, 34, 0.667129),
(47, 35, 0.667129),
(47, 36, 0.667129),
(47, 37, 0.667129),
(47, 38, 0.667129),
(47, 39, 0.667129),
(47, 40, 0.667129),
(47, 41, 0.667129),
(47, 42, 0.667129),
(47, 43, 0.667129),
(47, 44, 0.667129),
(47, 45, 0.667129),
(47, 46, 0.667129),
(47, 47, 0.667129),
(47, 48, 0.667129),
(47, 49, 0.667129),
(47, 50, 0.667129),
(48, 1, 0.667129),
(48, 2, 0.667129),
(48, 3, 0.667129),
(48, 4, 0.667129),
(48, 5, 0.667129),
(48, 6, 0.667129),
(48, 7, 0.667129),
(48, 8, 0.667129),
(48, 9, 0.667129),
(48, 10, 0.667129),
(48, 11, 0.667129),
(48, 12, 0.667129),
(48, 13, 0.667129),
(48, 14, 0.667129),
(48, 15, 0.667129),
(48, 16, 0.667129),
(48, 17, 0.667129),
(48, 18, 0.667129),
(48, 19, 0.667129),
(48, 20, 0.667129),
(48, 21, 0.667129),
(48, 22, 0.667129),
(48, 23, 0.667129),
(48, 24, 0.667129),
(48, 25, 0.667129),
(48, 26, 0.667129),
(48, 27, 0.667129),
(48, 28, 0.667129),
(48, 29, 0.667129),
(48, 30, 0.667129),
(48, 31, 0.667129),
(48, 32, 0.667129),
(48, 33, 0.667129),
(48, 34, 0.667129),
(48, 35, 0.667129),
(48, 36, 0.667129),
(48, 37, 0.667129),
(48, 38, 0.667129),
(48, 39, 0.667129),
(48, 40, 0.667129),
(48, 41, 0.667129),
(48, 42, 0.667129),
(48, 43, 0.667129),
(48, 44, 0.667129),
(48, 45, 0.667129),
(48, 46, 0.667129),
(48, 47, 0.667129),
(48, 48, 0.667129),
(48, 49, 0.667129),
(48, 50, 0.667129),
(49, 1, 0.667129),
(49, 2, 0.667129),
(49, 3, 0.667129),
(49, 4, 0.667129),
(49, 5, 0.667129),
(49, 6, 0.667129),
(49, 7, 0.667129),
(49, 8, 0.667129),
(49, 9, 0.667129),
(49, 10, 0.667129),
(49, 11, 0.667129),
(49, 12, 0.667129),
(49, 13, 0.667129),
(49, 14, 0.667129),
(49, 15, 0.667129),
(49, 16, 0.667129),
(49, 17, 0.667129),
(49, 18, 0.667129),
(49, 19, 0.667129),
(49, 20, 0.667129),
(49, 21, 0.667129),
(49, 22, 0.667129),
(49, 23, 0.667129),
(49, 24, 0.667129),
(49, 25, 0.667129),
(49, 26, 0.667129),
(49, 27, 0.667129),
(49, 28, 0.667129),
(49, 29, 0.667129),
(49, 30, 0.667129),
(49, 31, 0.667129),
(49, 32, 0.667129),
(49, 33, 0.667129),
(49, 34, 0.667129),
(49, 35, 0.667129),
(49, 36, 0.667129),
(49, 37, 0.667129),
(49, 38, 0.667129),
(49, 39, 0.667129),
(49, 40, 0.667129),
(49, 41, 0.667129),
(49, 42, 0.667129),
(49, 43, 0.667129),
(49, 44, 0.667129),
(49, 45, 0.667129),
(49, 46, 0.667129),
(49, 47, 0.667129),
(49, 48, 0.667129),
(49, 49, 0.667129),
(49, 50, 0.667129),
(50, 1, 0.667129),
(50, 2, 0.667129),
(50, 3, 0.667129),
(50, 4, 0.667129),
(50, 5, 0.667129),
(50, 6, 0.667129),
(50, 7, 0.667129),
(50, 8, 0.667129),
(50, 9, 0.667129),
(50, 10, 0.667129),
(50, 11, 0.667129),
(50, 12, 0.667129),
(50, 13, 0.667129),
(50, 14, 0.667129),
(50, 15, 0.667129),
(50, 16, 0.667129),
(50, 17, 0.667129),
(50, 18, 0.667129),
(50, 19, 0.667129),
(50, 20, 0.667129),
(50, 21, 0.667129),
(50, 22, 0.667129),
(50, 23, 0.667129),
(50, 24, 0.667129),
(50, 25, 0.667129),
(50, 26, 0.667129),
(50, 27, 0.667129),
(50, 28, 0.667129),
(50, 29, 0.667129),
(50, 30, 0.667129),
(50, 31, 0.667129),
(50, 32, 0.667129),
(50, 33, 0.667129),
(50, 34, 0.667129),
(50, 35, 0.667129),
(50, 36, 0.667129),
(50, 37, 0.667129),
(50, 38, 0.667129),
(50, 39, 0.667129),
(50, 40, 0.667129),
(50, 41, 0.667129),
(50, 42, 0.667129),
(50, 43, 0.667129),
(50, 44, 0.667129),
(50, 45, 0.667129),
(50, 46, 0.667129),
(50, 47, 0.667129),
(50, 48, 0.667129),
(50, 49, 0.667129),
(50, 50, 0.667129)
;
INSERT INTO Smokes (v0, p) VALUES
(1, 0.197816),
(2, 0.197816),
(3, 0.197816),
(4, 0.197816),
(5, 0.197816),
(6, 0.197816),
(7, 0.197816),
(8, 0.197816),
(9, 0.197816),
(10, 0.197816),
(11, 0.197816),
(12, 0.197816),
(13, 0.197816),
(14, 0.197816),
(15, 0.197816),
(16, 0.197816),
(17, 0.197816),
(18, 0.197816),
(19, 0.197816),
(20, 0.197816),
(21, 0.197816),
(22, 0.197816),
(23, 0.197816),
(24, 0.197816),
(25, 0.197816),
(26, 0.197816),
(27, 0.197816),
(28, 0.197816),
(29, 0.197816),
(30, 0.197816),
(31, 0.197816),
(32, 0.197816),
(33, 0.197816),
(34, 0.197816),
(35, 0.197816),
(36, 0.197816),
(37, 0.197816),
(38, 0.197816),
(39, 0.197816),
(40, 0.197816),
(41, 0.197816),
(42, 0.197816),
(43, 0.197816),
(44, 0.197816),
(45, 0.197816),
(46, 0.197816),
(47, 0.197816),
(48, 0.197816),
(49, 0.197816),
(50, 0.197816)
;
INSERT INTO Friends (v0, v1, p) VALUES
(1, 1, 0.009952),
(1, 2, 0.009952),
(1, 3, 0.009952),
(1, 4, 0.009952),
(1, 5, 0.009952),
(1, 6, 0.009952),
(1, 7, 0.009952),
(1, 8, 0.009952),
(1, 9, 0.009952),
(1, 10, 0.009952),
(1, 11, 0.009952),
(1, 12, 0.009952),
(1, 13, 0.009952),
(1, 14, 0.009952),
(1, 15, 0.009952),
(1, 16, 0.009952),
(1, 17, 0.009952),
(1, 18, 0.009952),
(1, 19, 0.009952),
(1, 20, 0.009952),
(1, 21, 0.009952),
(1, 22, 0.009952),
(1, 23, 0.009952),
(1, 24, 0.009952),
(1, 25, 0.009952),
(1, 26, 0.009952),
(1, 27, 0.009952),
(1, 28, 0.009952),
(1, 29, 0.009952),
(1, 30, 0.009952),
(1, 31, 0.009952),
(1, 32, 0.009952),
(1, 33, 0.009952),
(1, 34, 0.009952),
(1, 35, 0.009952),
(1, 36, 0.009952),
(1, 37, 0.009952),
(1, 38, 0.009952),
(1, 39, 0.009952),
(1, 40, 0.009952),
(1, 41, 0.009952),
(1, 42, 0.009952),
(1, 43, 0.009952),
(1, 44, 0.009952),
(1, 45, 0.009952),
(1, 46, 0.009952),
(1, 47, 0.009952),
(1, 48, 0.009952),
(1, 49, 0.009952),
(1, 50, 0.009952),
(2, 1, 0.009952),
(2, 2, 0.009952),
(2, 3, 0.009952),
(2, 4, 0.009952),
(2, 5, 0.009952),
(2, 6, 0.009952),
(2, 7, 0.009952),
(2, 8, 0.009952),
(2, 9, 0.009952),
(2, 10, 0.009952),
(2, 11, 0.009952),
(2, 12, 0.009952),
(2, 13, 0.009952),
(2, 14, 0.009952),
(2, 15, 0.009952),
(2, 16, 0.009952),
(2, 17, 0.009952),
(2, 18, 0.009952),
(2, 19, 0.009952),
(2, 20, 0.009952),
(2, 21, 0.009952),
(2, 22, 0.009952),
(2, 23, 0.009952),
(2, 24, 0.009952),
(2, 25, 0.009952),
(2, 26, 0.009952),
(2, 27, 0.009952),
(2, 28, 0.009952),
(2, 29, 0.009952),
(2, 30, 0.009952),
(2, 31, 0.009952),
(2, 32, 0.009952),
(2, 33, 0.009952),
(2, 34, 0.009952),
(2, 35, 0.009952),
(2, 36, 0.009952),
(2, 37, 0.009952),
(2, 38, 0.009952),
(2, 39, 0.009952),
(2, 40, 0.009952),
(2, 41, 0.009952),
(2, 42, 0.009952),
(2, 43, 0.009952),
(2, 44, 0.009952),
(2, 45, 0.009952),
(2, 46, 0.009952),
(2, 47, 0.009952),
(2, 48, 0.009952),
(2, 49, 0.009952),
(2, 50, 0.009952),
(3, 1, 0.009952),
(3, 2, 0.009952),
(3, 3, 0.009952),
(3, 4, 0.009952),
(3, 5, 0.009952),
(3, 6, 0.009952),
(3, 7, 0.009952),
(3, 8, 0.009952),
(3, 9, 0.009952),
(3, 10, 0.009952),
(3, 11, 0.009952),
(3, 12, 0.009952),
(3, 13, 0.009952),
(3, 14, 0.009952),
(3, 15, 0.009952),
(3, 16, 0.009952),
(3, 17, 0.009952),
(3, 18, 0.009952),
(3, 19, 0.009952),
(3, 20, 0.009952),
(3, 21, 0.009952),
(3, 22, 0.009952),
(3, 23, 0.009952),
(3, 24, 0.009952),
(3, 25, 0.009952),
(3, 26, 0.009952),
(3, 27, 0.009952),
(3, 28, 0.009952),
(3, 29, 0.009952),
(3, 30, 0.009952),
(3, 31, 0.009952),
(3, 32, 0.009952),
(3, 33, 0.009952),
(3, 34, 0.009952),
(3, 35, 0.009952),
(3, 36, 0.009952),
(3, 37, 0.009952),
(3, 38, 0.009952),
(3, 39, 0.009952),
(3, 40, 0.009952),
(3, 41, 0.009952),
(3, 42, 0.009952),
(3, 43, 0.009952),
(3, 44, 0.009952),
(3, 45, 0.009952),
(3, 46, 0.009952),
(3, 47, 0.009952),
(3, 48, 0.009952),
(3, 49, 0.009952),
(3, 50, 0.009952),
(4, 1, 0.009952),
(4, 2, 0.009952),
(4, 3, 0.009952),
(4, 4, 0.009952),
(4, 5, 0.009952),
(4, 6, 0.009952),
(4, 7, 0.009952),
(4, 8, 0.009952),
(4, 9, 0.009952),
(4, 10, 0.009952),
(4, 11, 0.009952),
(4, 12, 0.009952),
(4, 13, 0.009952),
(4, 14, 0.009952),
(4, 15, 0.009952),
(4, 16, 0.009952),
(4, 17, 0.009952),
(4, 18, 0.009952),
(4, 19, 0.009952),
(4, 20, 0.009952),
(4, 21, 0.009952),
(4, 22, 0.009952),
(4, 23, 0.009952),
(4, 24, 0.009952),
(4, 25, 0.009952),
(4, 26, 0.009952),
(4, 27, 0.009952),
(4, 28, 0.009952),
(4, 29, 0.009952),
(4, 30, 0.009952),
(4, 31, 0.009952),
(4, 32, 0.009952),
(4, 33, 0.009952),
(4, 34, 0.009952),
(4, 35, 0.009952),
(4, 36, 0.009952),
(4, 37, 0.009952),
(4, 38, 0.009952),
(4, 39, 0.009952),
(4, 40, 0.009952),
(4, 41, 0.009952),
(4, 42, 0.009952),
(4, 43, 0.009952),
(4, 44, 0.009952),
(4, 45, 0.009952),
(4, 46, 0.009952),
(4, 47, 0.009952),
(4, 48, 0.009952),
(4, 49, 0.009952),
(4, 50, 0.009952),
(5, 1, 0.009952),
(5, 2, 0.009952),
(5, 3, 0.009952),
(5, 4, 0.009952),
(5, 5, 0.009952),
(5, 6, 0.009952),
(5, 7, 0.009952),
(5, 8, 0.009952),
(5, 9, 0.009952),
(5, 10, 0.009952),
(5, 11, 0.009952),
(5, 12, 0.009952),
(5, 13, 0.009952),
(5, 14, 0.009952),
(5, 15, 0.009952),
(5, 16, 0.009952),
(5, 17, 0.009952),
(5, 18, 0.009952),
(5, 19, 0.009952),
(5, 20, 0.009952),
(5, 21, 0.009952),
(5, 22, 0.009952),
(5, 23, 0.009952),
(5, 24, 0.009952),
(5, 25, 0.009952),
(5, 26, 0.009952),
(5, 27, 0.009952),
(5, 28, 0.009952),
(5, 29, 0.009952),
(5, 30, 0.009952),
(5, 31, 0.009952),
(5, 32, 0.009952),
(5, 33, 0.009952),
(5, 34, 0.009952),
(5, 35, 0.009952),
(5, 36, 0.009952),
(5, 37, 0.009952),
(5, 38, 0.009952),
(5, 39, 0.009952),
(5, 40, 0.009952),
(5, 41, 0.009952),
(5, 42, 0.009952),
(5, 43, 0.009952),
(5, 44, 0.009952),
(5, 45, 0.009952),
(5, 46, 0.009952),
(5, 47, 0.009952),
(5, 48, 0.009952),
(5, 49, 0.009952),
(5, 50, 0.009952),
(6, 1, 0.009952),
(6, 2, 0.009952),
(6, 3, 0.009952),
(6, 4, 0.009952),
(6, 5, 0.009952),
(6, 6, 0.009952),
(6, 7, 0.009952),
(6, 8, 0.009952),
(6, 9, 0.009952),
(6, 10, 0.009952),
(6, 11, 0.009952),
(6, 12, 0.009952),
(6, 13, 0.009952),
(6, 14, 0.009952),
(6, 15, 0.009952),
(6, 16, 0.009952),
(6, 17, 0.009952),
(6, 18, 0.009952),
(6, 19, 0.009952),
(6, 20, 0.009952),
(6, 21, 0.009952),
(6, 22, 0.009952),
(6, 23, 0.009952),
(6, 24, 0.009952),
(6, 25, 0.009952),
(6, 26, 0.009952),
(6, 27, 0.009952),
(6, 28, 0.009952),
(6, 29, 0.009952),
(6, 30, 0.009952),
(6, 31, 0.009952),
(6, 32, 0.009952),
(6, 33, 0.009952),
(6, 34, 0.009952),
(6, 35, 0.009952),
(6, 36, 0.009952),
(6, 37, 0.009952),
(6, 38, 0.009952),
(6, 39, 0.009952),
(6, 40, 0.009952),
(6, 41, 0.009952),
(6, 42, 0.009952),
(6, 43, 0.009952),
(6, 44, 0.009952),
(6, 45, 0.009952),
(6, 46, 0.009952),
(6, 47, 0.009952),
(6, 48, 0.009952),
(6, 49, 0.009952),
(6, 50, 0.009952),
(7, 1, 0.009952),
(7, 2, 0.009952),
(7, 3, 0.009952),
(7, 4, 0.009952),
(7, 5, 0.009952),
(7, 6, 0.009952),
(7, 7, 0.009952),
(7, 8, 0.009952),
(7, 9, 0.009952),
(7, 10, 0.009952),
(7, 11, 0.009952),
(7, 12, 0.009952),
(7, 13, 0.009952),
(7, 14, 0.009952),
(7, 15, 0.009952),
(7, 16, 0.009952),
(7, 17, 0.009952),
(7, 18, 0.009952),
(7, 19, 0.009952),
(7, 20, 0.009952),
(7, 21, 0.009952),
(7, 22, 0.009952),
(7, 23, 0.009952),
(7, 24, 0.009952),
(7, 25, 0.009952),
(7, 26, 0.009952),
(7, 27, 0.009952),
(7, 28, 0.009952),
(7, 29, 0.009952),
(7, 30, 0.009952),
(7, 31, 0.009952),
(7, 32, 0.009952),
(7, 33, 0.009952),
(7, 34, 0.009952),
(7, 35, 0.009952),
(7, 36, 0.009952),
(7, 37, 0.009952),
(7, 38, 0.009952),
(7, 39, 0.009952),
(7, 40, 0.009952),
(7, 41, 0.009952),
(7, 42, 0.009952),
(7, 43, 0.009952),
(7, 44, 0.009952),
(7, 45, 0.009952),
(7, 46, 0.009952),
(7, 47, 0.009952),
(7, 48, 0.009952),
(7, 49, 0.009952),
(7, 50, 0.009952),
(8, 1, 0.009952),
(8, 2, 0.009952),
(8, 3, 0.009952),
(8, 4, 0.009952),
(8, 5, 0.009952),
(8, 6, 0.009952),
(8, 7, 0.009952),
(8, 8, 0.009952),
(8, 9, 0.009952),
(8, 10, 0.009952),
(8, 11, 0.009952),
(8, 12, 0.009952),
(8, 13, 0.009952),
(8, 14, 0.009952),
(8, 15, 0.009952),
(8, 16, 0.009952),
(8, 17, 0.009952),
(8, 18, 0.009952),
(8, 19, 0.009952),
(8, 20, 0.009952),
(8, 21, 0.009952),
(8, 22, 0.009952),
(8, 23, 0.009952),
(8, 24, 0.009952),
(8, 25, 0.009952),
(8, 26, 0.009952),
(8, 27, 0.009952),
(8, 28, 0.009952),
(8, 29, 0.009952),
(8, 30, 0.009952),
(8, 31, 0.009952),
(8, 32, 0.009952),
(8, 33, 0.009952),
(8, 34, 0.009952),
(8, 35, 0.009952),
(8, 36, 0.009952),
(8, 37, 0.009952),
(8, 38, 0.009952),
(8, 39, 0.009952),
(8, 40, 0.009952),
(8, 41, 0.009952),
(8, 42, 0.009952),
(8, 43, 0.009952),
(8, 44, 0.009952),
(8, 45, 0.009952),
(8, 46, 0.009952),
(8, 47, 0.009952),
(8, 48, 0.009952),
(8, 49, 0.009952),
(8, 50, 0.009952),
(9, 1, 0.009952),
(9, 2, 0.009952),
(9, 3, 0.009952),
(9, 4, 0.009952),
(9, 5, 0.009952),
(9, 6, 0.009952),
(9, 7, 0.009952),
(9, 8, 0.009952),
(9, 9, 0.009952),
(9, 10, 0.009952),
(9, 11, 0.009952),
(9, 12, 0.009952),
(9, 13, 0.009952),
(9, 14, 0.009952),
(9, 15, 0.009952),
(9, 16, 0.009952),
(9, 17, 0.009952),
(9, 18, 0.009952),
(9, 19, 0.009952),
(9, 20, 0.009952),
(9, 21, 0.009952),
(9, 22, 0.009952),
(9, 23, 0.009952),
(9, 24, 0.009952),
(9, 25, 0.009952),
(9, 26, 0.009952),
(9, 27, 0.009952),
(9, 28, 0.009952),
(9, 29, 0.009952),
(9, 30, 0.009952),
(9, 31, 0.009952),
(9, 32, 0.009952),
(9, 33, 0.009952),
(9, 34, 0.009952),
(9, 35, 0.009952),
(9, 36, 0.009952),
(9, 37, 0.009952),
(9, 38, 0.009952),
(9, 39, 0.009952),
(9, 40, 0.009952),
(9, 41, 0.009952),
(9, 42, 0.009952),
(9, 43, 0.009952),
(9, 44, 0.009952),
(9, 45, 0.009952),
(9, 46, 0.009952),
(9, 47, 0.009952),
(9, 48, 0.009952),
(9, 49, 0.009952),
(9, 50, 0.009952),
(10, 1, 0.009952),
(10, 2, 0.009952),
(10, 3, 0.009952),
(10, 4, 0.009952),
(10, 5, 0.009952),
(10, 6, 0.009952),
(10, 7, 0.009952),
(10, 8, 0.009952),
(10, 9, 0.009952),
(10, 10, 0.009952),
(10, 11, 0.009952),
(10, 12, 0.009952),
(10, 13, 0.009952),
(10, 14, 0.009952),
(10, 15, 0.009952),
(10, 16, 0.009952),
(10, 17, 0.009952),
(10, 18, 0.009952),
(10, 19, 0.009952),
(10, 20, 0.009952),
(10, 21, 0.009952),
(10, 22, 0.009952),
(10, 23, 0.009952),
(10, 24, 0.009952),
(10, 25, 0.009952),
(10, 26, 0.009952),
(10, 27, 0.009952),
(10, 28, 0.009952),
(10, 29, 0.009952),
(10, 30, 0.009952),
(10, 31, 0.009952),
(10, 32, 0.009952),
(10, 33, 0.009952),
(10, 34, 0.009952),
(10, 35, 0.009952),
(10, 36, 0.009952),
(10, 37, 0.009952),
(10, 38, 0.009952),
(10, 39, 0.009952),
(10, 40, 0.009952),
(10, 41, 0.009952),
(10, 42, 0.009952),
(10, 43, 0.009952),
(10, 44, 0.009952),
(10, 45, 0.009952),
(10, 46, 0.009952),
(10, 47, 0.009952),
(10, 48, 0.009952),
(10, 49, 0.009952),
(10, 50, 0.009952),
(11, 1, 0.009952),
(11, 2, 0.009952),
(11, 3, 0.009952),
(11, 4, 0.009952),
(11, 5, 0.009952),
(11, 6, 0.009952),
(11, 7, 0.009952),
(11, 8, 0.009952),
(11, 9, 0.009952),
(11, 10, 0.009952),
(11, 11, 0.009952),
(11, 12, 0.009952),
(11, 13, 0.009952),
(11, 14, 0.009952),
(11, 15, 0.009952),
(11, 16, 0.009952),
(11, 17, 0.009952),
(11, 18, 0.009952),
(11, 19, 0.009952),
(11, 20, 0.009952),
(11, 21, 0.009952),
(11, 22, 0.009952),
(11, 23, 0.009952),
(11, 24, 0.009952),
(11, 25, 0.009952),
(11, 26, 0.009952),
(11, 27, 0.009952),
(11, 28, 0.009952),
(11, 29, 0.009952),
(11, 30, 0.009952),
(11, 31, 0.009952),
(11, 32, 0.009952),
(11, 33, 0.009952),
(11, 34, 0.009952),
(11, 35, 0.009952),
(11, 36, 0.009952),
(11, 37, 0.009952),
(11, 38, 0.009952),
(11, 39, 0.009952),
(11, 40, 0.009952),
(11, 41, 0.009952),
(11, 42, 0.009952),
(11, 43, 0.009952),
(11, 44, 0.009952),
(11, 45, 0.009952),
(11, 46, 0.009952),
(11, 47, 0.009952),
(11, 48, 0.009952),
(11, 49, 0.009952),
(11, 50, 0.009952),
(12, 1, 0.009952),
(12, 2, 0.009952),
(12, 3, 0.009952),
(12, 4, 0.009952),
(12, 5, 0.009952),
(12, 6, 0.009952),
(12, 7, 0.009952),
(12, 8, 0.009952),
(12, 9, 0.009952),
(12, 10, 0.009952),
(12, 11, 0.009952),
(12, 12, 0.009952),
(12, 13, 0.009952),
(12, 14, 0.009952),
(12, 15, 0.009952),
(12, 16, 0.009952),
(12, 17, 0.009952),
(12, 18, 0.009952),
(12, 19, 0.009952),
(12, 20, 0.009952),
(12, 21, 0.009952),
(12, 22, 0.009952),
(12, 23, 0.009952),
(12, 24, 0.009952),
(12, 25, 0.009952),
(12, 26, 0.009952),
(12, 27, 0.009952),
(12, 28, 0.009952),
(12, 29, 0.009952),
(12, 30, 0.009952),
(12, 31, 0.009952),
(12, 32, 0.009952),
(12, 33, 0.009952),
(12, 34, 0.009952),
(12, 35, 0.009952),
(12, 36, 0.009952),
(12, 37, 0.009952),
(12, 38, 0.009952),
(12, 39, 0.009952),
(12, 40, 0.009952),
(12, 41, 0.009952),
(12, 42, 0.009952),
(12, 43, 0.009952),
(12, 44, 0.009952),
(12, 45, 0.009952),
(12, 46, 0.009952),
(12, 47, 0.009952),
(12, 48, 0.009952),
(12, 49, 0.009952),
(12, 50, 0.009952),
(13, 1, 0.009952),
(13, 2, 0.009952),
(13, 3, 0.009952),
(13, 4, 0.009952),
(13, 5, 0.009952),
(13, 6, 0.009952),
(13, 7, 0.009952),
(13, 8, 0.009952),
(13, 9, 0.009952),
(13, 10, 0.009952),
(13, 11, 0.009952),
(13, 12, 0.009952),
(13, 13, 0.009952),
(13, 14, 0.009952),
(13, 15, 0.009952),
(13, 16, 0.009952),
(13, 17, 0.009952),
(13, 18, 0.009952),
(13, 19, 0.009952),
(13, 20, 0.009952),
(13, 21, 0.009952),
(13, 22, 0.009952),
(13, 23, 0.009952),
(13, 24, 0.009952),
(13, 25, 0.009952),
(13, 26, 0.009952),
(13, 27, 0.009952),
(13, 28, 0.009952),
(13, 29, 0.009952),
(13, 30, 0.009952),
(13, 31, 0.009952),
(13, 32, 0.009952),
(13, 33, 0.009952),
(13, 34, 0.009952),
(13, 35, 0.009952),
(13, 36, 0.009952),
(13, 37, 0.009952),
(13, 38, 0.009952),
(13, 39, 0.009952),
(13, 40, 0.009952),
(13, 41, 0.009952),
(13, 42, 0.009952),
(13, 43, 0.009952),
(13, 44, 0.009952),
(13, 45, 0.009952),
(13, 46, 0.009952),
(13, 47, 0.009952),
(13, 48, 0.009952),
(13, 49, 0.009952),
(13, 50, 0.009952),
(14, 1, 0.009952),
(14, 2, 0.009952),
(14, 3, 0.009952),
(14, 4, 0.009952),
(14, 5, 0.009952),
(14, 6, 0.009952),
(14, 7, 0.009952),
(14, 8, 0.009952),
(14, 9, 0.009952),
(14, 10, 0.009952),
(14, 11, 0.009952),
(14, 12, 0.009952),
(14, 13, 0.009952),
(14, 14, 0.009952),
(14, 15, 0.009952),
(14, 16, 0.009952),
(14, 17, 0.009952),
(14, 18, 0.009952),
(14, 19, 0.009952),
(14, 20, 0.009952),
(14, 21, 0.009952),
(14, 22, 0.009952),
(14, 23, 0.009952),
(14, 24, 0.009952),
(14, 25, 0.009952),
(14, 26, 0.009952),
(14, 27, 0.009952),
(14, 28, 0.009952),
(14, 29, 0.009952),
(14, 30, 0.009952),
(14, 31, 0.009952),
(14, 32, 0.009952),
(14, 33, 0.009952),
(14, 34, 0.009952),
(14, 35, 0.009952),
(14, 36, 0.009952),
(14, 37, 0.009952),
(14, 38, 0.009952),
(14, 39, 0.009952),
(14, 40, 0.009952),
(14, 41, 0.009952),
(14, 42, 0.009952),
(14, 43, 0.009952),
(14, 44, 0.009952),
(14, 45, 0.009952),
(14, 46, 0.009952),
(14, 47, 0.009952),
(14, 48, 0.009952),
(14, 49, 0.009952),
(14, 50, 0.009952),
(15, 1, 0.009952),
(15, 2, 0.009952),
(15, 3, 0.009952),
(15, 4, 0.009952),
(15, 5, 0.009952),
(15, 6, 0.009952),
(15, 7, 0.009952),
(15, 8, 0.009952),
(15, 9, 0.009952),
(15, 10, 0.009952),
(15, 11, 0.009952),
(15, 12, 0.009952),
(15, 13, 0.009952),
(15, 14, 0.009952),
(15, 15, 0.009952),
(15, 16, 0.009952),
(15, 17, 0.009952),
(15, 18, 0.009952),
(15, 19, 0.009952),
(15, 20, 0.009952),
(15, 21, 0.009952),
(15, 22, 0.009952),
(15, 23, 0.009952),
(15, 24, 0.009952),
(15, 25, 0.009952),
(15, 26, 0.009952),
(15, 27, 0.009952),
(15, 28, 0.009952),
(15, 29, 0.009952),
(15, 30, 0.009952),
(15, 31, 0.009952),
(15, 32, 0.009952),
(15, 33, 0.009952),
(15, 34, 0.009952),
(15, 35, 0.009952),
(15, 36, 0.009952),
(15, 37, 0.009952),
(15, 38, 0.009952),
(15, 39, 0.009952),
(15, 40, 0.009952),
(15, 41, 0.009952),
(15, 42, 0.009952),
(15, 43, 0.009952),
(15, 44, 0.009952),
(15, 45, 0.009952),
(15, 46, 0.009952),
(15, 47, 0.009952),
(15, 48, 0.009952),
(15, 49, 0.009952),
(15, 50, 0.009952),
(16, 1, 0.009952),
(16, 2, 0.009952),
(16, 3, 0.009952),
(16, 4, 0.009952),
(16, 5, 0.009952),
(16, 6, 0.009952),
(16, 7, 0.009952),
(16, 8, 0.009952),
(16, 9, 0.009952),
(16, 10, 0.009952),
(16, 11, 0.009952),
(16, 12, 0.009952),
(16, 13, 0.009952),
(16, 14, 0.009952),
(16, 15, 0.009952),
(16, 16, 0.009952),
(16, 17, 0.009952),
(16, 18, 0.009952),
(16, 19, 0.009952),
(16, 20, 0.009952),
(16, 21, 0.009952),
(16, 22, 0.009952),
(16, 23, 0.009952),
(16, 24, 0.009952),
(16, 25, 0.009952),
(16, 26, 0.009952),
(16, 27, 0.009952),
(16, 28, 0.009952),
(16, 29, 0.009952),
(16, 30, 0.009952),
(16, 31, 0.009952),
(16, 32, 0.009952),
(16, 33, 0.009952),
(16, 34, 0.009952),
(16, 35, 0.009952),
(16, 36, 0.009952),
(16, 37, 0.009952),
(16, 38, 0.009952),
(16, 39, 0.009952),
(16, 40, 0.009952),
(16, 41, 0.009952),
(16, 42, 0.009952),
(16, 43, 0.009952),
(16, 44, 0.009952),
(16, 45, 0.009952),
(16, 46, 0.009952),
(16, 47, 0.009952),
(16, 48, 0.009952),
(16, 49, 0.009952),
(16, 50, 0.009952),
(17, 1, 0.009952),
(17, 2, 0.009952),
(17, 3, 0.009952),
(17, 4, 0.009952),
(17, 5, 0.009952),
(17, 6, 0.009952),
(17, 7, 0.009952),
(17, 8, 0.009952),
(17, 9, 0.009952),
(17, 10, 0.009952),
(17, 11, 0.009952),
(17, 12, 0.009952),
(17, 13, 0.009952),
(17, 14, 0.009952),
(17, 15, 0.009952),
(17, 16, 0.009952),
(17, 17, 0.009952),
(17, 18, 0.009952),
(17, 19, 0.009952),
(17, 20, 0.009952),
(17, 21, 0.009952),
(17, 22, 0.009952),
(17, 23, 0.009952),
(17, 24, 0.009952),
(17, 25, 0.009952),
(17, 26, 0.009952),
(17, 27, 0.009952),
(17, 28, 0.009952),
(17, 29, 0.009952),
(17, 30, 0.009952),
(17, 31, 0.009952),
(17, 32, 0.009952),
(17, 33, 0.009952),
(17, 34, 0.009952),
(17, 35, 0.009952),
(17, 36, 0.009952),
(17, 37, 0.009952),
(17, 38, 0.009952),
(17, 39, 0.009952),
(17, 40, 0.009952),
(17, 41, 0.009952),
(17, 42, 0.009952),
(17, 43, 0.009952),
(17, 44, 0.009952),
(17, 45, 0.009952),
(17, 46, 0.009952),
(17, 47, 0.009952),
(17, 48, 0.009952),
(17, 49, 0.009952),
(17, 50, 0.009952),
(18, 1, 0.009952),
(18, 2, 0.009952),
(18, 3, 0.009952),
(18, 4, 0.009952),
(18, 5, 0.009952),
(18, 6, 0.009952),
(18, 7, 0.009952),
(18, 8, 0.009952),
(18, 9, 0.009952),
(18, 10, 0.009952),
(18, 11, 0.009952),
(18, 12, 0.009952),
(18, 13, 0.009952),
(18, 14, 0.009952),
(18, 15, 0.009952),
(18, 16, 0.009952),
(18, 17, 0.009952),
(18, 18, 0.009952),
(18, 19, 0.009952),
(18, 20, 0.009952),
(18, 21, 0.009952),
(18, 22, 0.009952),
(18, 23, 0.009952),
(18, 24, 0.009952),
(18, 25, 0.009952),
(18, 26, 0.009952),
(18, 27, 0.009952),
(18, 28, 0.009952),
(18, 29, 0.009952),
(18, 30, 0.009952),
(18, 31, 0.009952),
(18, 32, 0.009952),
(18, 33, 0.009952),
(18, 34, 0.009952),
(18, 35, 0.009952),
(18, 36, 0.009952),
(18, 37, 0.009952),
(18, 38, 0.009952),
(18, 39, 0.009952),
(18, 40, 0.009952),
(18, 41, 0.009952),
(18, 42, 0.009952),
(18, 43, 0.009952),
(18, 44, 0.009952),
(18, 45, 0.009952),
(18, 46, 0.009952),
(18, 47, 0.009952),
(18, 48, 0.009952),
(18, 49, 0.009952),
(18, 50, 0.009952),
(19, 1, 0.009952),
(19, 2, 0.009952),
(19, 3, 0.009952),
(19, 4, 0.009952),
(19, 5, 0.009952),
(19, 6, 0.009952),
(19, 7, 0.009952),
(19, 8, 0.009952),
(19, 9, 0.009952),
(19, 10, 0.009952),
(19, 11, 0.009952),
(19, 12, 0.009952),
(19, 13, 0.009952),
(19, 14, 0.009952),
(19, 15, 0.009952),
(19, 16, 0.009952),
(19, 17, 0.009952),
(19, 18, 0.009952),
(19, 19, 0.009952),
(19, 20, 0.009952),
(19, 21, 0.009952),
(19, 22, 0.009952),
(19, 23, 0.009952),
(19, 24, 0.009952),
(19, 25, 0.009952),
(19, 26, 0.009952),
(19, 27, 0.009952),
(19, 28, 0.009952),
(19, 29, 0.009952),
(19, 30, 0.009952),
(19, 31, 0.009952),
(19, 32, 0.009952),
(19, 33, 0.009952),
(19, 34, 0.009952),
(19, 35, 0.009952),
(19, 36, 0.009952),
(19, 37, 0.009952),
(19, 38, 0.009952),
(19, 39, 0.009952),
(19, 40, 0.009952),
(19, 41, 0.009952),
(19, 42, 0.009952),
(19, 43, 0.009952),
(19, 44, 0.009952),
(19, 45, 0.009952),
(19, 46, 0.009952),
(19, 47, 0.009952),
(19, 48, 0.009952),
(19, 49, 0.009952),
(19, 50, 0.009952),
(20, 1, 0.009952),
(20, 2, 0.009952),
(20, 3, 0.009952),
(20, 4, 0.009952),
(20, 5, 0.009952),
(20, 6, 0.009952),
(20, 7, 0.009952),
(20, 8, 0.009952),
(20, 9, 0.009952),
(20, 10, 0.009952),
(20, 11, 0.009952),
(20, 12, 0.009952),
(20, 13, 0.009952),
(20, 14, 0.009952),
(20, 15, 0.009952),
(20, 16, 0.009952),
(20, 17, 0.009952),
(20, 18, 0.009952),
(20, 19, 0.009952),
(20, 20, 0.009952),
(20, 21, 0.009952),
(20, 22, 0.009952),
(20, 23, 0.009952),
(20, 24, 0.009952),
(20, 25, 0.009952),
(20, 26, 0.009952),
(20, 27, 0.009952),
(20, 28, 0.009952),
(20, 29, 0.009952),
(20, 30, 0.009952),
(20, 31, 0.009952),
(20, 32, 0.009952),
(20, 33, 0.009952),
(20, 34, 0.009952),
(20, 35, 0.009952),
(20, 36, 0.009952),
(20, 37, 0.009952),
(20, 38, 0.009952),
(20, 39, 0.009952),
(20, 40, 0.009952),
(20, 41, 0.009952),
(20, 42, 0.009952),
(20, 43, 0.009952),
(20, 44, 0.009952),
(20, 45, 0.009952),
(20, 46, 0.009952),
(20, 47, 0.009952),
(20, 48, 0.009952),
(20, 49, 0.009952),
(20, 50, 0.009952),
(21, 1, 0.009952),
(21, 2, 0.009952),
(21, 3, 0.009952),
(21, 4, 0.009952),
(21, 5, 0.009952),
(21, 6, 0.009952),
(21, 7, 0.009952),
(21, 8, 0.009952),
(21, 9, 0.009952),
(21, 10, 0.009952),
(21, 11, 0.009952),
(21, 12, 0.009952),
(21, 13, 0.009952),
(21, 14, 0.009952),
(21, 15, 0.009952),
(21, 16, 0.009952),
(21, 17, 0.009952),
(21, 18, 0.009952),
(21, 19, 0.009952),
(21, 20, 0.009952),
(21, 21, 0.009952),
(21, 22, 0.009952),
(21, 23, 0.009952),
(21, 24, 0.009952),
(21, 25, 0.009952),
(21, 26, 0.009952),
(21, 27, 0.009952),
(21, 28, 0.009952),
(21, 29, 0.009952),
(21, 30, 0.009952),
(21, 31, 0.009952),
(21, 32, 0.009952),
(21, 33, 0.009952),
(21, 34, 0.009952),
(21, 35, 0.009952),
(21, 36, 0.009952),
(21, 37, 0.009952),
(21, 38, 0.009952),
(21, 39, 0.009952),
(21, 40, 0.009952),
(21, 41, 0.009952),
(21, 42, 0.009952),
(21, 43, 0.009952),
(21, 44, 0.009952),
(21, 45, 0.009952),
(21, 46, 0.009952),
(21, 47, 0.009952),
(21, 48, 0.009952),
(21, 49, 0.009952),
(21, 50, 0.009952),
(22, 1, 0.009952),
(22, 2, 0.009952),
(22, 3, 0.009952),
(22, 4, 0.009952),
(22, 5, 0.009952),
(22, 6, 0.009952),
(22, 7, 0.009952),
(22, 8, 0.009952),
(22, 9, 0.009952),
(22, 10, 0.009952),
(22, 11, 0.009952),
(22, 12, 0.009952),
(22, 13, 0.009952),
(22, 14, 0.009952),
(22, 15, 0.009952),
(22, 16, 0.009952),
(22, 17, 0.009952),
(22, 18, 0.009952),
(22, 19, 0.009952),
(22, 20, 0.009952),
(22, 21, 0.009952),
(22, 22, 0.009952),
(22, 23, 0.009952),
(22, 24, 0.009952),
(22, 25, 0.009952),
(22, 26, 0.009952),
(22, 27, 0.009952),
(22, 28, 0.009952),
(22, 29, 0.009952),
(22, 30, 0.009952),
(22, 31, 0.009952),
(22, 32, 0.009952),
(22, 33, 0.009952),
(22, 34, 0.009952),
(22, 35, 0.009952),
(22, 36, 0.009952),
(22, 37, 0.009952),
(22, 38, 0.009952),
(22, 39, 0.009952),
(22, 40, 0.009952),
(22, 41, 0.009952),
(22, 42, 0.009952),
(22, 43, 0.009952),
(22, 44, 0.009952),
(22, 45, 0.009952),
(22, 46, 0.009952),
(22, 47, 0.009952),
(22, 48, 0.009952),
(22, 49, 0.009952),
(22, 50, 0.009952),
(23, 1, 0.009952),
(23, 2, 0.009952),
(23, 3, 0.009952),
(23, 4, 0.009952),
(23, 5, 0.009952),
(23, 6, 0.009952),
(23, 7, 0.009952),
(23, 8, 0.009952),
(23, 9, 0.009952),
(23, 10, 0.009952),
(23, 11, 0.009952),
(23, 12, 0.009952),
(23, 13, 0.009952),
(23, 14, 0.009952),
(23, 15, 0.009952),
(23, 16, 0.009952),
(23, 17, 0.009952),
(23, 18, 0.009952),
(23, 19, 0.009952),
(23, 20, 0.009952),
(23, 21, 0.009952),
(23, 22, 0.009952),
(23, 23, 0.009952),
(23, 24, 0.009952),
(23, 25, 0.009952),
(23, 26, 0.009952),
(23, 27, 0.009952),
(23, 28, 0.009952),
(23, 29, 0.009952),
(23, 30, 0.009952),
(23, 31, 0.009952),
(23, 32, 0.009952),
(23, 33, 0.009952),
(23, 34, 0.009952),
(23, 35, 0.009952),
(23, 36, 0.009952),
(23, 37, 0.009952),
(23, 38, 0.009952),
(23, 39, 0.009952),
(23, 40, 0.009952),
(23, 41, 0.009952),
(23, 42, 0.009952),
(23, 43, 0.009952),
(23, 44, 0.009952),
(23, 45, 0.009952),
(23, 46, 0.009952),
(23, 47, 0.009952),
(23, 48, 0.009952),
(23, 49, 0.009952),
(23, 50, 0.009952),
(24, 1, 0.009952),
(24, 2, 0.009952),
(24, 3, 0.009952),
(24, 4, 0.009952),
(24, 5, 0.009952),
(24, 6, 0.009952),
(24, 7, 0.009952),
(24, 8, 0.009952),
(24, 9, 0.009952),
(24, 10, 0.009952),
(24, 11, 0.009952),
(24, 12, 0.009952),
(24, 13, 0.009952),
(24, 14, 0.009952),
(24, 15, 0.009952),
(24, 16, 0.009952),
(24, 17, 0.009952),
(24, 18, 0.009952),
(24, 19, 0.009952),
(24, 20, 0.009952),
(24, 21, 0.009952),
(24, 22, 0.009952),
(24, 23, 0.009952),
(24, 24, 0.009952),
(24, 25, 0.009952),
(24, 26, 0.009952),
(24, 27, 0.009952),
(24, 28, 0.009952),
(24, 29, 0.009952),
(24, 30, 0.009952),
(24, 31, 0.009952),
(24, 32, 0.009952),
(24, 33, 0.009952),
(24, 34, 0.009952),
(24, 35, 0.009952),
(24, 36, 0.009952),
(24, 37, 0.009952),
(24, 38, 0.009952),
(24, 39, 0.009952),
(24, 40, 0.009952),
(24, 41, 0.009952),
(24, 42, 0.009952),
(24, 43, 0.009952),
(24, 44, 0.009952),
(24, 45, 0.009952),
(24, 46, 0.009952),
(24, 47, 0.009952),
(24, 48, 0.009952),
(24, 49, 0.009952),
(24, 50, 0.009952),
(25, 1, 0.009952),
(25, 2, 0.009952),
(25, 3, 0.009952),
(25, 4, 0.009952),
(25, 5, 0.009952),
(25, 6, 0.009952),
(25, 7, 0.009952),
(25, 8, 0.009952),
(25, 9, 0.009952),
(25, 10, 0.009952),
(25, 11, 0.009952),
(25, 12, 0.009952),
(25, 13, 0.009952),
(25, 14, 0.009952),
(25, 15, 0.009952),
(25, 16, 0.009952),
(25, 17, 0.009952),
(25, 18, 0.009952),
(25, 19, 0.009952),
(25, 20, 0.009952),
(25, 21, 0.009952),
(25, 22, 0.009952),
(25, 23, 0.009952),
(25, 24, 0.009952),
(25, 25, 0.009952),
(25, 26, 0.009952),
(25, 27, 0.009952),
(25, 28, 0.009952),
(25, 29, 0.009952),
(25, 30, 0.009952),
(25, 31, 0.009952),
(25, 32, 0.009952),
(25, 33, 0.009952),
(25, 34, 0.009952),
(25, 35, 0.009952),
(25, 36, 0.009952),
(25, 37, 0.009952),
(25, 38, 0.009952),
(25, 39, 0.009952),
(25, 40, 0.009952),
(25, 41, 0.009952),
(25, 42, 0.009952),
(25, 43, 0.009952),
(25, 44, 0.009952),
(25, 45, 0.009952),
(25, 46, 0.009952),
(25, 47, 0.009952),
(25, 48, 0.009952),
(25, 49, 0.009952),
(25, 50, 0.009952),
(26, 1, 0.009952),
(26, 2, 0.009952),
(26, 3, 0.009952),
(26, 4, 0.009952),
(26, 5, 0.009952),
(26, 6, 0.009952),
(26, 7, 0.009952),
(26, 8, 0.009952),
(26, 9, 0.009952),
(26, 10, 0.009952),
(26, 11, 0.009952),
(26, 12, 0.009952),
(26, 13, 0.009952),
(26, 14, 0.009952),
(26, 15, 0.009952),
(26, 16, 0.009952),
(26, 17, 0.009952),
(26, 18, 0.009952),
(26, 19, 0.009952),
(26, 20, 0.009952),
(26, 21, 0.009952),
(26, 22, 0.009952),
(26, 23, 0.009952),
(26, 24, 0.009952),
(26, 25, 0.009952),
(26, 26, 0.009952),
(26, 27, 0.009952),
(26, 28, 0.009952),
(26, 29, 0.009952),
(26, 30, 0.009952),
(26, 31, 0.009952),
(26, 32, 0.009952),
(26, 33, 0.009952),
(26, 34, 0.009952),
(26, 35, 0.009952),
(26, 36, 0.009952),
(26, 37, 0.009952),
(26, 38, 0.009952),
(26, 39, 0.009952),
(26, 40, 0.009952),
(26, 41, 0.009952),
(26, 42, 0.009952),
(26, 43, 0.009952),
(26, 44, 0.009952),
(26, 45, 0.009952),
(26, 46, 0.009952),
(26, 47, 0.009952),
(26, 48, 0.009952),
(26, 49, 0.009952),
(26, 50, 0.009952),
(27, 1, 0.009952),
(27, 2, 0.009952),
(27, 3, 0.009952),
(27, 4, 0.009952),
(27, 5, 0.009952),
(27, 6, 0.009952),
(27, 7, 0.009952),
(27, 8, 0.009952),
(27, 9, 0.009952),
(27, 10, 0.009952),
(27, 11, 0.009952),
(27, 12, 0.009952),
(27, 13, 0.009952),
(27, 14, 0.009952),
(27, 15, 0.009952),
(27, 16, 0.009952),
(27, 17, 0.009952),
(27, 18, 0.009952),
(27, 19, 0.009952),
(27, 20, 0.009952),
(27, 21, 0.009952),
(27, 22, 0.009952),
(27, 23, 0.009952),
(27, 24, 0.009952),
(27, 25, 0.009952),
(27, 26, 0.009952),
(27, 27, 0.009952),
(27, 28, 0.009952),
(27, 29, 0.009952),
(27, 30, 0.009952),
(27, 31, 0.009952),
(27, 32, 0.009952),
(27, 33, 0.009952),
(27, 34, 0.009952),
(27, 35, 0.009952),
(27, 36, 0.009952),
(27, 37, 0.009952),
(27, 38, 0.009952),
(27, 39, 0.009952),
(27, 40, 0.009952),
(27, 41, 0.009952),
(27, 42, 0.009952),
(27, 43, 0.009952),
(27, 44, 0.009952),
(27, 45, 0.009952),
(27, 46, 0.009952),
(27, 47, 0.009952),
(27, 48, 0.009952),
(27, 49, 0.009952),
(27, 50, 0.009952),
(28, 1, 0.009952),
(28, 2, 0.009952),
(28, 3, 0.009952),
(28, 4, 0.009952),
(28, 5, 0.009952),
(28, 6, 0.009952),
(28, 7, 0.009952),
(28, 8, 0.009952),
(28, 9, 0.009952),
(28, 10, 0.009952),
(28, 11, 0.009952),
(28, 12, 0.009952),
(28, 13, 0.009952),
(28, 14, 0.009952),
(28, 15, 0.009952),
(28, 16, 0.009952),
(28, 17, 0.009952),
(28, 18, 0.009952),
(28, 19, 0.009952),
(28, 20, 0.009952),
(28, 21, 0.009952),
(28, 22, 0.009952),
(28, 23, 0.009952),
(28, 24, 0.009952),
(28, 25, 0.009952),
(28, 26, 0.009952),
(28, 27, 0.009952),
(28, 28, 0.009952),
(28, 29, 0.009952),
(28, 30, 0.009952),
(28, 31, 0.009952),
(28, 32, 0.009952),
(28, 33, 0.009952),
(28, 34, 0.009952),
(28, 35, 0.009952),
(28, 36, 0.009952),
(28, 37, 0.009952),
(28, 38, 0.009952),
(28, 39, 0.009952),
(28, 40, 0.009952),
(28, 41, 0.009952),
(28, 42, 0.009952),
(28, 43, 0.009952),
(28, 44, 0.009952),
(28, 45, 0.009952),
(28, 46, 0.009952),
(28, 47, 0.009952),
(28, 48, 0.009952),
(28, 49, 0.009952),
(28, 50, 0.009952),
(29, 1, 0.009952),
(29, 2, 0.009952),
(29, 3, 0.009952),
(29, 4, 0.009952),
(29, 5, 0.009952),
(29, 6, 0.009952),
(29, 7, 0.009952),
(29, 8, 0.009952),
(29, 9, 0.009952),
(29, 10, 0.009952),
(29, 11, 0.009952),
(29, 12, 0.009952),
(29, 13, 0.009952),
(29, 14, 0.009952),
(29, 15, 0.009952),
(29, 16, 0.009952),
(29, 17, 0.009952),
(29, 18, 0.009952),
(29, 19, 0.009952),
(29, 20, 0.009952),
(29, 21, 0.009952),
(29, 22, 0.009952),
(29, 23, 0.009952),
(29, 24, 0.009952),
(29, 25, 0.009952),
(29, 26, 0.009952),
(29, 27, 0.009952),
(29, 28, 0.009952),
(29, 29, 0.009952),
(29, 30, 0.009952),
(29, 31, 0.009952),
(29, 32, 0.009952),
(29, 33, 0.009952),
(29, 34, 0.009952),
(29, 35, 0.009952),
(29, 36, 0.009952),
(29, 37, 0.009952),
(29, 38, 0.009952),
(29, 39, 0.009952),
(29, 40, 0.009952),
(29, 41, 0.009952),
(29, 42, 0.009952),
(29, 43, 0.009952),
(29, 44, 0.009952),
(29, 45, 0.009952),
(29, 46, 0.009952),
(29, 47, 0.009952),
(29, 48, 0.009952),
(29, 49, 0.009952),
(29, 50, 0.009952),
(30, 1, 0.009952),
(30, 2, 0.009952),
(30, 3, 0.009952),
(30, 4, 0.009952),
(30, 5, 0.009952),
(30, 6, 0.009952),
(30, 7, 0.009952),
(30, 8, 0.009952),
(30, 9, 0.009952),
(30, 10, 0.009952),
(30, 11, 0.009952),
(30, 12, 0.009952),
(30, 13, 0.009952),
(30, 14, 0.009952),
(30, 15, 0.009952),
(30, 16, 0.009952),
(30, 17, 0.009952),
(30, 18, 0.009952),
(30, 19, 0.009952),
(30, 20, 0.009952),
(30, 21, 0.009952),
(30, 22, 0.009952),
(30, 23, 0.009952),
(30, 24, 0.009952),
(30, 25, 0.009952),
(30, 26, 0.009952),
(30, 27, 0.009952),
(30, 28, 0.009952),
(30, 29, 0.009952),
(30, 30, 0.009952),
(30, 31, 0.009952),
(30, 32, 0.009952),
(30, 33, 0.009952),
(30, 34, 0.009952),
(30, 35, 0.009952),
(30, 36, 0.009952),
(30, 37, 0.009952),
(30, 38, 0.009952),
(30, 39, 0.009952),
(30, 40, 0.009952),
(30, 41, 0.009952),
(30, 42, 0.009952),
(30, 43, 0.009952),
(30, 44, 0.009952),
(30, 45, 0.009952),
(30, 46, 0.009952),
(30, 47, 0.009952),
(30, 48, 0.009952),
(30, 49, 0.009952),
(30, 50, 0.009952),
(31, 1, 0.009952),
(31, 2, 0.009952),
(31, 3, 0.009952),
(31, 4, 0.009952),
(31, 5, 0.009952),
(31, 6, 0.009952),
(31, 7, 0.009952),
(31, 8, 0.009952),
(31, 9, 0.009952),
(31, 10, 0.009952),
(31, 11, 0.009952),
(31, 12, 0.009952),
(31, 13, 0.009952),
(31, 14, 0.009952),
(31, 15, 0.009952),
(31, 16, 0.009952),
(31, 17, 0.009952),
(31, 18, 0.009952),
(31, 19, 0.009952),
(31, 20, 0.009952),
(31, 21, 0.009952),
(31, 22, 0.009952),
(31, 23, 0.009952),
(31, 24, 0.009952),
(31, 25, 0.009952),
(31, 26, 0.009952),
(31, 27, 0.009952),
(31, 28, 0.009952),
(31, 29, 0.009952),
(31, 30, 0.009952),
(31, 31, 0.009952),
(31, 32, 0.009952),
(31, 33, 0.009952),
(31, 34, 0.009952),
(31, 35, 0.009952),
(31, 36, 0.009952),
(31, 37, 0.009952),
(31, 38, 0.009952),
(31, 39, 0.009952),
(31, 40, 0.009952),
(31, 41, 0.009952),
(31, 42, 0.009952),
(31, 43, 0.009952),
(31, 44, 0.009952),
(31, 45, 0.009952),
(31, 46, 0.009952),
(31, 47, 0.009952),
(31, 48, 0.009952),
(31, 49, 0.009952),
(31, 50, 0.009952),
(32, 1, 0.009952),
(32, 2, 0.009952),
(32, 3, 0.009952),
(32, 4, 0.009952),
(32, 5, 0.009952),
(32, 6, 0.009952),
(32, 7, 0.009952),
(32, 8, 0.009952),
(32, 9, 0.009952),
(32, 10, 0.009952),
(32, 11, 0.009952),
(32, 12, 0.009952),
(32, 13, 0.009952),
(32, 14, 0.009952),
(32, 15, 0.009952),
(32, 16, 0.009952),
(32, 17, 0.009952),
(32, 18, 0.009952),
(32, 19, 0.009952),
(32, 20, 0.009952),
(32, 21, 0.009952),
(32, 22, 0.009952),
(32, 23, 0.009952),
(32, 24, 0.009952),
(32, 25, 0.009952),
(32, 26, 0.009952),
(32, 27, 0.009952),
(32, 28, 0.009952),
(32, 29, 0.009952),
(32, 30, 0.009952),
(32, 31, 0.009952),
(32, 32, 0.009952),
(32, 33, 0.009952),
(32, 34, 0.009952),
(32, 35, 0.009952),
(32, 36, 0.009952),
(32, 37, 0.009952),
(32, 38, 0.009952),
(32, 39, 0.009952),
(32, 40, 0.009952),
(32, 41, 0.009952),
(32, 42, 0.009952),
(32, 43, 0.009952),
(32, 44, 0.009952),
(32, 45, 0.009952),
(32, 46, 0.009952),
(32, 47, 0.009952),
(32, 48, 0.009952),
(32, 49, 0.009952),
(32, 50, 0.009952),
(33, 1, 0.009952),
(33, 2, 0.009952),
(33, 3, 0.009952),
(33, 4, 0.009952),
(33, 5, 0.009952),
(33, 6, 0.009952),
(33, 7, 0.009952),
(33, 8, 0.009952),
(33, 9, 0.009952),
(33, 10, 0.009952),
(33, 11, 0.009952),
(33, 12, 0.009952),
(33, 13, 0.009952),
(33, 14, 0.009952),
(33, 15, 0.009952),
(33, 16, 0.009952),
(33, 17, 0.009952),
(33, 18, 0.009952),
(33, 19, 0.009952),
(33, 20, 0.009952),
(33, 21, 0.009952),
(33, 22, 0.009952),
(33, 23, 0.009952),
(33, 24, 0.009952),
(33, 25, 0.009952),
(33, 26, 0.009952),
(33, 27, 0.009952),
(33, 28, 0.009952),
(33, 29, 0.009952),
(33, 30, 0.009952),
(33, 31, 0.009952),
(33, 32, 0.009952),
(33, 33, 0.009952),
(33, 34, 0.009952),
(33, 35, 0.009952),
(33, 36, 0.009952),
(33, 37, 0.009952),
(33, 38, 0.009952),
(33, 39, 0.009952),
(33, 40, 0.009952),
(33, 41, 0.009952),
(33, 42, 0.009952),
(33, 43, 0.009952),
(33, 44, 0.009952),
(33, 45, 0.009952),
(33, 46, 0.009952),
(33, 47, 0.009952),
(33, 48, 0.009952),
(33, 49, 0.009952),
(33, 50, 0.009952),
(34, 1, 0.009952),
(34, 2, 0.009952),
(34, 3, 0.009952),
(34, 4, 0.009952),
(34, 5, 0.009952),
(34, 6, 0.009952),
(34, 7, 0.009952),
(34, 8, 0.009952),
(34, 9, 0.009952),
(34, 10, 0.009952),
(34, 11, 0.009952),
(34, 12, 0.009952),
(34, 13, 0.009952),
(34, 14, 0.009952),
(34, 15, 0.009952),
(34, 16, 0.009952),
(34, 17, 0.009952),
(34, 18, 0.009952),
(34, 19, 0.009952),
(34, 20, 0.009952),
(34, 21, 0.009952),
(34, 22, 0.009952),
(34, 23, 0.009952),
(34, 24, 0.009952),
(34, 25, 0.009952),
(34, 26, 0.009952),
(34, 27, 0.009952),
(34, 28, 0.009952),
(34, 29, 0.009952),
(34, 30, 0.009952),
(34, 31, 0.009952),
(34, 32, 0.009952),
(34, 33, 0.009952),
(34, 34, 0.009952),
(34, 35, 0.009952),
(34, 36, 0.009952),
(34, 37, 0.009952),
(34, 38, 0.009952),
(34, 39, 0.009952),
(34, 40, 0.009952),
(34, 41, 0.009952),
(34, 42, 0.009952),
(34, 43, 0.009952),
(34, 44, 0.009952),
(34, 45, 0.009952),
(34, 46, 0.009952),
(34, 47, 0.009952),
(34, 48, 0.009952),
(34, 49, 0.009952),
(34, 50, 0.009952),
(35, 1, 0.009952),
(35, 2, 0.009952),
(35, 3, 0.009952),
(35, 4, 0.009952),
(35, 5, 0.009952),
(35, 6, 0.009952),
(35, 7, 0.009952),
(35, 8, 0.009952),
(35, 9, 0.009952),
(35, 10, 0.009952),
(35, 11, 0.009952),
(35, 12, 0.009952),
(35, 13, 0.009952),
(35, 14, 0.009952),
(35, 15, 0.009952),
(35, 16, 0.009952),
(35, 17, 0.009952),
(35, 18, 0.009952),
(35, 19, 0.009952),
(35, 20, 0.009952),
(35, 21, 0.009952),
(35, 22, 0.009952),
(35, 23, 0.009952),
(35, 24, 0.009952),
(35, 25, 0.009952),
(35, 26, 0.009952),
(35, 27, 0.009952),
(35, 28, 0.009952),
(35, 29, 0.009952),
(35, 30, 0.009952),
(35, 31, 0.009952),
(35, 32, 0.009952),
(35, 33, 0.009952),
(35, 34, 0.009952),
(35, 35, 0.009952),
(35, 36, 0.009952),
(35, 37, 0.009952),
(35, 38, 0.009952),
(35, 39, 0.009952),
(35, 40, 0.009952),
(35, 41, 0.009952),
(35, 42, 0.009952),
(35, 43, 0.009952),
(35, 44, 0.009952),
(35, 45, 0.009952),
(35, 46, 0.009952),
(35, 47, 0.009952),
(35, 48, 0.009952),
(35, 49, 0.009952),
(35, 50, 0.009952),
(36, 1, 0.009952),
(36, 2, 0.009952),
(36, 3, 0.009952),
(36, 4, 0.009952),
(36, 5, 0.009952),
(36, 6, 0.009952),
(36, 7, 0.009952),
(36, 8, 0.009952),
(36, 9, 0.009952),
(36, 10, 0.009952),
(36, 11, 0.009952),
(36, 12, 0.009952),
(36, 13, 0.009952),
(36, 14, 0.009952),
(36, 15, 0.009952),
(36, 16, 0.009952),
(36, 17, 0.009952),
(36, 18, 0.009952),
(36, 19, 0.009952),
(36, 20, 0.009952),
(36, 21, 0.009952),
(36, 22, 0.009952),
(36, 23, 0.009952),
(36, 24, 0.009952),
(36, 25, 0.009952),
(36, 26, 0.009952),
(36, 27, 0.009952),
(36, 28, 0.009952),
(36, 29, 0.009952),
(36, 30, 0.009952),
(36, 31, 0.009952),
(36, 32, 0.009952),
(36, 33, 0.009952),
(36, 34, 0.009952),
(36, 35, 0.009952),
(36, 36, 0.009952),
(36, 37, 0.009952),
(36, 38, 0.009952),
(36, 39, 0.009952),
(36, 40, 0.009952),
(36, 41, 0.009952),
(36, 42, 0.009952),
(36, 43, 0.009952),
(36, 44, 0.009952),
(36, 45, 0.009952),
(36, 46, 0.009952),
(36, 47, 0.009952),
(36, 48, 0.009952),
(36, 49, 0.009952),
(36, 50, 0.009952),
(37, 1, 0.009952),
(37, 2, 0.009952),
(37, 3, 0.009952),
(37, 4, 0.009952),
(37, 5, 0.009952),
(37, 6, 0.009952),
(37, 7, 0.009952),
(37, 8, 0.009952),
(37, 9, 0.009952),
(37, 10, 0.009952),
(37, 11, 0.009952),
(37, 12, 0.009952),
(37, 13, 0.009952),
(37, 14, 0.009952),
(37, 15, 0.009952),
(37, 16, 0.009952),
(37, 17, 0.009952),
(37, 18, 0.009952),
(37, 19, 0.009952),
(37, 20, 0.009952),
(37, 21, 0.009952),
(37, 22, 0.009952),
(37, 23, 0.009952),
(37, 24, 0.009952),
(37, 25, 0.009952),
(37, 26, 0.009952),
(37, 27, 0.009952),
(37, 28, 0.009952),
(37, 29, 0.009952),
(37, 30, 0.009952),
(37, 31, 0.009952),
(37, 32, 0.009952),
(37, 33, 0.009952),
(37, 34, 0.009952),
(37, 35, 0.009952),
(37, 36, 0.009952),
(37, 37, 0.009952),
(37, 38, 0.009952),
(37, 39, 0.009952),
(37, 40, 0.009952),
(37, 41, 0.009952),
(37, 42, 0.009952),
(37, 43, 0.009952),
(37, 44, 0.009952),
(37, 45, 0.009952),
(37, 46, 0.009952),
(37, 47, 0.009952),
(37, 48, 0.009952),
(37, 49, 0.009952),
(37, 50, 0.009952),
(38, 1, 0.009952),
(38, 2, 0.009952),
(38, 3, 0.009952),
(38, 4, 0.009952),
(38, 5, 0.009952),
(38, 6, 0.009952),
(38, 7, 0.009952),
(38, 8, 0.009952),
(38, 9, 0.009952),
(38, 10, 0.009952),
(38, 11, 0.009952),
(38, 12, 0.009952),
(38, 13, 0.009952),
(38, 14, 0.009952),
(38, 15, 0.009952),
(38, 16, 0.009952),
(38, 17, 0.009952),
(38, 18, 0.009952),
(38, 19, 0.009952),
(38, 20, 0.009952),
(38, 21, 0.009952),
(38, 22, 0.009952),
(38, 23, 0.009952),
(38, 24, 0.009952),
(38, 25, 0.009952),
(38, 26, 0.009952),
(38, 27, 0.009952),
(38, 28, 0.009952),
(38, 29, 0.009952),
(38, 30, 0.009952),
(38, 31, 0.009952),
(38, 32, 0.009952),
(38, 33, 0.009952),
(38, 34, 0.009952),
(38, 35, 0.009952),
(38, 36, 0.009952),
(38, 37, 0.009952),
(38, 38, 0.009952),
(38, 39, 0.009952),
(38, 40, 0.009952),
(38, 41, 0.009952),
(38, 42, 0.009952),
(38, 43, 0.009952),
(38, 44, 0.009952),
(38, 45, 0.009952),
(38, 46, 0.009952),
(38, 47, 0.009952),
(38, 48, 0.009952),
(38, 49, 0.009952),
(38, 50, 0.009952),
(39, 1, 0.009952),
(39, 2, 0.009952),
(39, 3, 0.009952),
(39, 4, 0.009952),
(39, 5, 0.009952),
(39, 6, 0.009952),
(39, 7, 0.009952),
(39, 8, 0.009952),
(39, 9, 0.009952),
(39, 10, 0.009952),
(39, 11, 0.009952),
(39, 12, 0.009952),
(39, 13, 0.009952),
(39, 14, 0.009952),
(39, 15, 0.009952),
(39, 16, 0.009952),
(39, 17, 0.009952),
(39, 18, 0.009952),
(39, 19, 0.009952),
(39, 20, 0.009952),
(39, 21, 0.009952),
(39, 22, 0.009952),
(39, 23, 0.009952),
(39, 24, 0.009952),
(39, 25, 0.009952),
(39, 26, 0.009952),
(39, 27, 0.009952),
(39, 28, 0.009952),
(39, 29, 0.009952),
(39, 30, 0.009952),
(39, 31, 0.009952),
(39, 32, 0.009952),
(39, 33, 0.009952),
(39, 34, 0.009952),
(39, 35, 0.009952),
(39, 36, 0.009952),
(39, 37, 0.009952),
(39, 38, 0.009952),
(39, 39, 0.009952),
(39, 40, 0.009952),
(39, 41, 0.009952),
(39, 42, 0.009952),
(39, 43, 0.009952),
(39, 44, 0.009952),
(39, 45, 0.009952),
(39, 46, 0.009952),
(39, 47, 0.009952),
(39, 48, 0.009952),
(39, 49, 0.009952),
(39, 50, 0.009952),
(40, 1, 0.009952),
(40, 2, 0.009952),
(40, 3, 0.009952),
(40, 4, 0.009952),
(40, 5, 0.009952),
(40, 6, 0.009952),
(40, 7, 0.009952),
(40, 8, 0.009952),
(40, 9, 0.009952),
(40, 10, 0.009952),
(40, 11, 0.009952),
(40, 12, 0.009952),
(40, 13, 0.009952),
(40, 14, 0.009952),
(40, 15, 0.009952),
(40, 16, 0.009952),
(40, 17, 0.009952),
(40, 18, 0.009952),
(40, 19, 0.009952),
(40, 20, 0.009952),
(40, 21, 0.009952),
(40, 22, 0.009952),
(40, 23, 0.009952),
(40, 24, 0.009952),
(40, 25, 0.009952),
(40, 26, 0.009952),
(40, 27, 0.009952),
(40, 28, 0.009952),
(40, 29, 0.009952),
(40, 30, 0.009952),
(40, 31, 0.009952),
(40, 32, 0.009952),
(40, 33, 0.009952),
(40, 34, 0.009952),
(40, 35, 0.009952),
(40, 36, 0.009952),
(40, 37, 0.009952),
(40, 38, 0.009952),
(40, 39, 0.009952),
(40, 40, 0.009952),
(40, 41, 0.009952),
(40, 42, 0.009952),
(40, 43, 0.009952),
(40, 44, 0.009952),
(40, 45, 0.009952),
(40, 46, 0.009952),
(40, 47, 0.009952),
(40, 48, 0.009952),
(40, 49, 0.009952),
(40, 50, 0.009952),
(41, 1, 0.009952),
(41, 2, 0.009952),
(41, 3, 0.009952),
(41, 4, 0.009952),
(41, 5, 0.009952),
(41, 6, 0.009952),
(41, 7, 0.009952),
(41, 8, 0.009952),
(41, 9, 0.009952),
(41, 10, 0.009952),
(41, 11, 0.009952),
(41, 12, 0.009952),
(41, 13, 0.009952),
(41, 14, 0.009952),
(41, 15, 0.009952),
(41, 16, 0.009952),
(41, 17, 0.009952),
(41, 18, 0.009952),
(41, 19, 0.009952),
(41, 20, 0.009952),
(41, 21, 0.009952),
(41, 22, 0.009952),
(41, 23, 0.009952),
(41, 24, 0.009952),
(41, 25, 0.009952),
(41, 26, 0.009952),
(41, 27, 0.009952),
(41, 28, 0.009952),
(41, 29, 0.009952),
(41, 30, 0.009952),
(41, 31, 0.009952),
(41, 32, 0.009952),
(41, 33, 0.009952),
(41, 34, 0.009952),
(41, 35, 0.009952),
(41, 36, 0.009952),
(41, 37, 0.009952),
(41, 38, 0.009952),
(41, 39, 0.009952),
(41, 40, 0.009952),
(41, 41, 0.009952),
(41, 42, 0.009952),
(41, 43, 0.009952),
(41, 44, 0.009952),
(41, 45, 0.009952),
(41, 46, 0.009952),
(41, 47, 0.009952),
(41, 48, 0.009952),
(41, 49, 0.009952),
(41, 50, 0.009952),
(42, 1, 0.009952),
(42, 2, 0.009952),
(42, 3, 0.009952),
(42, 4, 0.009952),
(42, 5, 0.009952),
(42, 6, 0.009952),
(42, 7, 0.009952),
(42, 8, 0.009952),
(42, 9, 0.009952),
(42, 10, 0.009952),
(42, 11, 0.009952),
(42, 12, 0.009952),
(42, 13, 0.009952),
(42, 14, 0.009952),
(42, 15, 0.009952),
(42, 16, 0.009952),
(42, 17, 0.009952),
(42, 18, 0.009952),
(42, 19, 0.009952),
(42, 20, 0.009952),
(42, 21, 0.009952),
(42, 22, 0.009952),
(42, 23, 0.009952),
(42, 24, 0.009952),
(42, 25, 0.009952),
(42, 26, 0.009952),
(42, 27, 0.009952),
(42, 28, 0.009952),
(42, 29, 0.009952),
(42, 30, 0.009952),
(42, 31, 0.009952),
(42, 32, 0.009952),
(42, 33, 0.009952),
(42, 34, 0.009952),
(42, 35, 0.009952),
(42, 36, 0.009952),
(42, 37, 0.009952),
(42, 38, 0.009952),
(42, 39, 0.009952),
(42, 40, 0.009952),
(42, 41, 0.009952),
(42, 42, 0.009952),
(42, 43, 0.009952),
(42, 44, 0.009952),
(42, 45, 0.009952),
(42, 46, 0.009952),
(42, 47, 0.009952),
(42, 48, 0.009952),
(42, 49, 0.009952),
(42, 50, 0.009952),
(43, 1, 0.009952),
(43, 2, 0.009952),
(43, 3, 0.009952),
(43, 4, 0.009952),
(43, 5, 0.009952),
(43, 6, 0.009952),
(43, 7, 0.009952),
(43, 8, 0.009952),
(43, 9, 0.009952),
(43, 10, 0.009952),
(43, 11, 0.009952),
(43, 12, 0.009952),
(43, 13, 0.009952),
(43, 14, 0.009952),
(43, 15, 0.009952),
(43, 16, 0.009952),
(43, 17, 0.009952),
(43, 18, 0.009952),
(43, 19, 0.009952),
(43, 20, 0.009952),
(43, 21, 0.009952),
(43, 22, 0.009952),
(43, 23, 0.009952),
(43, 24, 0.009952),
(43, 25, 0.009952),
(43, 26, 0.009952),
(43, 27, 0.009952),
(43, 28, 0.009952),
(43, 29, 0.009952),
(43, 30, 0.009952),
(43, 31, 0.009952),
(43, 32, 0.009952),
(43, 33, 0.009952),
(43, 34, 0.009952),
(43, 35, 0.009952),
(43, 36, 0.009952),
(43, 37, 0.009952),
(43, 38, 0.009952),
(43, 39, 0.009952),
(43, 40, 0.009952),
(43, 41, 0.009952),
(43, 42, 0.009952),
(43, 43, 0.009952),
(43, 44, 0.009952),
(43, 45, 0.009952),
(43, 46, 0.009952),
(43, 47, 0.009952),
(43, 48, 0.009952),
(43, 49, 0.009952),
(43, 50, 0.009952),
(44, 1, 0.009952),
(44, 2, 0.009952),
(44, 3, 0.009952),
(44, 4, 0.009952),
(44, 5, 0.009952),
(44, 6, 0.009952),
(44, 7, 0.009952),
(44, 8, 0.009952),
(44, 9, 0.009952),
(44, 10, 0.009952),
(44, 11, 0.009952),
(44, 12, 0.009952),
(44, 13, 0.009952),
(44, 14, 0.009952),
(44, 15, 0.009952),
(44, 16, 0.009952),
(44, 17, 0.009952),
(44, 18, 0.009952),
(44, 19, 0.009952),
(44, 20, 0.009952),
(44, 21, 0.009952),
(44, 22, 0.009952),
(44, 23, 0.009952),
(44, 24, 0.009952),
(44, 25, 0.009952),
(44, 26, 0.009952),
(44, 27, 0.009952),
(44, 28, 0.009952),
(44, 29, 0.009952),
(44, 30, 0.009952),
(44, 31, 0.009952),
(44, 32, 0.009952),
(44, 33, 0.009952),
(44, 34, 0.009952),
(44, 35, 0.009952),
(44, 36, 0.009952),
(44, 37, 0.009952),
(44, 38, 0.009952),
(44, 39, 0.009952),
(44, 40, 0.009952),
(44, 41, 0.009952),
(44, 42, 0.009952),
(44, 43, 0.009952),
(44, 44, 0.009952),
(44, 45, 0.009952),
(44, 46, 0.009952),
(44, 47, 0.009952),
(44, 48, 0.009952),
(44, 49, 0.009952),
(44, 50, 0.009952),
(45, 1, 0.009952),
(45, 2, 0.009952),
(45, 3, 0.009952),
(45, 4, 0.009952),
(45, 5, 0.009952),
(45, 6, 0.009952),
(45, 7, 0.009952),
(45, 8, 0.009952),
(45, 9, 0.009952),
(45, 10, 0.009952),
(45, 11, 0.009952),
(45, 12, 0.009952),
(45, 13, 0.009952),
(45, 14, 0.009952),
(45, 15, 0.009952),
(45, 16, 0.009952),
(45, 17, 0.009952),
(45, 18, 0.009952),
(45, 19, 0.009952),
(45, 20, 0.009952),
(45, 21, 0.009952),
(45, 22, 0.009952),
(45, 23, 0.009952),
(45, 24, 0.009952),
(45, 25, 0.009952),
(45, 26, 0.009952),
(45, 27, 0.009952),
(45, 28, 0.009952),
(45, 29, 0.009952),
(45, 30, 0.009952),
(45, 31, 0.009952),
(45, 32, 0.009952),
(45, 33, 0.009952),
(45, 34, 0.009952),
(45, 35, 0.009952),
(45, 36, 0.009952),
(45, 37, 0.009952),
(45, 38, 0.009952),
(45, 39, 0.009952),
(45, 40, 0.009952),
(45, 41, 0.009952),
(45, 42, 0.009952),
(45, 43, 0.009952),
(45, 44, 0.009952),
(45, 45, 0.009952),
(45, 46, 0.009952),
(45, 47, 0.009952),
(45, 48, 0.009952),
(45, 49, 0.009952),
(45, 50, 0.009952),
(46, 1, 0.009952),
(46, 2, 0.009952),
(46, 3, 0.009952),
(46, 4, 0.009952),
(46, 5, 0.009952),
(46, 6, 0.009952),
(46, 7, 0.009952),
(46, 8, 0.009952),
(46, 9, 0.009952),
(46, 10, 0.009952),
(46, 11, 0.009952),
(46, 12, 0.009952),
(46, 13, 0.009952),
(46, 14, 0.009952),
(46, 15, 0.009952),
(46, 16, 0.009952),
(46, 17, 0.009952),
(46, 18, 0.009952),
(46, 19, 0.009952),
(46, 20, 0.009952),
(46, 21, 0.009952),
(46, 22, 0.009952),
(46, 23, 0.009952),
(46, 24, 0.009952),
(46, 25, 0.009952),
(46, 26, 0.009952),
(46, 27, 0.009952),
(46, 28, 0.009952),
(46, 29, 0.009952),
(46, 30, 0.009952),
(46, 31, 0.009952),
(46, 32, 0.009952),
(46, 33, 0.009952),
(46, 34, 0.009952),
(46, 35, 0.009952),
(46, 36, 0.009952),
(46, 37, 0.009952),
(46, 38, 0.009952),
(46, 39, 0.009952),
(46, 40, 0.009952),
(46, 41, 0.009952),
(46, 42, 0.009952),
(46, 43, 0.009952),
(46, 44, 0.009952),
(46, 45, 0.009952),
(46, 46, 0.009952),
(46, 47, 0.009952),
(46, 48, 0.009952),
(46, 49, 0.009952),
(46, 50, 0.009952),
(47, 1, 0.009952),
(47, 2, 0.009952),
(47, 3, 0.009952),
(47, 4, 0.009952),
(47, 5, 0.009952),
(47, 6, 0.009952),
(47, 7, 0.009952),
(47, 8, 0.009952),
(47, 9, 0.009952),
(47, 10, 0.009952),
(47, 11, 0.009952),
(47, 12, 0.009952),
(47, 13, 0.009952),
(47, 14, 0.009952),
(47, 15, 0.009952),
(47, 16, 0.009952),
(47, 17, 0.009952),
(47, 18, 0.009952),
(47, 19, 0.009952),
(47, 20, 0.009952),
(47, 21, 0.009952),
(47, 22, 0.009952),
(47, 23, 0.009952),
(47, 24, 0.009952),
(47, 25, 0.009952),
(47, 26, 0.009952),
(47, 27, 0.009952),
(47, 28, 0.009952),
(47, 29, 0.009952),
(47, 30, 0.009952),
(47, 31, 0.009952),
(47, 32, 0.009952),
(47, 33, 0.009952),
(47, 34, 0.009952),
(47, 35, 0.009952),
(47, 36, 0.009952),
(47, 37, 0.009952),
(47, 38, 0.009952),
(47, 39, 0.009952),
(47, 40, 0.009952),
(47, 41, 0.009952),
(47, 42, 0.009952),
(47, 43, 0.009952),
(47, 44, 0.009952),
(47, 45, 0.009952),
(47, 46, 0.009952),
(47, 47, 0.009952),
(47, 48, 0.009952),
(47, 49, 0.009952),
(47, 50, 0.009952),
(48, 1, 0.009952),
(48, 2, 0.009952),
(48, 3, 0.009952),
(48, 4, 0.009952),
(48, 5, 0.009952),
(48, 6, 0.009952),
(48, 7, 0.009952),
(48, 8, 0.009952),
(48, 9, 0.009952),
(48, 10, 0.009952),
(48, 11, 0.009952),
(48, 12, 0.009952),
(48, 13, 0.009952),
(48, 14, 0.009952),
(48, 15, 0.009952),
(48, 16, 0.009952),
(48, 17, 0.009952),
(48, 18, 0.009952),
(48, 19, 0.009952),
(48, 20, 0.009952),
(48, 21, 0.009952),
(48, 22, 0.009952),
(48, 23, 0.009952),
(48, 24, 0.009952),
(48, 25, 0.009952),
(48, 26, 0.009952),
(48, 27, 0.009952),
(48, 28, 0.009952),
(48, 29, 0.009952),
(48, 30, 0.009952),
(48, 31, 0.009952),
(48, 32, 0.009952),
(48, 33, 0.009952),
(48, 34, 0.009952),
(48, 35, 0.009952),
(48, 36, 0.009952),
(48, 37, 0.009952),
(48, 38, 0.009952),
(48, 39, 0.009952),
(48, 40, 0.009952),
(48, 41, 0.009952),
(48, 42, 0.009952),
(48, 43, 0.009952),
(48, 44, 0.009952),
(48, 45, 0.009952),
(48, 46, 0.009952),
(48, 47, 0.009952),
(48, 48, 0.009952),
(48, 49, 0.009952),
(48, 50, 0.009952),
(49, 1, 0.009952),
(49, 2, 0.009952),
(49, 3, 0.009952),
(49, 4, 0.009952),
(49, 5, 0.009952),
(49, 6, 0.009952),
(49, 7, 0.009952),
(49, 8, 0.009952),
(49, 9, 0.009952),
(49, 10, 0.009952),
(49, 11, 0.009952),
(49, 12, 0.009952),
(49, 13, 0.009952),
(49, 14, 0.009952),
(49, 15, 0.009952),
(49, 16, 0.009952),
(49, 17, 0.009952),
(49, 18, 0.009952),
(49, 19, 0.009952),
(49, 20, 0.009952),
(49, 21, 0.009952),
(49, 22, 0.009952),
(49, 23, 0.009952),
(49, 24, 0.009952),
(49, 25, 0.009952),
(49, 26, 0.009952),
(49, 27, 0.009952),
(49, 28, 0.009952),
(49, 29, 0.009952),
(49, 30, 0.009952),
(49, 31, 0.009952),
(49, 32, 0.009952),
(49, 33, 0.009952),
(49, 34, 0.009952),
(49, 35, 0.009952),
(49, 36, 0.009952),
(49, 37, 0.009952),
(49, 38, 0.009952),
(49, 39, 0.009952),
(49, 40, 0.009952),
(49, 41, 0.009952),
(49, 42, 0.009952),
(49, 43, 0.009952),
(49, 44, 0.009952),
(49, 45, 0.009952),
(49, 46, 0.009952),
(49, 47, 0.009952),
(49, 48, 0.009952),
(49, 49, 0.009952),
(49, 50, 0.009952),
(50, 1, 0.009952),
(50, 2, 0.009952),
(50, 3, 0.009952),
(50, 4, 0.009952),
(50, 5, 0.009952),
(50, 6, 0.009952),
(50, 7, 0.009952),
(50, 8, 0.009952),
(50, 9, 0.009952),
(50, 10, 0.009952),
(50, 11, 0.009952),
(50, 12, 0.009952),
(50, 13, 0.009952),
(50, 14, 0.009952),
(50, 15, 0.009952),
(50, 16, 0.009952),
(50, 17, 0.009952),
(50, 18, 0.009952),
(50, 19, 0.009952),
(50, 20, 0.009952),
(50, 21, 0.009952),
(50, 22, 0.009952),
(50, 23, 0.009952),
(50, 24, 0.009952),
(50, 25, 0.009952),
(50, 26, 0.009952),
(50, 27, 0.009952),
(50, 28, 0.009952),
(50, 29, 0.009952),
(50, 30, 0.009952),
(50, 31, 0.009952),
(50, 32, 0.009952),
(50, 33, 0.009952),
(50, 34, 0.009952),
(50, 35, 0.009952),
(50, 36, 0.009952),
(50, 37, 0.009952),
(50, 38, 0.009952),
(50, 39, 0.009952),
(50, 40, 0.009952),
(50, 41, 0.009952),
(50, 42, 0.009952),
(50, 43, 0.009952),
(50, 44, 0.009952),
(50, 45, 0.009952),
(50, 46, 0.009952),
(50, 47, 0.009952),
(50, 48, 0.009952),
(50, 49, 0.009952),
(50, 50, 0.009952)
;
INSERT INTO Cancer (v0, p) VALUES
(1, 0.091123),
(2, 0.091123),
(3, 0.091123),
(4, 0.091123),
(5, 0.091123),
(6, 0.091123),
(7, 0.091123),
(8, 0.091123),
(9, 0.091123),
(10, 0.091123),
(11, 0.091123),
(12, 0.091123),
(13, 0.091123),
(14, 0.091123),
(15, 0.091123),
(16, 0.091123),
(17, 0.091123),
(18, 0.091123),
(19, 0.091123),
(20, 0.091123),
(21, 0.091123),
(22, 0.091123),
(23, 0.091123),
(24, 0.091123),
(25, 0.091123),
(26, 0.091123),
(27, 0.091123),
(28, 0.091123),
(29, 0.091123),
(30, 0.091123),
(31, 0.091123),
(32, 0.091123),
(33, 0.091123),
(34, 0.091123),
(35, 0.091123),
(36, 0.091123),
(37, 0.091123),
(38, 0.091123),
(39, 0.091123),
(40, 0.091123),
(41, 0.091123),
(42, 0.091123),
(43, 0.091123),
(44, 0.091123),
(45, 0.091123),
(46, 0.091123),
(47, 0.091123),
(48, 0.091123),
(49, 0.091123),
(50, 0.091123)
;
INSERT INTO Drinks (v0, p) VALUES
(1, 0.197816),
(2, 0.197816),
(3, 0.197816),
(4, 0.197816),
(5, 0.197816),
(6, 0.197816),
(7, 0.197816),
(8, 0.197816),
(9, 0.197816),
(10, 0.197816),
(11, 0.197816),
(12, 0.197816),
(13, 0.197816),
(14, 0.197816),
(15, 0.197816),
(16, 0.197816),
(17, 0.197816),
(18, 0.197816),
(19, 0.197816),
(20, 0.197816),
(21, 0.197816),
(22, 0.197816),
(23, 0.197816),
(24, 0.197816),
(25, 0.197816),
(26, 0.197816),
(27, 0.197816),
(28, 0.197816),
(29, 0.197816),
(30, 0.197816),
(31, 0.197816),
(32, 0.197816),
(33, 0.197816),
(34, 0.197816),
(35, 0.197816),
(36, 0.197816),
(37, 0.197816),
(38, 0.197816),
(39, 0.197816),
(40, 0.197816),
(41, 0.197816),
(42, 0.197816),
(43, 0.197816),
(44, 0.197816),
(45, 0.197816),
(46, 0.197816),
(47, 0.197816),
(48, 0.197816),
(49, 0.197816),
(50, 0.197816)
;
