-- n = 20, smokes = -1.4, friends = -4.6, cancer = -2.3, w(S,F => S) = 1.1, w(S=>C) = 1.5
-- command:  symmetricSmokesFriendsCancer.py 20 -1.4 -4.6 -2.3 1.1 1.5

DROP TABLE IF EXISTS P1;
DROP TABLE IF EXISTS P2;
DROP TABLE IF EXISTS Smokes;
DROP TABLE IF EXISTS Friends;
DROP TABLE IF EXISTS Cancer;
DROP TABLE IF EXISTS A;

CREATE TABLE A (
    v0   integer
);

CREATE TABLE P1 (
    id  serial,
    v0   integer,
    v1   integer,
    --p   double precision
    p   double precision
);

CREATE TABLE P2 (
    id  serial,
    v0   integer,
    --p   double precision
    p   double precision
);

CREATE TABLE Smokes (
    id  serial,
    v0   integer,
    --p   double precision
    p   double precision
);

CREATE TABLE Friends (
    id  serial,
    v0   integer,
    v1   integer,
    --p   double precision
    p   double precision
);

CREATE TABLE Cancer (
    id  serial,
    v0   integer,
    --p   double precision
    p   double precision
);

INSERT INTO A (v0) VALUES
(1),
(2),
(3),
(4),
(5),
(6),
(7),
(8),
(9),
(10),
(11),
(12),
(13),
(14),
(15),
(16),
(17),
(18),
(19),
(20);
INSERT INTO P1 (v0, v1, p) VALUES
(1, 1, 0.667129),
(1, 2, 0.667129),
(1, 3, 0.667129),
(1, 4, 0.667129),
(1, 5, 0.667129),
(1, 6, 0.667129),
(1, 7, 0.667129),
(1, 8, 0.667129),
(1, 9, 0.667129),
(1, 10, 0.667129),
(1, 11, 0.667129),
(1, 12, 0.667129),
(1, 13, 0.667129),
(1, 14, 0.667129),
(1, 15, 0.667129),
(1, 16, 0.667129),
(1, 17, 0.667129),
(1, 18, 0.667129),
(1, 19, 0.667129),
(1, 20, 0.667129),
(2, 1, 0.667129),
(2, 2, 0.667129),
(2, 3, 0.667129),
(2, 4, 0.667129),
(2, 5, 0.667129),
(2, 6, 0.667129),
(2, 7, 0.667129),
(2, 8, 0.667129),
(2, 9, 0.667129),
(2, 10, 0.667129),
(2, 11, 0.667129),
(2, 12, 0.667129),
(2, 13, 0.667129),
(2, 14, 0.667129),
(2, 15, 0.667129),
(2, 16, 0.667129),
(2, 17, 0.667129),
(2, 18, 0.667129),
(2, 19, 0.667129),
(2, 20, 0.667129),
(3, 1, 0.667129),
(3, 2, 0.667129),
(3, 3, 0.667129),
(3, 4, 0.667129),
(3, 5, 0.667129),
(3, 6, 0.667129),
(3, 7, 0.667129),
(3, 8, 0.667129),
(3, 9, 0.667129),
(3, 10, 0.667129),
(3, 11, 0.667129),
(3, 12, 0.667129),
(3, 13, 0.667129),
(3, 14, 0.667129),
(3, 15, 0.667129),
(3, 16, 0.667129),
(3, 17, 0.667129),
(3, 18, 0.667129),
(3, 19, 0.667129),
(3, 20, 0.667129),
(4, 1, 0.667129),
(4, 2, 0.667129),
(4, 3, 0.667129),
(4, 4, 0.667129),
(4, 5, 0.667129),
(4, 6, 0.667129),
(4, 7, 0.667129),
(4, 8, 0.667129),
(4, 9, 0.667129),
(4, 10, 0.667129),
(4, 11, 0.667129),
(4, 12, 0.667129),
(4, 13, 0.667129),
(4, 14, 0.667129),
(4, 15, 0.667129),
(4, 16, 0.667129),
(4, 17, 0.667129),
(4, 18, 0.667129),
(4, 19, 0.667129),
(4, 20, 0.667129),
(5, 1, 0.667129),
(5, 2, 0.667129),
(5, 3, 0.667129),
(5, 4, 0.667129),
(5, 5, 0.667129),
(5, 6, 0.667129),
(5, 7, 0.667129),
(5, 8, 0.667129),
(5, 9, 0.667129),
(5, 10, 0.667129),
(5, 11, 0.667129),
(5, 12, 0.667129),
(5, 13, 0.667129),
(5, 14, 0.667129),
(5, 15, 0.667129),
(5, 16, 0.667129),
(5, 17, 0.667129),
(5, 18, 0.667129),
(5, 19, 0.667129),
(5, 20, 0.667129),
(6, 1, 0.667129),
(6, 2, 0.667129),
(6, 3, 0.667129),
(6, 4, 0.667129),
(6, 5, 0.667129),
(6, 6, 0.667129),
(6, 7, 0.667129),
(6, 8, 0.667129),
(6, 9, 0.667129),
(6, 10, 0.667129),
(6, 11, 0.667129),
(6, 12, 0.667129),
(6, 13, 0.667129),
(6, 14, 0.667129),
(6, 15, 0.667129),
(6, 16, 0.667129),
(6, 17, 0.667129),
(6, 18, 0.667129),
(6, 19, 0.667129),
(6, 20, 0.667129),
(7, 1, 0.667129),
(7, 2, 0.667129),
(7, 3, 0.667129),
(7, 4, 0.667129),
(7, 5, 0.667129),
(7, 6, 0.667129),
(7, 7, 0.667129),
(7, 8, 0.667129),
(7, 9, 0.667129),
(7, 10, 0.667129),
(7, 11, 0.667129),
(7, 12, 0.667129),
(7, 13, 0.667129),
(7, 14, 0.667129),
(7, 15, 0.667129),
(7, 16, 0.667129),
(7, 17, 0.667129),
(7, 18, 0.667129),
(7, 19, 0.667129),
(7, 20, 0.667129),
(8, 1, 0.667129),
(8, 2, 0.667129),
(8, 3, 0.667129),
(8, 4, 0.667129),
(8, 5, 0.667129),
(8, 6, 0.667129),
(8, 7, 0.667129),
(8, 8, 0.667129),
(8, 9, 0.667129),
(8, 10, 0.667129),
(8, 11, 0.667129),
(8, 12, 0.667129),
(8, 13, 0.667129),
(8, 14, 0.667129),
(8, 15, 0.667129),
(8, 16, 0.667129),
(8, 17, 0.667129),
(8, 18, 0.667129),
(8, 19, 0.667129),
(8, 20, 0.667129),
(9, 1, 0.667129),
(9, 2, 0.667129),
(9, 3, 0.667129),
(9, 4, 0.667129),
(9, 5, 0.667129),
(9, 6, 0.667129),
(9, 7, 0.667129),
(9, 8, 0.667129),
(9, 9, 0.667129),
(9, 10, 0.667129),
(9, 11, 0.667129),
(9, 12, 0.667129),
(9, 13, 0.667129),
(9, 14, 0.667129),
(9, 15, 0.667129),
(9, 16, 0.667129),
(9, 17, 0.667129),
(9, 18, 0.667129),
(9, 19, 0.667129),
(9, 20, 0.667129),
(10, 1, 0.667129),
(10, 2, 0.667129),
(10, 3, 0.667129),
(10, 4, 0.667129),
(10, 5, 0.667129),
(10, 6, 0.667129),
(10, 7, 0.667129),
(10, 8, 0.667129),
(10, 9, 0.667129),
(10, 10, 0.667129),
(10, 11, 0.667129),
(10, 12, 0.667129),
(10, 13, 0.667129),
(10, 14, 0.667129),
(10, 15, 0.667129),
(10, 16, 0.667129),
(10, 17, 0.667129),
(10, 18, 0.667129),
(10, 19, 0.667129),
(10, 20, 0.667129),
(11, 1, 0.667129),
(11, 2, 0.667129),
(11, 3, 0.667129),
(11, 4, 0.667129),
(11, 5, 0.667129),
(11, 6, 0.667129),
(11, 7, 0.667129),
(11, 8, 0.667129),
(11, 9, 0.667129),
(11, 10, 0.667129),
(11, 11, 0.667129),
(11, 12, 0.667129),
(11, 13, 0.667129),
(11, 14, 0.667129),
(11, 15, 0.667129),
(11, 16, 0.667129),
(11, 17, 0.667129),
(11, 18, 0.667129),
(11, 19, 0.667129),
(11, 20, 0.667129),
(12, 1, 0.667129),
(12, 2, 0.667129),
(12, 3, 0.667129),
(12, 4, 0.667129),
(12, 5, 0.667129),
(12, 6, 0.667129),
(12, 7, 0.667129),
(12, 8, 0.667129),
(12, 9, 0.667129),
(12, 10, 0.667129),
(12, 11, 0.667129),
(12, 12, 0.667129),
(12, 13, 0.667129),
(12, 14, 0.667129),
(12, 15, 0.667129),
(12, 16, 0.667129),
(12, 17, 0.667129),
(12, 18, 0.667129),
(12, 19, 0.667129),
(12, 20, 0.667129),
(13, 1, 0.667129),
(13, 2, 0.667129),
(13, 3, 0.667129),
(13, 4, 0.667129),
(13, 5, 0.667129),
(13, 6, 0.667129),
(13, 7, 0.667129),
(13, 8, 0.667129),
(13, 9, 0.667129),
(13, 10, 0.667129),
(13, 11, 0.667129),
(13, 12, 0.667129),
(13, 13, 0.667129),
(13, 14, 0.667129),
(13, 15, 0.667129),
(13, 16, 0.667129),
(13, 17, 0.667129),
(13, 18, 0.667129),
(13, 19, 0.667129),
(13, 20, 0.667129),
(14, 1, 0.667129),
(14, 2, 0.667129),
(14, 3, 0.667129),
(14, 4, 0.667129),
(14, 5, 0.667129),
(14, 6, 0.667129),
(14, 7, 0.667129),
(14, 8, 0.667129),
(14, 9, 0.667129),
(14, 10, 0.667129),
(14, 11, 0.667129),
(14, 12, 0.667129),
(14, 13, 0.667129),
(14, 14, 0.667129),
(14, 15, 0.667129),
(14, 16, 0.667129),
(14, 17, 0.667129),
(14, 18, 0.667129),
(14, 19, 0.667129),
(14, 20, 0.667129),
(15, 1, 0.667129),
(15, 2, 0.667129),
(15, 3, 0.667129),
(15, 4, 0.667129),
(15, 5, 0.667129),
(15, 6, 0.667129),
(15, 7, 0.667129),
(15, 8, 0.667129),
(15, 9, 0.667129),
(15, 10, 0.667129),
(15, 11, 0.667129),
(15, 12, 0.667129),
(15, 13, 0.667129),
(15, 14, 0.667129),
(15, 15, 0.667129),
(15, 16, 0.667129),
(15, 17, 0.667129),
(15, 18, 0.667129),
(15, 19, 0.667129),
(15, 20, 0.667129),
(16, 1, 0.667129),
(16, 2, 0.667129),
(16, 3, 0.667129),
(16, 4, 0.667129),
(16, 5, 0.667129),
(16, 6, 0.667129),
(16, 7, 0.667129),
(16, 8, 0.667129),
(16, 9, 0.667129),
(16, 10, 0.667129),
(16, 11, 0.667129),
(16, 12, 0.667129),
(16, 13, 0.667129),
(16, 14, 0.667129),
(16, 15, 0.667129),
(16, 16, 0.667129),
(16, 17, 0.667129),
(16, 18, 0.667129),
(16, 19, 0.667129),
(16, 20, 0.667129),
(17, 1, 0.667129),
(17, 2, 0.667129),
(17, 3, 0.667129),
(17, 4, 0.667129),
(17, 5, 0.667129),
(17, 6, 0.667129),
(17, 7, 0.667129),
(17, 8, 0.667129),
(17, 9, 0.667129),
(17, 10, 0.667129),
(17, 11, 0.667129),
(17, 12, 0.667129),
(17, 13, 0.667129),
(17, 14, 0.667129),
(17, 15, 0.667129),
(17, 16, 0.667129),
(17, 17, 0.667129),
(17, 18, 0.667129),
(17, 19, 0.667129),
(17, 20, 0.667129),
(18, 1, 0.667129),
(18, 2, 0.667129),
(18, 3, 0.667129),
(18, 4, 0.667129),
(18, 5, 0.667129),
(18, 6, 0.667129),
(18, 7, 0.667129),
(18, 8, 0.667129),
(18, 9, 0.667129),
(18, 10, 0.667129),
(18, 11, 0.667129),
(18, 12, 0.667129),
(18, 13, 0.667129),
(18, 14, 0.667129),
(18, 15, 0.667129),
(18, 16, 0.667129),
(18, 17, 0.667129),
(18, 18, 0.667129),
(18, 19, 0.667129),
(18, 20, 0.667129),
(19, 1, 0.667129),
(19, 2, 0.667129),
(19, 3, 0.667129),
(19, 4, 0.667129),
(19, 5, 0.667129),
(19, 6, 0.667129),
(19, 7, 0.667129),
(19, 8, 0.667129),
(19, 9, 0.667129),
(19, 10, 0.667129),
(19, 11, 0.667129),
(19, 12, 0.667129),
(19, 13, 0.667129),
(19, 14, 0.667129),
(19, 15, 0.667129),
(19, 16, 0.667129),
(19, 17, 0.667129),
(19, 18, 0.667129),
(19, 19, 0.667129),
(19, 20, 0.667129),
(20, 1, 0.667129),
(20, 2, 0.667129),
(20, 3, 0.667129),
(20, 4, 0.667129),
(20, 5, 0.667129),
(20, 6, 0.667129),
(20, 7, 0.667129),
(20, 8, 0.667129),
(20, 9, 0.667129),
(20, 10, 0.667129),
(20, 11, 0.667129),
(20, 12, 0.667129),
(20, 13, 0.667129),
(20, 14, 0.667129),
(20, 15, 0.667129),
(20, 16, 0.667129),
(20, 17, 0.667129),
(20, 18, 0.667129),
(20, 19, 0.667129),
(20, 20, 0.667129)
;
INSERT INTO P2 (v0, p) VALUES
(1, 0.776870),
(2, 0.776870),
(3, 0.776870),
(4, 0.776870),
(5, 0.776870),
(6, 0.776870),
(7, 0.776870),
(8, 0.776870),
(9, 0.776870),
(10, 0.776870),
(11, 0.776870),
(12, 0.776870),
(13, 0.776870),
(14, 0.776870),
(15, 0.776870),
(16, 0.776870),
(17, 0.776870),
(18, 0.776870),
(19, 0.776870),
(20, 0.776870)
;
INSERT INTO Smokes (v0, p) VALUES
(1, 0.197816),
(2, 0.197816),
(3, 0.197816),
(4, 0.197816),
(5, 0.197816),
(6, 0.197816),
(7, 0.197816),
(8, 0.197816),
(9, 0.197816),
(10, 0.197816),
(11, 0.197816),
(12, 0.197816),
(13, 0.197816),
(14, 0.197816),
(15, 0.197816),
(16, 0.197816),
(17, 0.197816),
(18, 0.197816),
(19, 0.197816),
(20, 0.197816)
;
INSERT INTO Friends (v0, v1, p) VALUES
(1, 1, 0.009952),
(1, 2, 0.009952),
(1, 3, 0.009952),
(1, 4, 0.009952),
(1, 5, 0.009952),
(1, 6, 0.009952),
(1, 7, 0.009952),
(1, 8, 0.009952),
(1, 9, 0.009952),
(1, 10, 0.009952),
(1, 11, 0.009952),
(1, 12, 0.009952),
(1, 13, 0.009952),
(1, 14, 0.009952),
(1, 15, 0.009952),
(1, 16, 0.009952),
(1, 17, 0.009952),
(1, 18, 0.009952),
(1, 19, 0.009952),
(1, 20, 0.009952),
(2, 1, 0.009952),
(2, 2, 0.009952),
(2, 3, 0.009952),
(2, 4, 0.009952),
(2, 5, 0.009952),
(2, 6, 0.009952),
(2, 7, 0.009952),
(2, 8, 0.009952),
(2, 9, 0.009952),
(2, 10, 0.009952),
(2, 11, 0.009952),
(2, 12, 0.009952),
(2, 13, 0.009952),
(2, 14, 0.009952),
(2, 15, 0.009952),
(2, 16, 0.009952),
(2, 17, 0.009952),
(2, 18, 0.009952),
(2, 19, 0.009952),
(2, 20, 0.009952),
(3, 1, 0.009952),
(3, 2, 0.009952),
(3, 3, 0.009952),
(3, 4, 0.009952),
(3, 5, 0.009952),
(3, 6, 0.009952),
(3, 7, 0.009952),
(3, 8, 0.009952),
(3, 9, 0.009952),
(3, 10, 0.009952),
(3, 11, 0.009952),
(3, 12, 0.009952),
(3, 13, 0.009952),
(3, 14, 0.009952),
(3, 15, 0.009952),
(3, 16, 0.009952),
(3, 17, 0.009952),
(3, 18, 0.009952),
(3, 19, 0.009952),
(3, 20, 0.009952),
(4, 1, 0.009952),
(4, 2, 0.009952),
(4, 3, 0.009952),
(4, 4, 0.009952),
(4, 5, 0.009952),
(4, 6, 0.009952),
(4, 7, 0.009952),
(4, 8, 0.009952),
(4, 9, 0.009952),
(4, 10, 0.009952),
(4, 11, 0.009952),
(4, 12, 0.009952),
(4, 13, 0.009952),
(4, 14, 0.009952),
(4, 15, 0.009952),
(4, 16, 0.009952),
(4, 17, 0.009952),
(4, 18, 0.009952),
(4, 19, 0.009952),
(4, 20, 0.009952),
(5, 1, 0.009952),
(5, 2, 0.009952),
(5, 3, 0.009952),
(5, 4, 0.009952),
(5, 5, 0.009952),
(5, 6, 0.009952),
(5, 7, 0.009952),
(5, 8, 0.009952),
(5, 9, 0.009952),
(5, 10, 0.009952),
(5, 11, 0.009952),
(5, 12, 0.009952),
(5, 13, 0.009952),
(5, 14, 0.009952),
(5, 15, 0.009952),
(5, 16, 0.009952),
(5, 17, 0.009952),
(5, 18, 0.009952),
(5, 19, 0.009952),
(5, 20, 0.009952),
(6, 1, 0.009952),
(6, 2, 0.009952),
(6, 3, 0.009952),
(6, 4, 0.009952),
(6, 5, 0.009952),
(6, 6, 0.009952),
(6, 7, 0.009952),
(6, 8, 0.009952),
(6, 9, 0.009952),
(6, 10, 0.009952),
(6, 11, 0.009952),
(6, 12, 0.009952),
(6, 13, 0.009952),
(6, 14, 0.009952),
(6, 15, 0.009952),
(6, 16, 0.009952),
(6, 17, 0.009952),
(6, 18, 0.009952),
(6, 19, 0.009952),
(6, 20, 0.009952),
(7, 1, 0.009952),
(7, 2, 0.009952),
(7, 3, 0.009952),
(7, 4, 0.009952),
(7, 5, 0.009952),
(7, 6, 0.009952),
(7, 7, 0.009952),
(7, 8, 0.009952),
(7, 9, 0.009952),
(7, 10, 0.009952),
(7, 11, 0.009952),
(7, 12, 0.009952),
(7, 13, 0.009952),
(7, 14, 0.009952),
(7, 15, 0.009952),
(7, 16, 0.009952),
(7, 17, 0.009952),
(7, 18, 0.009952),
(7, 19, 0.009952),
(7, 20, 0.009952),
(8, 1, 0.009952),
(8, 2, 0.009952),
(8, 3, 0.009952),
(8, 4, 0.009952),
(8, 5, 0.009952),
(8, 6, 0.009952),
(8, 7, 0.009952),
(8, 8, 0.009952),
(8, 9, 0.009952),
(8, 10, 0.009952),
(8, 11, 0.009952),
(8, 12, 0.009952),
(8, 13, 0.009952),
(8, 14, 0.009952),
(8, 15, 0.009952),
(8, 16, 0.009952),
(8, 17, 0.009952),
(8, 18, 0.009952),
(8, 19, 0.009952),
(8, 20, 0.009952),
(9, 1, 0.009952),
(9, 2, 0.009952),
(9, 3, 0.009952),
(9, 4, 0.009952),
(9, 5, 0.009952),
(9, 6, 0.009952),
(9, 7, 0.009952),
(9, 8, 0.009952),
(9, 9, 0.009952),
(9, 10, 0.009952),
(9, 11, 0.009952),
(9, 12, 0.009952),
(9, 13, 0.009952),
(9, 14, 0.009952),
(9, 15, 0.009952),
(9, 16, 0.009952),
(9, 17, 0.009952),
(9, 18, 0.009952),
(9, 19, 0.009952),
(9, 20, 0.009952),
(10, 1, 0.009952),
(10, 2, 0.009952),
(10, 3, 0.009952),
(10, 4, 0.009952),
(10, 5, 0.009952),
(10, 6, 0.009952),
(10, 7, 0.009952),
(10, 8, 0.009952),
(10, 9, 0.009952),
(10, 10, 0.009952),
(10, 11, 0.009952),
(10, 12, 0.009952),
(10, 13, 0.009952),
(10, 14, 0.009952),
(10, 15, 0.009952),
(10, 16, 0.009952),
(10, 17, 0.009952),
(10, 18, 0.009952),
(10, 19, 0.009952),
(10, 20, 0.009952),
(11, 1, 0.009952),
(11, 2, 0.009952),
(11, 3, 0.009952),
(11, 4, 0.009952),
(11, 5, 0.009952),
(11, 6, 0.009952),
(11, 7, 0.009952),
(11, 8, 0.009952),
(11, 9, 0.009952),
(11, 10, 0.009952),
(11, 11, 0.009952),
(11, 12, 0.009952),
(11, 13, 0.009952),
(11, 14, 0.009952),
(11, 15, 0.009952),
(11, 16, 0.009952),
(11, 17, 0.009952),
(11, 18, 0.009952),
(11, 19, 0.009952),
(11, 20, 0.009952),
(12, 1, 0.009952),
(12, 2, 0.009952),
(12, 3, 0.009952),
(12, 4, 0.009952),
(12, 5, 0.009952),
(12, 6, 0.009952),
(12, 7, 0.009952),
(12, 8, 0.009952),
(12, 9, 0.009952),
(12, 10, 0.009952),
(12, 11, 0.009952),
(12, 12, 0.009952),
(12, 13, 0.009952),
(12, 14, 0.009952),
(12, 15, 0.009952),
(12, 16, 0.009952),
(12, 17, 0.009952),
(12, 18, 0.009952),
(12, 19, 0.009952),
(12, 20, 0.009952),
(13, 1, 0.009952),
(13, 2, 0.009952),
(13, 3, 0.009952),
(13, 4, 0.009952),
(13, 5, 0.009952),
(13, 6, 0.009952),
(13, 7, 0.009952),
(13, 8, 0.009952),
(13, 9, 0.009952),
(13, 10, 0.009952),
(13, 11, 0.009952),
(13, 12, 0.009952),
(13, 13, 0.009952),
(13, 14, 0.009952),
(13, 15, 0.009952),
(13, 16, 0.009952),
(13, 17, 0.009952),
(13, 18, 0.009952),
(13, 19, 0.009952),
(13, 20, 0.009952),
(14, 1, 0.009952),
(14, 2, 0.009952),
(14, 3, 0.009952),
(14, 4, 0.009952),
(14, 5, 0.009952),
(14, 6, 0.009952),
(14, 7, 0.009952),
(14, 8, 0.009952),
(14, 9, 0.009952),
(14, 10, 0.009952),
(14, 11, 0.009952),
(14, 12, 0.009952),
(14, 13, 0.009952),
(14, 14, 0.009952),
(14, 15, 0.009952),
(14, 16, 0.009952),
(14, 17, 0.009952),
(14, 18, 0.009952),
(14, 19, 0.009952),
(14, 20, 0.009952),
(15, 1, 0.009952),
(15, 2, 0.009952),
(15, 3, 0.009952),
(15, 4, 0.009952),
(15, 5, 0.009952),
(15, 6, 0.009952),
(15, 7, 0.009952),
(15, 8, 0.009952),
(15, 9, 0.009952),
(15, 10, 0.009952),
(15, 11, 0.009952),
(15, 12, 0.009952),
(15, 13, 0.009952),
(15, 14, 0.009952),
(15, 15, 0.009952),
(15, 16, 0.009952),
(15, 17, 0.009952),
(15, 18, 0.009952),
(15, 19, 0.009952),
(15, 20, 0.009952),
(16, 1, 0.009952),
(16, 2, 0.009952),
(16, 3, 0.009952),
(16, 4, 0.009952),
(16, 5, 0.009952),
(16, 6, 0.009952),
(16, 7, 0.009952),
(16, 8, 0.009952),
(16, 9, 0.009952),
(16, 10, 0.009952),
(16, 11, 0.009952),
(16, 12, 0.009952),
(16, 13, 0.009952),
(16, 14, 0.009952),
(16, 15, 0.009952),
(16, 16, 0.009952),
(16, 17, 0.009952),
(16, 18, 0.009952),
(16, 19, 0.009952),
(16, 20, 0.009952),
(17, 1, 0.009952),
(17, 2, 0.009952),
(17, 3, 0.009952),
(17, 4, 0.009952),
(17, 5, 0.009952),
(17, 6, 0.009952),
(17, 7, 0.009952),
(17, 8, 0.009952),
(17, 9, 0.009952),
(17, 10, 0.009952),
(17, 11, 0.009952),
(17, 12, 0.009952),
(17, 13, 0.009952),
(17, 14, 0.009952),
(17, 15, 0.009952),
(17, 16, 0.009952),
(17, 17, 0.009952),
(17, 18, 0.009952),
(17, 19, 0.009952),
(17, 20, 0.009952),
(18, 1, 0.009952),
(18, 2, 0.009952),
(18, 3, 0.009952),
(18, 4, 0.009952),
(18, 5, 0.009952),
(18, 6, 0.009952),
(18, 7, 0.009952),
(18, 8, 0.009952),
(18, 9, 0.009952),
(18, 10, 0.009952),
(18, 11, 0.009952),
(18, 12, 0.009952),
(18, 13, 0.009952),
(18, 14, 0.009952),
(18, 15, 0.009952),
(18, 16, 0.009952),
(18, 17, 0.009952),
(18, 18, 0.009952),
(18, 19, 0.009952),
(18, 20, 0.009952),
(19, 1, 0.009952),
(19, 2, 0.009952),
(19, 3, 0.009952),
(19, 4, 0.009952),
(19, 5, 0.009952),
(19, 6, 0.009952),
(19, 7, 0.009952),
(19, 8, 0.009952),
(19, 9, 0.009952),
(19, 10, 0.009952),
(19, 11, 0.009952),
(19, 12, 0.009952),
(19, 13, 0.009952),
(19, 14, 0.009952),
(19, 15, 0.009952),
(19, 16, 0.009952),
(19, 17, 0.009952),
(19, 18, 0.009952),
(19, 19, 0.009952),
(19, 20, 0.009952),
(20, 1, 0.009952),
(20, 2, 0.009952),
(20, 3, 0.009952),
(20, 4, 0.009952),
(20, 5, 0.009952),
(20, 6, 0.009952),
(20, 7, 0.009952),
(20, 8, 0.009952),
(20, 9, 0.009952),
(20, 10, 0.009952),
(20, 11, 0.009952),
(20, 12, 0.009952),
(20, 13, 0.009952),
(20, 14, 0.009952),
(20, 15, 0.009952),
(20, 16, 0.009952),
(20, 17, 0.009952),
(20, 18, 0.009952),
(20, 19, 0.009952),
(20, 20, 0.009952)
;
INSERT INTO Cancer (v0, p) VALUES
(1, 0.091123),
(2, 0.091123),
(3, 0.091123),
(4, 0.091123),
(5, 0.091123),
(6, 0.091123),
(7, 0.091123),
(8, 0.091123),
(9, 0.091123),
(10, 0.091123),
(11, 0.091123),
(12, 0.091123),
(13, 0.091123),
(14, 0.091123),
(15, 0.091123),
(16, 0.091123),
(17, 0.091123),
(18, 0.091123),
(19, 0.091123),
(20, 0.091123)
;
