-- command:  asymmetricRulesWebKB.py 5 3 2 -1 -1 0.1 0.1 0.1 1.1 0

DROP TABLE IF EXISTS P1;
DROP TABLE IF EXISTS P2;
DROP TABLE IF EXISTS P3;
DROP TABLE IF EXISTS Has;
DROP TABLE IF EXISTS Class;
DROP TABLE IF EXISTS Link;
DROP TABLE IF EXISTS A_Pages;
DROP TABLE IF EXISTS A_Words;
DROP TABLE IF EXISTS A_Classes;

CREATE TABLE A_Pages (
    v0   integer
);

CREATE TABLE A_Words (
    v0   integer
);

CREATE TABLE A_Classes (
    v0   integer
);

CREATE TABLE P1 (
    id  serial,
    v0   integer,
    v1   integer,
    v2   integer,
    --p   double precision
    p   double precision
);

CREATE TABLE P2 (
    id  serial,
    v0   integer,
    v1   integer,
    v2   integer,
    --p   double precision
    p   double precision
);

CREATE TABLE P3 (
    id  serial,
    v0   integer,
    v1   integer,
    v2   integer,
    v3   integer,
    --p   double precision
    p   double precision
);

CREATE TABLE Has (
    id  serial,
    v0   integer,
    v1   integer,
    --p   double precision
    p   double precision
);

CREATE TABLE Class (
    id  serial,
    v0   integer,
    v1   integer,
    --p   double precision
    p   double precision
);

CREATE TABLE Link (
    id  serial,
    v0   integer,
    v1   integer,
    --p   double precision
    p   double precision
);

INSERT INTO A_Pages (v0) VALUES
(1),
(2),
(3),
(4),
(5);
INSERT INTO A_Words (v0) VALUES
(1),
(2),
(3);
INSERT INTO A_Classes (v0) VALUES
(1),
(2);
INSERT INTO P1 (v0, v1, v2, p) VALUES
(1, 1, 1, 0.095163),
(2, 1, 1, 0.095163),
(3, 1, 1, 0.095163),
(4, 1, 1, 0.095163),
(5, 1, 1, 0.095163),
(1, 1, 2, 0.095163),
(2, 1, 2, 0.095163),
(3, 1, 2, 0.095163),
(4, 1, 2, 0.095163),
(5, 1, 2, 0.095163),
(1, 2, 1, 0.095163),
(2, 2, 1, 0.095163),
(3, 2, 1, 0.095163),
(4, 2, 1, 0.095163),
(5, 2, 1, 0.095163),
(1, 2, 2, 0.095163),
(2, 2, 2, 0.095163),
(3, 2, 2, 0.095163),
(4, 2, 2, 0.095163),
(5, 2, 2, 0.095163),
(1, 3, 1, 0.095163),
(2, 3, 1, 0.095163),
(3, 3, 1, 0.095163),
(4, 3, 1, 0.095163),
(5, 3, 1, 0.095163),
(1, 3, 2, 0.095163),
(2, 3, 2, 0.095163),
(3, 3, 2, 0.095163),
(4, 3, 2, 0.095163),
(5, 3, 2, 0.095163)
;
INSERT INTO P2 (v0, v1, v2, p) VALUES
(1, 1, 1, 0.095163),
(2, 1, 1, 0.095163),
(3, 1, 1, 0.095163),
(4, 1, 1, 0.095163),
(5, 1, 1, 0.095163),
(1, 1, 2, 0.095163),
(2, 1, 2, 0.095163),
(3, 1, 2, 0.095163),
(4, 1, 2, 0.095163),
(5, 1, 2, 0.095163),
(1, 2, 1, 0.095163),
(2, 2, 1, 0.095163),
(3, 2, 1, 0.095163),
(4, 2, 1, 0.095163),
(5, 2, 1, 0.095163),
(1, 2, 2, 0.095163),
(2, 2, 2, 0.095163),
(3, 2, 2, 0.095163),
(4, 2, 2, 0.095163),
(5, 2, 2, 0.095163),
(1, 3, 1, 0.095163),
(2, 3, 1, 0.095163),
(3, 3, 1, 0.095163),
(4, 3, 1, 0.095163),
(5, 3, 1, 0.095163),
(1, 3, 2, 0.095163),
(2, 3, 2, 0.095163),
(3, 3, 2, 0.095163),
(4, 3, 2, 0.095163),
(5, 3, 2, 0.095163)
;
INSERT INTO Has (v0, v1, p) VALUES
(1, 1, 0.268941),
(1, 2, 0.268941),
(1, 3, 0.268941),
(2, 1, 0.268941),
(2, 2, 0.268941),
(2, 3, 0.268941),
(3, 1, 0.268941),
(3, 2, 0.268941),
(3, 3, 0.268941),
(4, 1, 0.268941),
(4, 2, 0.268941),
(4, 3, 0.268941),
(5, 1, 0.268941),
(5, 2, 0.268941),
(5, 3, 0.268941)
;
INSERT INTO Class (v0, v1, p) VALUES
(1, 1, 0.268941),
(1, 2, 0.268941),
(2, 1, 0.268941),
(2, 2, 0.268941),
(3, 1, 0.268941),
(3, 2, 0.268941),
(4, 1, 0.268941),
(4, 2, 0.268941),
(5, 1, 0.268941),
(5, 2, 0.268941)
;
INSERT INTO Link (v0, v1, p) VALUES
(1, 5, 1.000000),
(3, 2, 1.000000),
(3, 3, 1.000000),
(3, 4, 1.000000),
(4, 2, 1.000000)
;
INSERT INTO P3 (v0, v1, v2, v3, p) VALUES
(1, 1, 1, 1, 0.667129),
(1, 1, 2, 1, 0.667129),
(1, 1, 3, 1, 0.667129),
(1, 1, 4, 1, 0.667129),
(1, 1, 5, 1, 0.667129),
(2, 1, 1, 1, 0.667129),
(2, 1, 2, 1, 0.667129),
(2, 1, 3, 1, 0.667129),
(2, 1, 4, 1, 0.667129),
(2, 1, 5, 1, 0.667129),
(3, 1, 1, 1, 0.667129),
(3, 1, 2, 1, 0.667129),
(3, 1, 3, 1, 0.667129),
(3, 1, 4, 1, 0.667129),
(3, 1, 5, 1, 0.667129),
(4, 1, 1, 1, 0.667129),
(4, 1, 2, 1, 0.667129),
(4, 1, 3, 1, 0.667129),
(4, 1, 4, 1, 0.667129),
(4, 1, 5, 1, 0.667129),
(5, 1, 1, 1, 0.667129),
(5, 1, 2, 1, 0.667129),
(5, 1, 3, 1, 0.667129),
(5, 1, 4, 1, 0.667129),
(5, 1, 5, 1, 0.667129),
(1, 1, 1, 2, 0.667129),
(1, 1, 2, 2, 0.667129),
(1, 1, 3, 2, 0.667129),
(1, 1, 4, 2, 0.667129),
(1, 1, 5, 2, 0.667129),
(2, 1, 1, 2, 0.667129),
(2, 1, 2, 2, 0.667129),
(2, 1, 3, 2, 0.667129),
(2, 1, 4, 2, 0.667129),
(2, 1, 5, 2, 0.667129),
(3, 1, 1, 2, 0.667129),
(3, 1, 2, 2, 0.667129),
(3, 1, 3, 2, 0.667129),
(3, 1, 4, 2, 0.667129),
(3, 1, 5, 2, 0.667129),
(4, 1, 1, 2, 0.667129),
(4, 1, 2, 2, 0.667129),
(4, 1, 3, 2, 0.667129),
(4, 1, 4, 2, 0.667129),
(4, 1, 5, 2, 0.667129),
(5, 1, 1, 2, 0.667129),
(5, 1, 2, 2, 0.667129),
(5, 1, 3, 2, 0.667129),
(5, 1, 4, 2, 0.667129),
(5, 1, 5, 2, 0.667129),
(1, 2, 1, 1, 0.667129),
(1, 2, 2, 1, 0.667129),
(1, 2, 3, 1, 0.667129),
(1, 2, 4, 1, 0.667129),
(1, 2, 5, 1, 0.667129),
(2, 2, 1, 1, 0.667129),
(2, 2, 2, 1, 0.667129),
(2, 2, 3, 1, 0.667129),
(2, 2, 4, 1, 0.667129),
(2, 2, 5, 1, 0.667129),
(3, 2, 1, 1, 0.667129),
(3, 2, 2, 1, 0.667129),
(3, 2, 3, 1, 0.667129),
(3, 2, 4, 1, 0.667129),
(3, 2, 5, 1, 0.667129),
(4, 2, 1, 1, 0.667129),
(4, 2, 2, 1, 0.667129),
(4, 2, 3, 1, 0.667129),
(4, 2, 4, 1, 0.667129),
(4, 2, 5, 1, 0.667129),
(5, 2, 1, 1, 0.667129),
(5, 2, 2, 1, 0.667129),
(5, 2, 3, 1, 0.667129),
(5, 2, 4, 1, 0.667129),
(5, 2, 5, 1, 0.667129),
(1, 2, 1, 2, 0.667129),
(1, 2, 2, 2, 0.667129),
(1, 2, 3, 2, 0.667129),
(1, 2, 4, 2, 0.667129),
(1, 2, 5, 2, 0.667129),
(2, 2, 1, 2, 0.667129),
(2, 2, 2, 2, 0.667129),
(2, 2, 3, 2, 0.667129),
(2, 2, 4, 2, 0.667129),
(2, 2, 5, 2, 0.667129),
(3, 2, 1, 2, 0.667129),
(3, 2, 2, 2, 0.667129),
(3, 2, 3, 2, 0.667129),
(3, 2, 4, 2, 0.667129),
(3, 2, 5, 2, 0.667129),
(4, 2, 1, 2, 0.667129),
(4, 2, 2, 2, 0.667129),
(4, 2, 3, 2, 0.667129),
(4, 2, 4, 2, 0.667129),
(4, 2, 5, 2, 0.667129),
(5, 2, 1, 2, 0.667129),
(5, 2, 2, 2, 0.667129),
(5, 2, 3, 2, 0.667129),
(5, 2, 4, 2, 0.667129),
(5, 2, 5, 2, 0.667129)
;
