-- command:  asymmetricRulesWebKB.py 20 10 5 -1 -1 0.05 0.01 0.01 1.1 0.1

DROP TABLE IF EXISTS P1;
DROP TABLE IF EXISTS P2;
DROP TABLE IF EXISTS P3;
DROP TABLE IF EXISTS Has;
DROP TABLE IF EXISTS Class;
DROP TABLE IF EXISTS Link;
DROP TABLE IF EXISTS A_Pages;
DROP TABLE IF EXISTS A_Words;
DROP TABLE IF EXISTS A_Classes;

CREATE TABLE A_Pages (
    v0   integer
);

CREATE TABLE A_Words (
    v0   integer
);

CREATE TABLE A_Classes (
    v0   integer
);

CREATE TABLE P1 (
    id  serial,
    v0   integer,
    v1   integer,
    v2   integer,
    --p   double precision
    p   double precision
);

CREATE TABLE P2 (
    id  serial,
    v0   integer,
    v1   integer,
    v2   integer,
    --p   double precision
    p   double precision
);

CREATE TABLE P3 (
    id  serial,
    v0   integer,
    v1   integer,
    v2   integer,
    v3   integer,
    --p   double precision
    p   double precision
);

CREATE TABLE Has (
    id  serial,
    v0   integer,
    v1   integer,
    --p   double precision
    p   double precision
);

CREATE TABLE Class (
    id  serial,
    v0   integer,
    v1   integer,
    --p   double precision
    p   double precision
);

CREATE TABLE Link (
    id  serial,
    v0   integer,
    v1   integer,
    --p   double precision
    p   double precision
);

INSERT INTO A_Pages (v0) VALUES
(1),
(2),
(3),
(4),
(5),
(6),
(7),
(8),
(9),
(10),
(11),
(12),
(13),
(14),
(15),
(16),
(17),
(18),
(19),
(20);
INSERT INTO A_Words (v0) VALUES
(1),
(2),
(3),
(4),
(5),
(6),
(7),
(8),
(9),
(10);
INSERT INTO A_Classes (v0) VALUES
(1),
(2),
(3),
(4),
(5);
INSERT INTO P1 (v0, v1, v2, p) VALUES
(1, 1, 1, 0.089346),
(2, 1, 1, 0.089346),
(3, 1, 1, 0.089346),
(4, 1, 1, 0.089346),
(5, 1, 1, 0.089346),
(6, 1, 1, 0.089346),
(7, 1, 1, 0.089346),
(8, 1, 1, 0.089346),
(9, 1, 1, 0.089346),
(10, 1, 1, 0.089346),
(11, 1, 1, 0.089346),
(12, 1, 1, 0.089346),
(13, 1, 1, 0.089346),
(14, 1, 1, 0.089346),
(15, 1, 1, 0.089346),
(16, 1, 1, 0.089346),
(17, 1, 1, 0.089346),
(18, 1, 1, 0.089346),
(19, 1, 1, 0.089346),
(20, 1, 1, 0.089346),
(1, 1, 2, 0.042269),
(2, 1, 2, 0.042269),
(3, 1, 2, 0.042269),
(4, 1, 2, 0.042269),
(5, 1, 2, 0.042269),
(6, 1, 2, 0.042269),
(7, 1, 2, 0.042269),
(8, 1, 2, 0.042269),
(9, 1, 2, 0.042269),
(10, 1, 2, 0.042269),
(11, 1, 2, 0.042269),
(12, 1, 2, 0.042269),
(13, 1, 2, 0.042269),
(14, 1, 2, 0.042269),
(15, 1, 2, 0.042269),
(16, 1, 2, 0.042269),
(17, 1, 2, 0.042269),
(18, 1, 2, 0.042269),
(19, 1, 2, 0.042269),
(20, 1, 2, 0.042269),
(1, 1, 3, 0.061894),
(2, 1, 3, 0.061894),
(3, 1, 3, 0.061894),
(4, 1, 3, 0.061894),
(5, 1, 3, 0.061894),
(6, 1, 3, 0.061894),
(7, 1, 3, 0.061894),
(8, 1, 3, 0.061894),
(9, 1, 3, 0.061894),
(10, 1, 3, 0.061894),
(11, 1, 3, 0.061894),
(12, 1, 3, 0.061894),
(13, 1, 3, 0.061894),
(14, 1, 3, 0.061894),
(15, 1, 3, 0.061894),
(16, 1, 3, 0.061894),
(17, 1, 3, 0.061894),
(18, 1, 3, 0.061894),
(19, 1, 3, 0.061894),
(20, 1, 3, 0.061894),
(1, 1, 4, 0.036712),
(2, 1, 4, 0.036712),
(3, 1, 4, 0.036712),
(4, 1, 4, 0.036712),
(5, 1, 4, 0.036712),
(6, 1, 4, 0.036712),
(7, 1, 4, 0.036712),
(8, 1, 4, 0.036712),
(9, 1, 4, 0.036712),
(10, 1, 4, 0.036712),
(11, 1, 4, 0.036712),
(12, 1, 4, 0.036712),
(13, 1, 4, 0.036712),
(14, 1, 4, 0.036712),
(15, 1, 4, 0.036712),
(16, 1, 4, 0.036712),
(17, 1, 4, 0.036712),
(18, 1, 4, 0.036712),
(19, 1, 4, 0.036712),
(20, 1, 4, 0.036712),
(1, 1, 5, 0.025281),
(2, 1, 5, 0.025281),
(3, 1, 5, 0.025281),
(4, 1, 5, 0.025281),
(5, 1, 5, 0.025281),
(6, 1, 5, 0.025281),
(7, 1, 5, 0.025281),
(8, 1, 5, 0.025281),
(9, 1, 5, 0.025281),
(10, 1, 5, 0.025281),
(11, 1, 5, 0.025281),
(12, 1, 5, 0.025281),
(13, 1, 5, 0.025281),
(14, 1, 5, 0.025281),
(15, 1, 5, 0.025281),
(16, 1, 5, 0.025281),
(17, 1, 5, 0.025281),
(18, 1, 5, 0.025281),
(19, 1, 5, 0.025281),
(20, 1, 5, 0.025281),
(1, 2, 1, 0.021210),
(2, 2, 1, 0.021210),
(3, 2, 1, 0.021210),
(4, 2, 1, 0.021210),
(5, 2, 1, 0.021210),
(6, 2, 1, 0.021210),
(7, 2, 1, 0.021210),
(8, 2, 1, 0.021210),
(9, 2, 1, 0.021210),
(10, 2, 1, 0.021210),
(11, 2, 1, 0.021210),
(12, 2, 1, 0.021210),
(13, 2, 1, 0.021210),
(14, 2, 1, 0.021210),
(15, 2, 1, 0.021210),
(16, 2, 1, 0.021210),
(17, 2, 1, 0.021210),
(18, 2, 1, 0.021210),
(19, 2, 1, 0.021210),
(20, 2, 1, 0.021210),
(1, 2, 2, 0.090949),
(2, 2, 2, 0.090949),
(3, 2, 2, 0.090949),
(4, 2, 2, 0.090949),
(5, 2, 2, 0.090949),
(6, 2, 2, 0.090949),
(7, 2, 2, 0.090949),
(8, 2, 2, 0.090949),
(9, 2, 2, 0.090949),
(10, 2, 2, 0.090949),
(11, 2, 2, 0.090949),
(12, 2, 2, 0.090949),
(13, 2, 2, 0.090949),
(14, 2, 2, 0.090949),
(15, 2, 2, 0.090949),
(16, 2, 2, 0.090949),
(17, 2, 2, 0.090949),
(18, 2, 2, 0.090949),
(19, 2, 2, 0.090949),
(20, 2, 2, 0.090949),
(1, 2, 3, 0.052635),
(2, 2, 3, 0.052635),
(3, 2, 3, 0.052635),
(4, 2, 3, 0.052635),
(5, 2, 3, 0.052635),
(6, 2, 3, 0.052635),
(7, 2, 3, 0.052635),
(8, 2, 3, 0.052635),
(9, 2, 3, 0.052635),
(10, 2, 3, 0.052635),
(11, 2, 3, 0.052635),
(12, 2, 3, 0.052635),
(13, 2, 3, 0.052635),
(14, 2, 3, 0.052635),
(15, 2, 3, 0.052635),
(16, 2, 3, 0.052635),
(17, 2, 3, 0.052635),
(18, 2, 3, 0.052635),
(19, 2, 3, 0.052635),
(20, 2, 3, 0.052635),
(1, 2, 4, 0.082468),
(2, 2, 4, 0.082468),
(3, 2, 4, 0.082468),
(4, 2, 4, 0.082468),
(5, 2, 4, 0.082468),
(6, 2, 4, 0.082468),
(7, 2, 4, 0.082468),
(8, 2, 4, 0.082468),
(9, 2, 4, 0.082468),
(10, 2, 4, 0.082468),
(11, 2, 4, 0.082468),
(12, 2, 4, 0.082468),
(13, 2, 4, 0.082468),
(14, 2, 4, 0.082468),
(15, 2, 4, 0.082468),
(16, 2, 4, 0.082468),
(17, 2, 4, 0.082468),
(18, 2, 4, 0.082468),
(19, 2, 4, 0.082468),
(20, 2, 4, 0.082468),
(1, 2, 5, 0.018387),
(2, 2, 5, 0.018387),
(3, 2, 5, 0.018387),
(4, 2, 5, 0.018387),
(5, 2, 5, 0.018387),
(6, 2, 5, 0.018387),
(7, 2, 5, 0.018387),
(8, 2, 5, 0.018387),
(9, 2, 5, 0.018387),
(10, 2, 5, 0.018387),
(11, 2, 5, 0.018387),
(12, 2, 5, 0.018387),
(13, 2, 5, 0.018387),
(14, 2, 5, 0.018387),
(15, 2, 5, 0.018387),
(16, 2, 5, 0.018387),
(17, 2, 5, 0.018387),
(18, 2, 5, 0.018387),
(19, 2, 5, 0.018387),
(20, 2, 5, 0.018387),
(1, 3, 1, 0.075641),
(2, 3, 1, 0.075641),
(3, 3, 1, 0.075641),
(4, 3, 1, 0.075641),
(5, 3, 1, 0.075641),
(6, 3, 1, 0.075641),
(7, 3, 1, 0.075641),
(8, 3, 1, 0.075641),
(9, 3, 1, 0.075641),
(10, 3, 1, 0.075641),
(11, 3, 1, 0.075641),
(12, 3, 1, 0.075641),
(13, 3, 1, 0.075641),
(14, 3, 1, 0.075641),
(15, 3, 1, 0.075641),
(16, 3, 1, 0.075641),
(17, 3, 1, 0.075641),
(18, 3, 1, 0.075641),
(19, 3, 1, 0.075641),
(20, 3, 1, 0.075641),
(1, 3, 2, 0.045207),
(2, 3, 2, 0.045207),
(3, 3, 2, 0.045207),
(4, 3, 2, 0.045207),
(5, 3, 2, 0.045207),
(6, 3, 2, 0.045207),
(7, 3, 2, 0.045207),
(8, 3, 2, 0.045207),
(9, 3, 2, 0.045207),
(10, 3, 2, 0.045207),
(11, 3, 2, 0.045207),
(12, 3, 2, 0.045207),
(13, 3, 2, 0.045207),
(14, 3, 2, 0.045207),
(15, 3, 2, 0.045207),
(16, 3, 2, 0.045207),
(17, 3, 2, 0.045207),
(18, 3, 2, 0.045207),
(19, 3, 2, 0.045207),
(20, 3, 2, 0.045207),
(1, 3, 3, 0.045465),
(2, 3, 3, 0.045465),
(3, 3, 3, 0.045465),
(4, 3, 3, 0.045465),
(5, 3, 3, 0.045465),
(6, 3, 3, 0.045465),
(7, 3, 3, 0.045465),
(8, 3, 3, 0.045465),
(9, 3, 3, 0.045465),
(10, 3, 3, 0.045465),
(11, 3, 3, 0.045465),
(12, 3, 3, 0.045465),
(13, 3, 3, 0.045465),
(14, 3, 3, 0.045465),
(15, 3, 3, 0.045465),
(16, 3, 3, 0.045465),
(17, 3, 3, 0.045465),
(18, 3, 3, 0.045465),
(19, 3, 3, 0.045465),
(20, 3, 3, 0.045465),
(1, 3, 4, 0.027589),
(2, 3, 4, 0.027589),
(3, 3, 4, 0.027589),
(4, 3, 4, 0.027589),
(5, 3, 4, 0.027589),
(6, 3, 4, 0.027589),
(7, 3, 4, 0.027589),
(8, 3, 4, 0.027589),
(9, 3, 4, 0.027589),
(10, 3, 4, 0.027589),
(11, 3, 4, 0.027589),
(12, 3, 4, 0.027589),
(13, 3, 4, 0.027589),
(14, 3, 4, 0.027589),
(15, 3, 4, 0.027589),
(16, 3, 4, 0.027589),
(17, 3, 4, 0.027589),
(18, 3, 4, 0.027589),
(19, 3, 4, 0.027589),
(20, 3, 4, 0.027589),
(1, 3, 5, 0.108822),
(2, 3, 5, 0.108822),
(3, 3, 5, 0.108822),
(4, 3, 5, 0.108822),
(5, 3, 5, 0.108822),
(6, 3, 5, 0.108822),
(7, 3, 5, 0.108822),
(8, 3, 5, 0.108822),
(9, 3, 5, 0.108822),
(10, 3, 5, 0.108822),
(11, 3, 5, 0.108822),
(12, 3, 5, 0.108822),
(13, 3, 5, 0.108822),
(14, 3, 5, 0.108822),
(15, 3, 5, 0.108822),
(16, 3, 5, 0.108822),
(17, 3, 5, 0.108822),
(18, 3, 5, 0.108822),
(19, 3, 5, 0.108822),
(20, 3, 5, 0.108822),
(1, 4, 1, 0.024141),
(2, 4, 1, 0.024141),
(3, 4, 1, 0.024141),
(4, 4, 1, 0.024141),
(5, 4, 1, 0.024141),
(6, 4, 1, 0.024141),
(7, 4, 1, 0.024141),
(8, 4, 1, 0.024141),
(9, 4, 1, 0.024141),
(10, 4, 1, 0.024141),
(11, 4, 1, 0.024141),
(12, 4, 1, 0.024141),
(13, 4, 1, 0.024141),
(14, 4, 1, 0.024141),
(15, 4, 1, 0.024141),
(16, 4, 1, 0.024141),
(17, 4, 1, 0.024141),
(18, 4, 1, 0.024141),
(19, 4, 1, 0.024141),
(20, 4, 1, 0.024141),
(1, 4, 2, 0.078864),
(2, 4, 2, 0.078864),
(3, 4, 2, 0.078864),
(4, 4, 2, 0.078864),
(5, 4, 2, 0.078864),
(6, 4, 2, 0.078864),
(7, 4, 2, 0.078864),
(8, 4, 2, 0.078864),
(9, 4, 2, 0.078864),
(10, 4, 2, 0.078864),
(11, 4, 2, 0.078864),
(12, 4, 2, 0.078864),
(13, 4, 2, 0.078864),
(14, 4, 2, 0.078864),
(15, 4, 2, 0.078864),
(16, 4, 2, 0.078864),
(17, 4, 2, 0.078864),
(18, 4, 2, 0.078864),
(19, 4, 2, 0.078864),
(20, 4, 2, 0.078864),
(1, 4, 3, 0.077325),
(2, 4, 3, 0.077325),
(3, 4, 3, 0.077325),
(4, 4, 3, 0.077325),
(5, 4, 3, 0.077325),
(6, 4, 3, 0.077325),
(7, 4, 3, 0.077325),
(8, 4, 3, 0.077325),
(9, 4, 3, 0.077325),
(10, 4, 3, 0.077325),
(11, 4, 3, 0.077325),
(12, 4, 3, 0.077325),
(13, 4, 3, 0.077325),
(14, 4, 3, 0.077325),
(15, 4, 3, 0.077325),
(16, 4, 3, 0.077325),
(17, 4, 3, 0.077325),
(18, 4, 3, 0.077325),
(19, 4, 3, 0.077325),
(20, 4, 3, 0.077325),
(1, 4, 4, 0.084037),
(2, 4, 4, 0.084037),
(3, 4, 4, 0.084037),
(4, 4, 4, 0.084037),
(5, 4, 4, 0.084037),
(6, 4, 4, 0.084037),
(7, 4, 4, 0.084037),
(8, 4, 4, 0.084037),
(9, 4, 4, 0.084037),
(10, 4, 4, 0.084037),
(11, 4, 4, 0.084037),
(12, 4, 4, 0.084037),
(13, 4, 4, 0.084037),
(14, 4, 4, 0.084037),
(15, 4, 4, 0.084037),
(16, 4, 4, 0.084037),
(17, 4, 4, 0.084037),
(18, 4, 4, 0.084037),
(19, 4, 4, 0.084037),
(20, 4, 4, 0.084037),
(1, 4, 5, 0.061647),
(2, 4, 5, 0.061647),
(3, 4, 5, 0.061647),
(4, 4, 5, 0.061647),
(5, 4, 5, 0.061647),
(6, 4, 5, 0.061647),
(7, 4, 5, 0.061647),
(8, 4, 5, 0.061647),
(9, 4, 5, 0.061647),
(10, 4, 5, 0.061647),
(11, 4, 5, 0.061647),
(12, 4, 5, 0.061647),
(13, 4, 5, 0.061647),
(14, 4, 5, 0.061647),
(15, 4, 5, 0.061647),
(16, 4, 5, 0.061647),
(17, 4, 5, 0.061647),
(18, 4, 5, 0.061647),
(19, 4, 5, 0.061647),
(20, 4, 5, 0.061647),
(1, 5, 1, 0.095584),
(2, 5, 1, 0.095584),
(3, 5, 1, 0.095584),
(4, 5, 1, 0.095584),
(5, 5, 1, 0.095584),
(6, 5, 1, 0.095584),
(7, 5, 1, 0.095584),
(8, 5, 1, 0.095584),
(9, 5, 1, 0.095584),
(10, 5, 1, 0.095584),
(11, 5, 1, 0.095584),
(12, 5, 1, 0.095584),
(13, 5, 1, 0.095584),
(14, 5, 1, 0.095584),
(15, 5, 1, 0.095584),
(16, 5, 1, 0.095584),
(17, 5, 1, 0.095584),
(18, 5, 1, 0.095584),
(19, 5, 1, 0.095584),
(20, 5, 1, 0.095584),
(1, 5, 2, 0.014234),
(2, 5, 2, 0.014234),
(3, 5, 2, 0.014234),
(4, 5, 2, 0.014234),
(5, 5, 2, 0.014234),
(6, 5, 2, 0.014234),
(7, 5, 2, 0.014234),
(8, 5, 2, 0.014234),
(9, 5, 2, 0.014234),
(10, 5, 2, 0.014234),
(11, 5, 2, 0.014234),
(12, 5, 2, 0.014234),
(13, 5, 2, 0.014234),
(14, 5, 2, 0.014234),
(15, 5, 2, 0.014234),
(16, 5, 2, 0.014234),
(17, 5, 2, 0.014234),
(18, 5, 2, 0.014234),
(19, 5, 2, 0.014234),
(20, 5, 2, 0.014234),
(1, 5, 3, 0.078192),
(2, 5, 3, 0.078192),
(3, 5, 3, 0.078192),
(4, 5, 3, 0.078192),
(5, 5, 3, 0.078192),
(6, 5, 3, 0.078192),
(7, 5, 3, 0.078192),
(8, 5, 3, 0.078192),
(9, 5, 3, 0.078192),
(10, 5, 3, 0.078192),
(11, 5, 3, 0.078192),
(12, 5, 3, 0.078192),
(13, 5, 3, 0.078192),
(14, 5, 3, 0.078192),
(15, 5, 3, 0.078192),
(16, 5, 3, 0.078192),
(17, 5, 3, 0.078192),
(18, 5, 3, 0.078192),
(19, 5, 3, 0.078192),
(20, 5, 3, 0.078192),
(1, 5, 4, 0.013789),
(2, 5, 4, 0.013789),
(3, 5, 4, 0.013789),
(4, 5, 4, 0.013789),
(5, 5, 4, 0.013789),
(6, 5, 4, 0.013789),
(7, 5, 4, 0.013789),
(8, 5, 4, 0.013789),
(9, 5, 4, 0.013789),
(10, 5, 4, 0.013789),
(11, 5, 4, 0.013789),
(12, 5, 4, 0.013789),
(13, 5, 4, 0.013789),
(14, 5, 4, 0.013789),
(15, 5, 4, 0.013789),
(16, 5, 4, 0.013789),
(17, 5, 4, 0.013789),
(18, 5, 4, 0.013789),
(19, 5, 4, 0.013789),
(20, 5, 4, 0.013789),
(1, 5, 5, 0.074841),
(2, 5, 5, 0.074841),
(3, 5, 5, 0.074841),
(4, 5, 5, 0.074841),
(5, 5, 5, 0.074841),
(6, 5, 5, 0.074841),
(7, 5, 5, 0.074841),
(8, 5, 5, 0.074841),
(9, 5, 5, 0.074841),
(10, 5, 5, 0.074841),
(11, 5, 5, 0.074841),
(12, 5, 5, 0.074841),
(13, 5, 5, 0.074841),
(14, 5, 5, 0.074841),
(15, 5, 5, 0.074841),
(16, 5, 5, 0.074841),
(17, 5, 5, 0.074841),
(18, 5, 5, 0.074841),
(19, 5, 5, 0.074841),
(20, 5, 5, 0.074841),
(1, 6, 1, 0.035893),
(2, 6, 1, 0.035893),
(3, 6, 1, 0.035893),
(4, 6, 1, 0.035893),
(5, 6, 1, 0.035893),
(6, 6, 1, 0.035893),
(7, 6, 1, 0.035893),
(8, 6, 1, 0.035893),
(9, 6, 1, 0.035893),
(10, 6, 1, 0.035893),
(11, 6, 1, 0.035893),
(12, 6, 1, 0.035893),
(13, 6, 1, 0.035893),
(14, 6, 1, 0.035893),
(15, 6, 1, 0.035893),
(16, 6, 1, 0.035893),
(17, 6, 1, 0.035893),
(18, 6, 1, 0.035893),
(19, 6, 1, 0.035893),
(20, 6, 1, 0.035893),
(1, 6, 2, 0.027506),
(2, 6, 2, 0.027506),
(3, 6, 2, 0.027506),
(4, 6, 2, 0.027506),
(5, 6, 2, 0.027506),
(6, 6, 2, 0.027506),
(7, 6, 2, 0.027506),
(8, 6, 2, 0.027506),
(9, 6, 2, 0.027506),
(10, 6, 2, 0.027506),
(11, 6, 2, 0.027506),
(12, 6, 2, 0.027506),
(13, 6, 2, 0.027506),
(14, 6, 2, 0.027506),
(15, 6, 2, 0.027506),
(16, 6, 2, 0.027506),
(17, 6, 2, 0.027506),
(18, 6, 2, 0.027506),
(19, 6, 2, 0.027506),
(20, 6, 2, 0.027506),
(1, 6, 3, 0.030611),
(2, 6, 3, 0.030611),
(3, 6, 3, 0.030611),
(4, 6, 3, 0.030611),
(5, 6, 3, 0.030611),
(6, 6, 3, 0.030611),
(7, 6, 3, 0.030611),
(8, 6, 3, 0.030611),
(9, 6, 3, 0.030611),
(10, 6, 3, 0.030611),
(11, 6, 3, 0.030611),
(12, 6, 3, 0.030611),
(13, 6, 3, 0.030611),
(14, 6, 3, 0.030611),
(15, 6, 3, 0.030611),
(16, 6, 3, 0.030611),
(17, 6, 3, 0.030611),
(18, 6, 3, 0.030611),
(19, 6, 3, 0.030611),
(20, 6, 3, 0.030611),
(1, 6, 4, 0.077003),
(2, 6, 4, 0.077003),
(3, 6, 4, 0.077003),
(4, 6, 4, 0.077003),
(5, 6, 4, 0.077003),
(6, 6, 4, 0.077003),
(7, 6, 4, 0.077003),
(8, 6, 4, 0.077003),
(9, 6, 4, 0.077003),
(10, 6, 4, 0.077003),
(11, 6, 4, 0.077003),
(12, 6, 4, 0.077003),
(13, 6, 4, 0.077003),
(14, 6, 4, 0.077003),
(15, 6, 4, 0.077003),
(16, 6, 4, 0.077003),
(17, 6, 4, 0.077003),
(18, 6, 4, 0.077003),
(19, 6, 4, 0.077003),
(20, 6, 4, 0.077003),
(1, 6, 5, 0.094256),
(2, 6, 5, 0.094256),
(3, 6, 5, 0.094256),
(4, 6, 5, 0.094256),
(5, 6, 5, 0.094256),
(6, 6, 5, 0.094256),
(7, 6, 5, 0.094256),
(8, 6, 5, 0.094256),
(9, 6, 5, 0.094256),
(10, 6, 5, 0.094256),
(11, 6, 5, 0.094256),
(12, 6, 5, 0.094256),
(13, 6, 5, 0.094256),
(14, 6, 5, 0.094256),
(15, 6, 5, 0.094256),
(16, 6, 5, 0.094256),
(17, 6, 5, 0.094256),
(18, 6, 5, 0.094256),
(19, 6, 5, 0.094256),
(20, 6, 5, 0.094256),
(1, 7, 1, 0.061778),
(2, 7, 1, 0.061778),
(3, 7, 1, 0.061778),
(4, 7, 1, 0.061778),
(5, 7, 1, 0.061778),
(6, 7, 1, 0.061778),
(7, 7, 1, 0.061778),
(8, 7, 1, 0.061778),
(9, 7, 1, 0.061778),
(10, 7, 1, 0.061778),
(11, 7, 1, 0.061778),
(12, 7, 1, 0.061778),
(13, 7, 1, 0.061778),
(14, 7, 1, 0.061778),
(15, 7, 1, 0.061778),
(16, 7, 1, 0.061778),
(17, 7, 1, 0.061778),
(18, 7, 1, 0.061778),
(19, 7, 1, 0.061778),
(20, 7, 1, 0.061778),
(1, 7, 2, 0.040520),
(2, 7, 2, 0.040520),
(3, 7, 2, 0.040520),
(4, 7, 2, 0.040520),
(5, 7, 2, 0.040520),
(6, 7, 2, 0.040520),
(7, 7, 2, 0.040520),
(8, 7, 2, 0.040520),
(9, 7, 2, 0.040520),
(10, 7, 2, 0.040520),
(11, 7, 2, 0.040520),
(12, 7, 2, 0.040520),
(13, 7, 2, 0.040520),
(14, 7, 2, 0.040520),
(15, 7, 2, 0.040520),
(16, 7, 2, 0.040520),
(17, 7, 2, 0.040520),
(18, 7, 2, 0.040520),
(19, 7, 2, 0.040520),
(20, 7, 2, 0.040520),
(1, 7, 3, 0.017436),
(2, 7, 3, 0.017436),
(3, 7, 3, 0.017436),
(4, 7, 3, 0.017436),
(5, 7, 3, 0.017436),
(6, 7, 3, 0.017436),
(7, 7, 3, 0.017436),
(8, 7, 3, 0.017436),
(9, 7, 3, 0.017436),
(10, 7, 3, 0.017436),
(11, 7, 3, 0.017436),
(12, 7, 3, 0.017436),
(13, 7, 3, 0.017436),
(14, 7, 3, 0.017436),
(15, 7, 3, 0.017436),
(16, 7, 3, 0.017436),
(17, 7, 3, 0.017436),
(18, 7, 3, 0.017436),
(19, 7, 3, 0.017436),
(20, 7, 3, 0.017436),
(1, 7, 4, 0.021320),
(2, 7, 4, 0.021320),
(3, 7, 4, 0.021320),
(4, 7, 4, 0.021320),
(5, 7, 4, 0.021320),
(6, 7, 4, 0.021320),
(7, 7, 4, 0.021320),
(8, 7, 4, 0.021320),
(9, 7, 4, 0.021320),
(10, 7, 4, 0.021320),
(11, 7, 4, 0.021320),
(12, 7, 4, 0.021320),
(13, 7, 4, 0.021320),
(14, 7, 4, 0.021320),
(15, 7, 4, 0.021320),
(16, 7, 4, 0.021320),
(17, 7, 4, 0.021320),
(18, 7, 4, 0.021320),
(19, 7, 4, 0.021320),
(20, 7, 4, 0.021320),
(1, 7, 5, 0.088315),
(2, 7, 5, 0.088315),
(3, 7, 5, 0.088315),
(4, 7, 5, 0.088315),
(5, 7, 5, 0.088315),
(6, 7, 5, 0.088315),
(7, 7, 5, 0.088315),
(8, 7, 5, 0.088315),
(9, 7, 5, 0.088315),
(10, 7, 5, 0.088315),
(11, 7, 5, 0.088315),
(12, 7, 5, 0.088315),
(13, 7, 5, 0.088315),
(14, 7, 5, 0.088315),
(15, 7, 5, 0.088315),
(16, 7, 5, 0.088315),
(17, 7, 5, 0.088315),
(18, 7, 5, 0.088315),
(19, 7, 5, 0.088315),
(20, 7, 5, 0.088315),
(1, 8, 1, 0.040230),
(2, 8, 1, 0.040230),
(3, 8, 1, 0.040230),
(4, 8, 1, 0.040230),
(5, 8, 1, 0.040230),
(6, 8, 1, 0.040230),
(7, 8, 1, 0.040230),
(8, 8, 1, 0.040230),
(9, 8, 1, 0.040230),
(10, 8, 1, 0.040230),
(11, 8, 1, 0.040230),
(12, 8, 1, 0.040230),
(13, 8, 1, 0.040230),
(14, 8, 1, 0.040230),
(15, 8, 1, 0.040230),
(16, 8, 1, 0.040230),
(17, 8, 1, 0.040230),
(18, 8, 1, 0.040230),
(19, 8, 1, 0.040230),
(20, 8, 1, 0.040230),
(1, 8, 2, 0.042634),
(2, 8, 2, 0.042634),
(3, 8, 2, 0.042634),
(4, 8, 2, 0.042634),
(5, 8, 2, 0.042634),
(6, 8, 2, 0.042634),
(7, 8, 2, 0.042634),
(8, 8, 2, 0.042634),
(9, 8, 2, 0.042634),
(10, 8, 2, 0.042634),
(11, 8, 2, 0.042634),
(12, 8, 2, 0.042634),
(13, 8, 2, 0.042634),
(14, 8, 2, 0.042634),
(15, 8, 2, 0.042634),
(16, 8, 2, 0.042634),
(17, 8, 2, 0.042634),
(18, 8, 2, 0.042634),
(19, 8, 2, 0.042634),
(20, 8, 2, 0.042634),
(1, 8, 3, 0.076384),
(2, 8, 3, 0.076384),
(3, 8, 3, 0.076384),
(4, 8, 3, 0.076384),
(5, 8, 3, 0.076384),
(6, 8, 3, 0.076384),
(7, 8, 3, 0.076384),
(8, 8, 3, 0.076384),
(9, 8, 3, 0.076384),
(10, 8, 3, 0.076384),
(11, 8, 3, 0.076384),
(12, 8, 3, 0.076384),
(13, 8, 3, 0.076384),
(14, 8, 3, 0.076384),
(15, 8, 3, 0.076384),
(16, 8, 3, 0.076384),
(17, 8, 3, 0.076384),
(18, 8, 3, 0.076384),
(19, 8, 3, 0.076384),
(20, 8, 3, 0.076384),
(1, 8, 4, 0.037418),
(2, 8, 4, 0.037418),
(3, 8, 4, 0.037418),
(4, 8, 4, 0.037418),
(5, 8, 4, 0.037418),
(6, 8, 4, 0.037418),
(7, 8, 4, 0.037418),
(8, 8, 4, 0.037418),
(9, 8, 4, 0.037418),
(10, 8, 4, 0.037418),
(11, 8, 4, 0.037418),
(12, 8, 4, 0.037418),
(13, 8, 4, 0.037418),
(14, 8, 4, 0.037418),
(15, 8, 4, 0.037418),
(16, 8, 4, 0.037418),
(17, 8, 4, 0.037418),
(18, 8, 4, 0.037418),
(19, 8, 4, 0.037418),
(20, 8, 4, 0.037418),
(1, 8, 5, 0.067681),
(2, 8, 5, 0.067681),
(3, 8, 5, 0.067681),
(4, 8, 5, 0.067681),
(5, 8, 5, 0.067681),
(6, 8, 5, 0.067681),
(7, 8, 5, 0.067681),
(8, 8, 5, 0.067681),
(9, 8, 5, 0.067681),
(10, 8, 5, 0.067681),
(11, 8, 5, 0.067681),
(12, 8, 5, 0.067681),
(13, 8, 5, 0.067681),
(14, 8, 5, 0.067681),
(15, 8, 5, 0.067681),
(16, 8, 5, 0.067681),
(17, 8, 5, 0.067681),
(18, 8, 5, 0.067681),
(19, 8, 5, 0.067681),
(20, 8, 5, 0.067681),
(1, 9, 1, 0.084337),
(2, 9, 1, 0.084337),
(3, 9, 1, 0.084337),
(4, 9, 1, 0.084337),
(5, 9, 1, 0.084337),
(6, 9, 1, 0.084337),
(7, 9, 1, 0.084337),
(8, 9, 1, 0.084337),
(9, 9, 1, 0.084337),
(10, 9, 1, 0.084337),
(11, 9, 1, 0.084337),
(12, 9, 1, 0.084337),
(13, 9, 1, 0.084337),
(14, 9, 1, 0.084337),
(15, 9, 1, 0.084337),
(16, 9, 1, 0.084337),
(17, 9, 1, 0.084337),
(18, 9, 1, 0.084337),
(19, 9, 1, 0.084337),
(20, 9, 1, 0.084337),
(1, 9, 2, 0.028406),
(2, 9, 2, 0.028406),
(3, 9, 2, 0.028406),
(4, 9, 2, 0.028406),
(5, 9, 2, 0.028406),
(6, 9, 2, 0.028406),
(7, 9, 2, 0.028406),
(8, 9, 2, 0.028406),
(9, 9, 2, 0.028406),
(10, 9, 2, 0.028406),
(11, 9, 2, 0.028406),
(12, 9, 2, 0.028406),
(13, 9, 2, 0.028406),
(14, 9, 2, 0.028406),
(15, 9, 2, 0.028406),
(16, 9, 2, 0.028406),
(17, 9, 2, 0.028406),
(18, 9, 2, 0.028406),
(19, 9, 2, 0.028406),
(20, 9, 2, 0.028406),
(1, 9, 3, 0.085006),
(2, 9, 3, 0.085006),
(3, 9, 3, 0.085006),
(4, 9, 3, 0.085006),
(5, 9, 3, 0.085006),
(6, 9, 3, 0.085006),
(7, 9, 3, 0.085006),
(8, 9, 3, 0.085006),
(9, 9, 3, 0.085006),
(10, 9, 3, 0.085006),
(11, 9, 3, 0.085006),
(12, 9, 3, 0.085006),
(13, 9, 3, 0.085006),
(14, 9, 3, 0.085006),
(15, 9, 3, 0.085006),
(16, 9, 3, 0.085006),
(17, 9, 3, 0.085006),
(18, 9, 3, 0.085006),
(19, 9, 3, 0.085006),
(20, 9, 3, 0.085006),
(1, 9, 4, 0.078708),
(2, 9, 4, 0.078708),
(3, 9, 4, 0.078708),
(4, 9, 4, 0.078708),
(5, 9, 4, 0.078708),
(6, 9, 4, 0.078708),
(7, 9, 4, 0.078708),
(8, 9, 4, 0.078708),
(9, 9, 4, 0.078708),
(10, 9, 4, 0.078708),
(11, 9, 4, 0.078708),
(12, 9, 4, 0.078708),
(13, 9, 4, 0.078708),
(14, 9, 4, 0.078708),
(15, 9, 4, 0.078708),
(16, 9, 4, 0.078708),
(17, 9, 4, 0.078708),
(18, 9, 4, 0.078708),
(19, 9, 4, 0.078708),
(20, 9, 4, 0.078708),
(1, 9, 5, 0.017810),
(2, 9, 5, 0.017810),
(3, 9, 5, 0.017810),
(4, 9, 5, 0.017810),
(5, 9, 5, 0.017810),
(6, 9, 5, 0.017810),
(7, 9, 5, 0.017810),
(8, 9, 5, 0.017810),
(9, 9, 5, 0.017810),
(10, 9, 5, 0.017810),
(11, 9, 5, 0.017810),
(12, 9, 5, 0.017810),
(13, 9, 5, 0.017810),
(14, 9, 5, 0.017810),
(15, 9, 5, 0.017810),
(16, 9, 5, 0.017810),
(17, 9, 5, 0.017810),
(18, 9, 5, 0.017810),
(19, 9, 5, 0.017810),
(20, 9, 5, 0.017810),
(1, 10, 1, 0.073700),
(2, 10, 1, 0.073700),
(3, 10, 1, 0.073700),
(4, 10, 1, 0.073700),
(5, 10, 1, 0.073700),
(6, 10, 1, 0.073700),
(7, 10, 1, 0.073700),
(8, 10, 1, 0.073700),
(9, 10, 1, 0.073700),
(10, 10, 1, 0.073700),
(11, 10, 1, 0.073700),
(12, 10, 1, 0.073700),
(13, 10, 1, 0.073700),
(14, 10, 1, 0.073700),
(15, 10, 1, 0.073700),
(16, 10, 1, 0.073700),
(17, 10, 1, 0.073700),
(18, 10, 1, 0.073700),
(19, 10, 1, 0.073700),
(20, 10, 1, 0.073700),
(1, 10, 2, 0.038380),
(2, 10, 2, 0.038380),
(3, 10, 2, 0.038380),
(4, 10, 2, 0.038380),
(5, 10, 2, 0.038380),
(6, 10, 2, 0.038380),
(7, 10, 2, 0.038380),
(8, 10, 2, 0.038380),
(9, 10, 2, 0.038380),
(10, 10, 2, 0.038380),
(11, 10, 2, 0.038380),
(12, 10, 2, 0.038380),
(13, 10, 2, 0.038380),
(14, 10, 2, 0.038380),
(15, 10, 2, 0.038380),
(16, 10, 2, 0.038380),
(17, 10, 2, 0.038380),
(18, 10, 2, 0.038380),
(19, 10, 2, 0.038380),
(20, 10, 2, 0.038380),
(1, 10, 3, 0.019119),
(2, 10, 3, 0.019119),
(3, 10, 3, 0.019119),
(4, 10, 3, 0.019119),
(5, 10, 3, 0.019119),
(6, 10, 3, 0.019119),
(7, 10, 3, 0.019119),
(8, 10, 3, 0.019119),
(9, 10, 3, 0.019119),
(10, 10, 3, 0.019119),
(11, 10, 3, 0.019119),
(12, 10, 3, 0.019119),
(13, 10, 3, 0.019119),
(14, 10, 3, 0.019119),
(15, 10, 3, 0.019119),
(16, 10, 3, 0.019119),
(17, 10, 3, 0.019119),
(18, 10, 3, 0.019119),
(19, 10, 3, 0.019119),
(20, 10, 3, 0.019119),
(1, 10, 4, 0.030136),
(2, 10, 4, 0.030136),
(3, 10, 4, 0.030136),
(4, 10, 4, 0.030136),
(5, 10, 4, 0.030136),
(6, 10, 4, 0.030136),
(7, 10, 4, 0.030136),
(8, 10, 4, 0.030136),
(9, 10, 4, 0.030136),
(10, 10, 4, 0.030136),
(11, 10, 4, 0.030136),
(12, 10, 4, 0.030136),
(13, 10, 4, 0.030136),
(14, 10, 4, 0.030136),
(15, 10, 4, 0.030136),
(16, 10, 4, 0.030136),
(17, 10, 4, 0.030136),
(18, 10, 4, 0.030136),
(19, 10, 4, 0.030136),
(20, 10, 4, 0.030136),
(1, 10, 5, 0.015856),
(2, 10, 5, 0.015856),
(3, 10, 5, 0.015856),
(4, 10, 5, 0.015856),
(5, 10, 5, 0.015856),
(6, 10, 5, 0.015856),
(7, 10, 5, 0.015856),
(8, 10, 5, 0.015856),
(9, 10, 5, 0.015856),
(10, 10, 5, 0.015856),
(11, 10, 5, 0.015856),
(12, 10, 5, 0.015856),
(13, 10, 5, 0.015856),
(14, 10, 5, 0.015856),
(15, 10, 5, 0.015856),
(16, 10, 5, 0.015856),
(17, 10, 5, 0.015856),
(18, 10, 5, 0.015856),
(19, 10, 5, 0.015856),
(20, 10, 5, 0.015856)
;
INSERT INTO P2 (v0, v1, v2, p) VALUES
(1, 1, 1, 0.100890),
(2, 1, 1, 0.100890),
(3, 1, 1, 0.100890),
(4, 1, 1, 0.100890),
(5, 1, 1, 0.100890),
(6, 1, 1, 0.100890),
(7, 1, 1, 0.100890),
(8, 1, 1, 0.100890),
(9, 1, 1, 0.100890),
(10, 1, 1, 0.100890),
(11, 1, 1, 0.100890),
(12, 1, 1, 0.100890),
(13, 1, 1, 0.100890),
(14, 1, 1, 0.100890),
(15, 1, 1, 0.100890),
(16, 1, 1, 0.100890),
(17, 1, 1, 0.100890),
(18, 1, 1, 0.100890),
(19, 1, 1, 0.100890),
(20, 1, 1, 0.100890),
(1, 1, 2, 0.018667),
(2, 1, 2, 0.018667),
(3, 1, 2, 0.018667),
(4, 1, 2, 0.018667),
(5, 1, 2, 0.018667),
(6, 1, 2, 0.018667),
(7, 1, 2, 0.018667),
(8, 1, 2, 0.018667),
(9, 1, 2, 0.018667),
(10, 1, 2, 0.018667),
(11, 1, 2, 0.018667),
(12, 1, 2, 0.018667),
(13, 1, 2, 0.018667),
(14, 1, 2, 0.018667),
(15, 1, 2, 0.018667),
(16, 1, 2, 0.018667),
(17, 1, 2, 0.018667),
(18, 1, 2, 0.018667),
(19, 1, 2, 0.018667),
(20, 1, 2, 0.018667),
(1, 1, 3, 0.069111),
(2, 1, 3, 0.069111),
(3, 1, 3, 0.069111),
(4, 1, 3, 0.069111),
(5, 1, 3, 0.069111),
(6, 1, 3, 0.069111),
(7, 1, 3, 0.069111),
(8, 1, 3, 0.069111),
(9, 1, 3, 0.069111),
(10, 1, 3, 0.069111),
(11, 1, 3, 0.069111),
(12, 1, 3, 0.069111),
(13, 1, 3, 0.069111),
(14, 1, 3, 0.069111),
(15, 1, 3, 0.069111),
(16, 1, 3, 0.069111),
(17, 1, 3, 0.069111),
(18, 1, 3, 0.069111),
(19, 1, 3, 0.069111),
(20, 1, 3, 0.069111),
(1, 1, 4, 0.035246),
(2, 1, 4, 0.035246),
(3, 1, 4, 0.035246),
(4, 1, 4, 0.035246),
(5, 1, 4, 0.035246),
(6, 1, 4, 0.035246),
(7, 1, 4, 0.035246),
(8, 1, 4, 0.035246),
(9, 1, 4, 0.035246),
(10, 1, 4, 0.035246),
(11, 1, 4, 0.035246),
(12, 1, 4, 0.035246),
(13, 1, 4, 0.035246),
(14, 1, 4, 0.035246),
(15, 1, 4, 0.035246),
(16, 1, 4, 0.035246),
(17, 1, 4, 0.035246),
(18, 1, 4, 0.035246),
(19, 1, 4, 0.035246),
(20, 1, 4, 0.035246),
(1, 1, 5, 0.046563),
(2, 1, 5, 0.046563),
(3, 1, 5, 0.046563),
(4, 1, 5, 0.046563),
(5, 1, 5, 0.046563),
(6, 1, 5, 0.046563),
(7, 1, 5, 0.046563),
(8, 1, 5, 0.046563),
(9, 1, 5, 0.046563),
(10, 1, 5, 0.046563),
(11, 1, 5, 0.046563),
(12, 1, 5, 0.046563),
(13, 1, 5, 0.046563),
(14, 1, 5, 0.046563),
(15, 1, 5, 0.046563),
(16, 1, 5, 0.046563),
(17, 1, 5, 0.046563),
(18, 1, 5, 0.046563),
(19, 1, 5, 0.046563),
(20, 1, 5, 0.046563),
(1, 2, 1, 0.023701),
(2, 2, 1, 0.023701),
(3, 2, 1, 0.023701),
(4, 2, 1, 0.023701),
(5, 2, 1, 0.023701),
(6, 2, 1, 0.023701),
(7, 2, 1, 0.023701),
(8, 2, 1, 0.023701),
(9, 2, 1, 0.023701),
(10, 2, 1, 0.023701),
(11, 2, 1, 0.023701),
(12, 2, 1, 0.023701),
(13, 2, 1, 0.023701),
(14, 2, 1, 0.023701),
(15, 2, 1, 0.023701),
(16, 2, 1, 0.023701),
(17, 2, 1, 0.023701),
(18, 2, 1, 0.023701),
(19, 2, 1, 0.023701),
(20, 2, 1, 0.023701),
(1, 2, 2, 0.094189),
(2, 2, 2, 0.094189),
(3, 2, 2, 0.094189),
(4, 2, 2, 0.094189),
(5, 2, 2, 0.094189),
(6, 2, 2, 0.094189),
(7, 2, 2, 0.094189),
(8, 2, 2, 0.094189),
(9, 2, 2, 0.094189),
(10, 2, 2, 0.094189),
(11, 2, 2, 0.094189),
(12, 2, 2, 0.094189),
(13, 2, 2, 0.094189),
(14, 2, 2, 0.094189),
(15, 2, 2, 0.094189),
(16, 2, 2, 0.094189),
(17, 2, 2, 0.094189),
(18, 2, 2, 0.094189),
(19, 2, 2, 0.094189),
(20, 2, 2, 0.094189),
(1, 2, 3, 0.050344),
(2, 2, 3, 0.050344),
(3, 2, 3, 0.050344),
(4, 2, 3, 0.050344),
(5, 2, 3, 0.050344),
(6, 2, 3, 0.050344),
(7, 2, 3, 0.050344),
(8, 2, 3, 0.050344),
(9, 2, 3, 0.050344),
(10, 2, 3, 0.050344),
(11, 2, 3, 0.050344),
(12, 2, 3, 0.050344),
(13, 2, 3, 0.050344),
(14, 2, 3, 0.050344),
(15, 2, 3, 0.050344),
(16, 2, 3, 0.050344),
(17, 2, 3, 0.050344),
(18, 2, 3, 0.050344),
(19, 2, 3, 0.050344),
(20, 2, 3, 0.050344),
(1, 2, 4, 0.052745),
(2, 2, 4, 0.052745),
(3, 2, 4, 0.052745),
(4, 2, 4, 0.052745),
(5, 2, 4, 0.052745),
(6, 2, 4, 0.052745),
(7, 2, 4, 0.052745),
(8, 2, 4, 0.052745),
(9, 2, 4, 0.052745),
(10, 2, 4, 0.052745),
(11, 2, 4, 0.052745),
(12, 2, 4, 0.052745),
(13, 2, 4, 0.052745),
(14, 2, 4, 0.052745),
(15, 2, 4, 0.052745),
(16, 2, 4, 0.052745),
(17, 2, 4, 0.052745),
(18, 2, 4, 0.052745),
(19, 2, 4, 0.052745),
(20, 2, 4, 0.052745),
(1, 2, 5, 0.104774),
(2, 2, 5, 0.104774),
(3, 2, 5, 0.104774),
(4, 2, 5, 0.104774),
(5, 2, 5, 0.104774),
(6, 2, 5, 0.104774),
(7, 2, 5, 0.104774),
(8, 2, 5, 0.104774),
(9, 2, 5, 0.104774),
(10, 2, 5, 0.104774),
(11, 2, 5, 0.104774),
(12, 2, 5, 0.104774),
(13, 2, 5, 0.104774),
(14, 2, 5, 0.104774),
(15, 2, 5, 0.104774),
(16, 2, 5, 0.104774),
(17, 2, 5, 0.104774),
(18, 2, 5, 0.104774),
(19, 2, 5, 0.104774),
(20, 2, 5, 0.104774),
(1, 3, 1, 0.074319),
(2, 3, 1, 0.074319),
(3, 3, 1, 0.074319),
(4, 3, 1, 0.074319),
(5, 3, 1, 0.074319),
(6, 3, 1, 0.074319),
(7, 3, 1, 0.074319),
(8, 3, 1, 0.074319),
(9, 3, 1, 0.074319),
(10, 3, 1, 0.074319),
(11, 3, 1, 0.074319),
(12, 3, 1, 0.074319),
(13, 3, 1, 0.074319),
(14, 3, 1, 0.074319),
(15, 3, 1, 0.074319),
(16, 3, 1, 0.074319),
(17, 3, 1, 0.074319),
(18, 3, 1, 0.074319),
(19, 3, 1, 0.074319),
(20, 3, 1, 0.074319),
(1, 3, 2, 0.094100),
(2, 3, 2, 0.094100),
(3, 3, 2, 0.094100),
(4, 3, 2, 0.094100),
(5, 3, 2, 0.094100),
(6, 3, 2, 0.094100),
(7, 3, 2, 0.094100),
(8, 3, 2, 0.094100),
(9, 3, 2, 0.094100),
(10, 3, 2, 0.094100),
(11, 3, 2, 0.094100),
(12, 3, 2, 0.094100),
(13, 3, 2, 0.094100),
(14, 3, 2, 0.094100),
(15, 3, 2, 0.094100),
(16, 3, 2, 0.094100),
(17, 3, 2, 0.094100),
(18, 3, 2, 0.094100),
(19, 3, 2, 0.094100),
(20, 3, 2, 0.094100),
(1, 3, 3, 0.105907),
(2, 3, 3, 0.105907),
(3, 3, 3, 0.105907),
(4, 3, 3, 0.105907),
(5, 3, 3, 0.105907),
(6, 3, 3, 0.105907),
(7, 3, 3, 0.105907),
(8, 3, 3, 0.105907),
(9, 3, 3, 0.105907),
(10, 3, 3, 0.105907),
(11, 3, 3, 0.105907),
(12, 3, 3, 0.105907),
(13, 3, 3, 0.105907),
(14, 3, 3, 0.105907),
(15, 3, 3, 0.105907),
(16, 3, 3, 0.105907),
(17, 3, 3, 0.105907),
(18, 3, 3, 0.105907),
(19, 3, 3, 0.105907),
(20, 3, 3, 0.105907),
(1, 3, 4, 0.043804),
(2, 3, 4, 0.043804),
(3, 3, 4, 0.043804),
(4, 3, 4, 0.043804),
(5, 3, 4, 0.043804),
(6, 3, 4, 0.043804),
(7, 3, 4, 0.043804),
(8, 3, 4, 0.043804),
(9, 3, 4, 0.043804),
(10, 3, 4, 0.043804),
(11, 3, 4, 0.043804),
(12, 3, 4, 0.043804),
(13, 3, 4, 0.043804),
(14, 3, 4, 0.043804),
(15, 3, 4, 0.043804),
(16, 3, 4, 0.043804),
(17, 3, 4, 0.043804),
(18, 3, 4, 0.043804),
(19, 3, 4, 0.043804),
(20, 3, 4, 0.043804),
(1, 3, 5, 0.059699),
(2, 3, 5, 0.059699),
(3, 3, 5, 0.059699),
(4, 3, 5, 0.059699),
(5, 3, 5, 0.059699),
(6, 3, 5, 0.059699),
(7, 3, 5, 0.059699),
(8, 3, 5, 0.059699),
(9, 3, 5, 0.059699),
(10, 3, 5, 0.059699),
(11, 3, 5, 0.059699),
(12, 3, 5, 0.059699),
(13, 3, 5, 0.059699),
(14, 3, 5, 0.059699),
(15, 3, 5, 0.059699),
(16, 3, 5, 0.059699),
(17, 3, 5, 0.059699),
(18, 3, 5, 0.059699),
(19, 3, 5, 0.059699),
(20, 3, 5, 0.059699),
(1, 4, 1, 0.099382),
(2, 4, 1, 0.099382),
(3, 4, 1, 0.099382),
(4, 4, 1, 0.099382),
(5, 4, 1, 0.099382),
(6, 4, 1, 0.099382),
(7, 4, 1, 0.099382),
(8, 4, 1, 0.099382),
(9, 4, 1, 0.099382),
(10, 4, 1, 0.099382),
(11, 4, 1, 0.099382),
(12, 4, 1, 0.099382),
(13, 4, 1, 0.099382),
(14, 4, 1, 0.099382),
(15, 4, 1, 0.099382),
(16, 4, 1, 0.099382),
(17, 4, 1, 0.099382),
(18, 4, 1, 0.099382),
(19, 4, 1, 0.099382),
(20, 4, 1, 0.099382),
(1, 4, 2, 0.072807),
(2, 4, 2, 0.072807),
(3, 4, 2, 0.072807),
(4, 4, 2, 0.072807),
(5, 4, 2, 0.072807),
(6, 4, 2, 0.072807),
(7, 4, 2, 0.072807),
(8, 4, 2, 0.072807),
(9, 4, 2, 0.072807),
(10, 4, 2, 0.072807),
(11, 4, 2, 0.072807),
(12, 4, 2, 0.072807),
(13, 4, 2, 0.072807),
(14, 4, 2, 0.072807),
(15, 4, 2, 0.072807),
(16, 4, 2, 0.072807),
(17, 4, 2, 0.072807),
(18, 4, 2, 0.072807),
(19, 4, 2, 0.072807),
(20, 4, 2, 0.072807),
(1, 4, 3, 0.033532),
(2, 4, 3, 0.033532),
(3, 4, 3, 0.033532),
(4, 4, 3, 0.033532),
(5, 4, 3, 0.033532),
(6, 4, 3, 0.033532),
(7, 4, 3, 0.033532),
(8, 4, 3, 0.033532),
(9, 4, 3, 0.033532),
(10, 4, 3, 0.033532),
(11, 4, 3, 0.033532),
(12, 4, 3, 0.033532),
(13, 4, 3, 0.033532),
(14, 4, 3, 0.033532),
(15, 4, 3, 0.033532),
(16, 4, 3, 0.033532),
(17, 4, 3, 0.033532),
(18, 4, 3, 0.033532),
(19, 4, 3, 0.033532),
(20, 4, 3, 0.033532),
(1, 4, 4, 0.030062),
(2, 4, 4, 0.030062),
(3, 4, 4, 0.030062),
(4, 4, 4, 0.030062),
(5, 4, 4, 0.030062),
(6, 4, 4, 0.030062),
(7, 4, 4, 0.030062),
(8, 4, 4, 0.030062),
(9, 4, 4, 0.030062),
(10, 4, 4, 0.030062),
(11, 4, 4, 0.030062),
(12, 4, 4, 0.030062),
(13, 4, 4, 0.030062),
(14, 4, 4, 0.030062),
(15, 4, 4, 0.030062),
(16, 4, 4, 0.030062),
(17, 4, 4, 0.030062),
(18, 4, 4, 0.030062),
(19, 4, 4, 0.030062),
(20, 4, 4, 0.030062),
(1, 4, 5, 0.016106),
(2, 4, 5, 0.016106),
(3, 4, 5, 0.016106),
(4, 4, 5, 0.016106),
(5, 4, 5, 0.016106),
(6, 4, 5, 0.016106),
(7, 4, 5, 0.016106),
(8, 4, 5, 0.016106),
(9, 4, 5, 0.016106),
(10, 4, 5, 0.016106),
(11, 4, 5, 0.016106),
(12, 4, 5, 0.016106),
(13, 4, 5, 0.016106),
(14, 4, 5, 0.016106),
(15, 4, 5, 0.016106),
(16, 4, 5, 0.016106),
(17, 4, 5, 0.016106),
(18, 4, 5, 0.016106),
(19, 4, 5, 0.016106),
(20, 4, 5, 0.016106),
(1, 5, 1, 0.065757),
(2, 5, 1, 0.065757),
(3, 5, 1, 0.065757),
(4, 5, 1, 0.065757),
(5, 5, 1, 0.065757),
(6, 5, 1, 0.065757),
(7, 5, 1, 0.065757),
(8, 5, 1, 0.065757),
(9, 5, 1, 0.065757),
(10, 5, 1, 0.065757),
(11, 5, 1, 0.065757),
(12, 5, 1, 0.065757),
(13, 5, 1, 0.065757),
(14, 5, 1, 0.065757),
(15, 5, 1, 0.065757),
(16, 5, 1, 0.065757),
(17, 5, 1, 0.065757),
(18, 5, 1, 0.065757),
(19, 5, 1, 0.065757),
(20, 5, 1, 0.065757),
(1, 5, 2, 0.027582),
(2, 5, 2, 0.027582),
(3, 5, 2, 0.027582),
(4, 5, 2, 0.027582),
(5, 5, 2, 0.027582),
(6, 5, 2, 0.027582),
(7, 5, 2, 0.027582),
(8, 5, 2, 0.027582),
(9, 5, 2, 0.027582),
(10, 5, 2, 0.027582),
(11, 5, 2, 0.027582),
(12, 5, 2, 0.027582),
(13, 5, 2, 0.027582),
(14, 5, 2, 0.027582),
(15, 5, 2, 0.027582),
(16, 5, 2, 0.027582),
(17, 5, 2, 0.027582),
(18, 5, 2, 0.027582),
(19, 5, 2, 0.027582),
(20, 5, 2, 0.027582),
(1, 5, 3, 0.019017),
(2, 5, 3, 0.019017),
(3, 5, 3, 0.019017),
(4, 5, 3, 0.019017),
(5, 5, 3, 0.019017),
(6, 5, 3, 0.019017),
(7, 5, 3, 0.019017),
(8, 5, 3, 0.019017),
(9, 5, 3, 0.019017),
(10, 5, 3, 0.019017),
(11, 5, 3, 0.019017),
(12, 5, 3, 0.019017),
(13, 5, 3, 0.019017),
(14, 5, 3, 0.019017),
(15, 5, 3, 0.019017),
(16, 5, 3, 0.019017),
(17, 5, 3, 0.019017),
(18, 5, 3, 0.019017),
(19, 5, 3, 0.019017),
(20, 5, 3, 0.019017),
(1, 5, 4, 0.104417),
(2, 5, 4, 0.104417),
(3, 5, 4, 0.104417),
(4, 5, 4, 0.104417),
(5, 5, 4, 0.104417),
(6, 5, 4, 0.104417),
(7, 5, 4, 0.104417),
(8, 5, 4, 0.104417),
(9, 5, 4, 0.104417),
(10, 5, 4, 0.104417),
(11, 5, 4, 0.104417),
(12, 5, 4, 0.104417),
(13, 5, 4, 0.104417),
(14, 5, 4, 0.104417),
(15, 5, 4, 0.104417),
(16, 5, 4, 0.104417),
(17, 5, 4, 0.104417),
(18, 5, 4, 0.104417),
(19, 5, 4, 0.104417),
(20, 5, 4, 0.104417),
(1, 5, 5, 0.032203),
(2, 5, 5, 0.032203),
(3, 5, 5, 0.032203),
(4, 5, 5, 0.032203),
(5, 5, 5, 0.032203),
(6, 5, 5, 0.032203),
(7, 5, 5, 0.032203),
(8, 5, 5, 0.032203),
(9, 5, 5, 0.032203),
(10, 5, 5, 0.032203),
(11, 5, 5, 0.032203),
(12, 5, 5, 0.032203),
(13, 5, 5, 0.032203),
(14, 5, 5, 0.032203),
(15, 5, 5, 0.032203),
(16, 5, 5, 0.032203),
(17, 5, 5, 0.032203),
(18, 5, 5, 0.032203),
(19, 5, 5, 0.032203),
(20, 5, 5, 0.032203),
(1, 6, 1, 0.101690),
(2, 6, 1, 0.101690),
(3, 6, 1, 0.101690),
(4, 6, 1, 0.101690),
(5, 6, 1, 0.101690),
(6, 6, 1, 0.101690),
(7, 6, 1, 0.101690),
(8, 6, 1, 0.101690),
(9, 6, 1, 0.101690),
(10, 6, 1, 0.101690),
(11, 6, 1, 0.101690),
(12, 6, 1, 0.101690),
(13, 6, 1, 0.101690),
(14, 6, 1, 0.101690),
(15, 6, 1, 0.101690),
(16, 6, 1, 0.101690),
(17, 6, 1, 0.101690),
(18, 6, 1, 0.101690),
(19, 6, 1, 0.101690),
(20, 6, 1, 0.101690),
(1, 6, 2, 0.048698),
(2, 6, 2, 0.048698),
(3, 6, 2, 0.048698),
(4, 6, 2, 0.048698),
(5, 6, 2, 0.048698),
(6, 6, 2, 0.048698),
(7, 6, 2, 0.048698),
(8, 6, 2, 0.048698),
(9, 6, 2, 0.048698),
(10, 6, 2, 0.048698),
(11, 6, 2, 0.048698),
(12, 6, 2, 0.048698),
(13, 6, 2, 0.048698),
(14, 6, 2, 0.048698),
(15, 6, 2, 0.048698),
(16, 6, 2, 0.048698),
(17, 6, 2, 0.048698),
(18, 6, 2, 0.048698),
(19, 6, 2, 0.048698),
(20, 6, 2, 0.048698),
(1, 6, 3, 0.014425),
(2, 6, 3, 0.014425),
(3, 6, 3, 0.014425),
(4, 6, 3, 0.014425),
(5, 6, 3, 0.014425),
(6, 6, 3, 0.014425),
(7, 6, 3, 0.014425),
(8, 6, 3, 0.014425),
(9, 6, 3, 0.014425),
(10, 6, 3, 0.014425),
(11, 6, 3, 0.014425),
(12, 6, 3, 0.014425),
(13, 6, 3, 0.014425),
(14, 6, 3, 0.014425),
(15, 6, 3, 0.014425),
(16, 6, 3, 0.014425),
(17, 6, 3, 0.014425),
(18, 6, 3, 0.014425),
(19, 6, 3, 0.014425),
(20, 6, 3, 0.014425),
(1, 6, 4, 0.032572),
(2, 6, 4, 0.032572),
(3, 6, 4, 0.032572),
(4, 6, 4, 0.032572),
(5, 6, 4, 0.032572),
(6, 6, 4, 0.032572),
(7, 6, 4, 0.032572),
(8, 6, 4, 0.032572),
(9, 6, 4, 0.032572),
(10, 6, 4, 0.032572),
(11, 6, 4, 0.032572),
(12, 6, 4, 0.032572),
(13, 6, 4, 0.032572),
(14, 6, 4, 0.032572),
(15, 6, 4, 0.032572),
(16, 6, 4, 0.032572),
(17, 6, 4, 0.032572),
(18, 6, 4, 0.032572),
(19, 6, 4, 0.032572),
(20, 6, 4, 0.032572),
(1, 6, 5, 0.064376),
(2, 6, 5, 0.064376),
(3, 6, 5, 0.064376),
(4, 6, 5, 0.064376),
(5, 6, 5, 0.064376),
(6, 6, 5, 0.064376),
(7, 6, 5, 0.064376),
(8, 6, 5, 0.064376),
(9, 6, 5, 0.064376),
(10, 6, 5, 0.064376),
(11, 6, 5, 0.064376),
(12, 6, 5, 0.064376),
(13, 6, 5, 0.064376),
(14, 6, 5, 0.064376),
(15, 6, 5, 0.064376),
(16, 6, 5, 0.064376),
(17, 6, 5, 0.064376),
(18, 6, 5, 0.064376),
(19, 6, 5, 0.064376),
(20, 6, 5, 0.064376),
(1, 7, 1, 0.093720),
(2, 7, 1, 0.093720),
(3, 7, 1, 0.093720),
(4, 7, 1, 0.093720),
(5, 7, 1, 0.093720),
(6, 7, 1, 0.093720),
(7, 7, 1, 0.093720),
(8, 7, 1, 0.093720),
(9, 7, 1, 0.093720),
(10, 7, 1, 0.093720),
(11, 7, 1, 0.093720),
(12, 7, 1, 0.093720),
(13, 7, 1, 0.093720),
(14, 7, 1, 0.093720),
(15, 7, 1, 0.093720),
(16, 7, 1, 0.093720),
(17, 7, 1, 0.093720),
(18, 7, 1, 0.093720),
(19, 7, 1, 0.093720),
(20, 7, 1, 0.093720),
(1, 7, 2, 0.108138),
(2, 7, 2, 0.108138),
(3, 7, 2, 0.108138),
(4, 7, 2, 0.108138),
(5, 7, 2, 0.108138),
(6, 7, 2, 0.108138),
(7, 7, 2, 0.108138),
(8, 7, 2, 0.108138),
(9, 7, 2, 0.108138),
(10, 7, 2, 0.108138),
(11, 7, 2, 0.108138),
(12, 7, 2, 0.108138),
(13, 7, 2, 0.108138),
(14, 7, 2, 0.108138),
(15, 7, 2, 0.108138),
(16, 7, 2, 0.108138),
(17, 7, 2, 0.108138),
(18, 7, 2, 0.108138),
(19, 7, 2, 0.108138),
(20, 7, 2, 0.108138),
(1, 7, 3, 0.094447),
(2, 7, 3, 0.094447),
(3, 7, 3, 0.094447),
(4, 7, 3, 0.094447),
(5, 7, 3, 0.094447),
(6, 7, 3, 0.094447),
(7, 7, 3, 0.094447),
(8, 7, 3, 0.094447),
(9, 7, 3, 0.094447),
(10, 7, 3, 0.094447),
(11, 7, 3, 0.094447),
(12, 7, 3, 0.094447),
(13, 7, 3, 0.094447),
(14, 7, 3, 0.094447),
(15, 7, 3, 0.094447),
(16, 7, 3, 0.094447),
(17, 7, 3, 0.094447),
(18, 7, 3, 0.094447),
(19, 7, 3, 0.094447),
(20, 7, 3, 0.094447),
(1, 7, 4, 0.107792),
(2, 7, 4, 0.107792),
(3, 7, 4, 0.107792),
(4, 7, 4, 0.107792),
(5, 7, 4, 0.107792),
(6, 7, 4, 0.107792),
(7, 7, 4, 0.107792),
(8, 7, 4, 0.107792),
(9, 7, 4, 0.107792),
(10, 7, 4, 0.107792),
(11, 7, 4, 0.107792),
(12, 7, 4, 0.107792),
(13, 7, 4, 0.107792),
(14, 7, 4, 0.107792),
(15, 7, 4, 0.107792),
(16, 7, 4, 0.107792),
(17, 7, 4, 0.107792),
(18, 7, 4, 0.107792),
(19, 7, 4, 0.107792),
(20, 7, 4, 0.107792),
(1, 7, 5, 0.087195),
(2, 7, 5, 0.087195),
(3, 7, 5, 0.087195),
(4, 7, 5, 0.087195),
(5, 7, 5, 0.087195),
(6, 7, 5, 0.087195),
(7, 7, 5, 0.087195),
(8, 7, 5, 0.087195),
(9, 7, 5, 0.087195),
(10, 7, 5, 0.087195),
(11, 7, 5, 0.087195),
(12, 7, 5, 0.087195),
(13, 7, 5, 0.087195),
(14, 7, 5, 0.087195),
(15, 7, 5, 0.087195),
(16, 7, 5, 0.087195),
(17, 7, 5, 0.087195),
(18, 7, 5, 0.087195),
(19, 7, 5, 0.087195),
(20, 7, 5, 0.087195),
(1, 8, 1, 0.058793),
(2, 8, 1, 0.058793),
(3, 8, 1, 0.058793),
(4, 8, 1, 0.058793),
(5, 8, 1, 0.058793),
(6, 8, 1, 0.058793),
(7, 8, 1, 0.058793),
(8, 8, 1, 0.058793),
(9, 8, 1, 0.058793),
(10, 8, 1, 0.058793),
(11, 8, 1, 0.058793),
(12, 8, 1, 0.058793),
(13, 8, 1, 0.058793),
(14, 8, 1, 0.058793),
(15, 8, 1, 0.058793),
(16, 8, 1, 0.058793),
(17, 8, 1, 0.058793),
(18, 8, 1, 0.058793),
(19, 8, 1, 0.058793),
(20, 8, 1, 0.058793),
(1, 8, 2, 0.090085),
(2, 8, 2, 0.090085),
(3, 8, 2, 0.090085),
(4, 8, 2, 0.090085),
(5, 8, 2, 0.090085),
(6, 8, 2, 0.090085),
(7, 8, 2, 0.090085),
(8, 8, 2, 0.090085),
(9, 8, 2, 0.090085),
(10, 8, 2, 0.090085),
(11, 8, 2, 0.090085),
(12, 8, 2, 0.090085),
(13, 8, 2, 0.090085),
(14, 8, 2, 0.090085),
(15, 8, 2, 0.090085),
(16, 8, 2, 0.090085),
(17, 8, 2, 0.090085),
(18, 8, 2, 0.090085),
(19, 8, 2, 0.090085),
(20, 8, 2, 0.090085),
(1, 8, 3, 0.056554),
(2, 8, 3, 0.056554),
(3, 8, 3, 0.056554),
(4, 8, 3, 0.056554),
(5, 8, 3, 0.056554),
(6, 8, 3, 0.056554),
(7, 8, 3, 0.056554),
(8, 8, 3, 0.056554),
(9, 8, 3, 0.056554),
(10, 8, 3, 0.056554),
(11, 8, 3, 0.056554),
(12, 8, 3, 0.056554),
(13, 8, 3, 0.056554),
(14, 8, 3, 0.056554),
(15, 8, 3, 0.056554),
(16, 8, 3, 0.056554),
(17, 8, 3, 0.056554),
(18, 8, 3, 0.056554),
(19, 8, 3, 0.056554),
(20, 8, 3, 0.056554),
(1, 8, 4, 0.093453),
(2, 8, 4, 0.093453),
(3, 8, 4, 0.093453),
(4, 8, 4, 0.093453),
(5, 8, 4, 0.093453),
(6, 8, 4, 0.093453),
(7, 8, 4, 0.093453),
(8, 8, 4, 0.093453),
(9, 8, 4, 0.093453),
(10, 8, 4, 0.093453),
(11, 8, 4, 0.093453),
(12, 8, 4, 0.093453),
(13, 8, 4, 0.093453),
(14, 8, 4, 0.093453),
(15, 8, 4, 0.093453),
(16, 8, 4, 0.093453),
(17, 8, 4, 0.093453),
(18, 8, 4, 0.093453),
(19, 8, 4, 0.093453),
(20, 8, 4, 0.093453),
(1, 8, 5, 0.078312),
(2, 8, 5, 0.078312),
(3, 8, 5, 0.078312),
(4, 8, 5, 0.078312),
(5, 8, 5, 0.078312),
(6, 8, 5, 0.078312),
(7, 8, 5, 0.078312),
(8, 8, 5, 0.078312),
(9, 8, 5, 0.078312),
(10, 8, 5, 0.078312),
(11, 8, 5, 0.078312),
(12, 8, 5, 0.078312),
(13, 8, 5, 0.078312),
(14, 8, 5, 0.078312),
(15, 8, 5, 0.078312),
(16, 8, 5, 0.078312),
(17, 8, 5, 0.078312),
(18, 8, 5, 0.078312),
(19, 8, 5, 0.078312),
(20, 8, 5, 0.078312),
(1, 9, 1, 0.043296),
(2, 9, 1, 0.043296),
(3, 9, 1, 0.043296),
(4, 9, 1, 0.043296),
(5, 9, 1, 0.043296),
(6, 9, 1, 0.043296),
(7, 9, 1, 0.043296),
(8, 9, 1, 0.043296),
(9, 9, 1, 0.043296),
(10, 9, 1, 0.043296),
(11, 9, 1, 0.043296),
(12, 9, 1, 0.043296),
(13, 9, 1, 0.043296),
(14, 9, 1, 0.043296),
(15, 9, 1, 0.043296),
(16, 9, 1, 0.043296),
(17, 9, 1, 0.043296),
(18, 9, 1, 0.043296),
(19, 9, 1, 0.043296),
(20, 9, 1, 0.043296),
(1, 9, 2, 0.022373),
(2, 9, 2, 0.022373),
(3, 9, 2, 0.022373),
(4, 9, 2, 0.022373),
(5, 9, 2, 0.022373),
(6, 9, 2, 0.022373),
(7, 9, 2, 0.022373),
(8, 9, 2, 0.022373),
(9, 9, 2, 0.022373),
(10, 9, 2, 0.022373),
(11, 9, 2, 0.022373),
(12, 9, 2, 0.022373),
(13, 9, 2, 0.022373),
(14, 9, 2, 0.022373),
(15, 9, 2, 0.022373),
(16, 9, 2, 0.022373),
(17, 9, 2, 0.022373),
(18, 9, 2, 0.022373),
(19, 9, 2, 0.022373),
(20, 9, 2, 0.022373),
(1, 9, 3, 0.058940),
(2, 9, 3, 0.058940),
(3, 9, 3, 0.058940),
(4, 9, 3, 0.058940),
(5, 9, 3, 0.058940),
(6, 9, 3, 0.058940),
(7, 9, 3, 0.058940),
(8, 9, 3, 0.058940),
(9, 9, 3, 0.058940),
(10, 9, 3, 0.058940),
(11, 9, 3, 0.058940),
(12, 9, 3, 0.058940),
(13, 9, 3, 0.058940),
(14, 9, 3, 0.058940),
(15, 9, 3, 0.058940),
(16, 9, 3, 0.058940),
(17, 9, 3, 0.058940),
(18, 9, 3, 0.058940),
(19, 9, 3, 0.058940),
(20, 9, 3, 0.058940),
(1, 9, 4, 0.019707),
(2, 9, 4, 0.019707),
(3, 9, 4, 0.019707),
(4, 9, 4, 0.019707),
(5, 9, 4, 0.019707),
(6, 9, 4, 0.019707),
(7, 9, 4, 0.019707),
(8, 9, 4, 0.019707),
(9, 9, 4, 0.019707),
(10, 9, 4, 0.019707),
(11, 9, 4, 0.019707),
(12, 9, 4, 0.019707),
(13, 9, 4, 0.019707),
(14, 9, 4, 0.019707),
(15, 9, 4, 0.019707),
(16, 9, 4, 0.019707),
(17, 9, 4, 0.019707),
(18, 9, 4, 0.019707),
(19, 9, 4, 0.019707),
(20, 9, 4, 0.019707),
(1, 9, 5, 0.102347),
(2, 9, 5, 0.102347),
(3, 9, 5, 0.102347),
(4, 9, 5, 0.102347),
(5, 9, 5, 0.102347),
(6, 9, 5, 0.102347),
(7, 9, 5, 0.102347),
(8, 9, 5, 0.102347),
(9, 9, 5, 0.102347),
(10, 9, 5, 0.102347),
(11, 9, 5, 0.102347),
(12, 9, 5, 0.102347),
(13, 9, 5, 0.102347),
(14, 9, 5, 0.102347),
(15, 9, 5, 0.102347),
(16, 9, 5, 0.102347),
(17, 9, 5, 0.102347),
(18, 9, 5, 0.102347),
(19, 9, 5, 0.102347),
(20, 9, 5, 0.102347),
(1, 10, 1, 0.065881),
(2, 10, 1, 0.065881),
(3, 10, 1, 0.065881),
(4, 10, 1, 0.065881),
(5, 10, 1, 0.065881),
(6, 10, 1, 0.065881),
(7, 10, 1, 0.065881),
(8, 10, 1, 0.065881),
(9, 10, 1, 0.065881),
(10, 10, 1, 0.065881),
(11, 10, 1, 0.065881),
(12, 10, 1, 0.065881),
(13, 10, 1, 0.065881),
(14, 10, 1, 0.065881),
(15, 10, 1, 0.065881),
(16, 10, 1, 0.065881),
(17, 10, 1, 0.065881),
(18, 10, 1, 0.065881),
(19, 10, 1, 0.065881),
(20, 10, 1, 0.065881),
(1, 10, 2, 0.042730),
(2, 10, 2, 0.042730),
(3, 10, 2, 0.042730),
(4, 10, 2, 0.042730),
(5, 10, 2, 0.042730),
(6, 10, 2, 0.042730),
(7, 10, 2, 0.042730),
(8, 10, 2, 0.042730),
(9, 10, 2, 0.042730),
(10, 10, 2, 0.042730),
(11, 10, 2, 0.042730),
(12, 10, 2, 0.042730),
(13, 10, 2, 0.042730),
(14, 10, 2, 0.042730),
(15, 10, 2, 0.042730),
(16, 10, 2, 0.042730),
(17, 10, 2, 0.042730),
(18, 10, 2, 0.042730),
(19, 10, 2, 0.042730),
(20, 10, 2, 0.042730),
(1, 10, 3, 0.075608),
(2, 10, 3, 0.075608),
(3, 10, 3, 0.075608),
(4, 10, 3, 0.075608),
(5, 10, 3, 0.075608),
(6, 10, 3, 0.075608),
(7, 10, 3, 0.075608),
(8, 10, 3, 0.075608),
(9, 10, 3, 0.075608),
(10, 10, 3, 0.075608),
(11, 10, 3, 0.075608),
(12, 10, 3, 0.075608),
(13, 10, 3, 0.075608),
(14, 10, 3, 0.075608),
(15, 10, 3, 0.075608),
(16, 10, 3, 0.075608),
(17, 10, 3, 0.075608),
(18, 10, 3, 0.075608),
(19, 10, 3, 0.075608),
(20, 10, 3, 0.075608),
(1, 10, 4, 0.059196),
(2, 10, 4, 0.059196),
(3, 10, 4, 0.059196),
(4, 10, 4, 0.059196),
(5, 10, 4, 0.059196),
(6, 10, 4, 0.059196),
(7, 10, 4, 0.059196),
(8, 10, 4, 0.059196),
(9, 10, 4, 0.059196),
(10, 10, 4, 0.059196),
(11, 10, 4, 0.059196),
(12, 10, 4, 0.059196),
(13, 10, 4, 0.059196),
(14, 10, 4, 0.059196),
(15, 10, 4, 0.059196),
(16, 10, 4, 0.059196),
(17, 10, 4, 0.059196),
(18, 10, 4, 0.059196),
(19, 10, 4, 0.059196),
(20, 10, 4, 0.059196),
(1, 10, 5, 0.069198),
(2, 10, 5, 0.069198),
(3, 10, 5, 0.069198),
(4, 10, 5, 0.069198),
(5, 10, 5, 0.069198),
(6, 10, 5, 0.069198),
(7, 10, 5, 0.069198),
(8, 10, 5, 0.069198),
(9, 10, 5, 0.069198),
(10, 10, 5, 0.069198),
(11, 10, 5, 0.069198),
(12, 10, 5, 0.069198),
(13, 10, 5, 0.069198),
(14, 10, 5, 0.069198),
(15, 10, 5, 0.069198),
(16, 10, 5, 0.069198),
(17, 10, 5, 0.069198),
(18, 10, 5, 0.069198),
(19, 10, 5, 0.069198),
(20, 10, 5, 0.069198)
;
INSERT INTO Has (v0, v1, p) VALUES
(1, 1, 0.268941),
(1, 2, 0.268941),
(1, 3, 0.268941),
(1, 4, 0.268941),
(1, 5, 0.268941),
(1, 6, 0.268941),
(1, 7, 0.268941),
(1, 8, 0.268941),
(1, 9, 0.268941),
(1, 10, 0.268941),
(2, 1, 0.268941),
(2, 2, 0.268941),
(2, 3, 0.268941),
(2, 4, 0.268941),
(2, 5, 0.268941),
(2, 6, 0.268941),
(2, 7, 0.268941),
(2, 8, 0.268941),
(2, 9, 0.268941),
(2, 10, 0.268941),
(3, 1, 0.268941),
(3, 2, 0.268941),
(3, 3, 0.268941),
(3, 4, 0.268941),
(3, 5, 0.268941),
(3, 6, 0.268941),
(3, 7, 0.268941),
(3, 8, 0.268941),
(3, 9, 0.268941),
(3, 10, 0.268941),
(4, 1, 0.268941),
(4, 2, 0.268941),
(4, 3, 0.268941),
(4, 4, 0.268941),
(4, 5, 0.268941),
(4, 6, 0.268941),
(4, 7, 0.268941),
(4, 8, 0.268941),
(4, 9, 0.268941),
(4, 10, 0.268941),
(5, 1, 0.268941),
(5, 2, 0.268941),
(5, 3, 0.268941),
(5, 4, 0.268941),
(5, 5, 0.268941),
(5, 6, 0.268941),
(5, 7, 0.268941),
(5, 8, 0.268941),
(5, 9, 0.268941),
(5, 10, 0.268941),
(6, 1, 0.268941),
(6, 2, 0.268941),
(6, 3, 0.268941),
(6, 4, 0.268941),
(6, 5, 0.268941),
(6, 6, 0.268941),
(6, 7, 0.268941),
(6, 8, 0.268941),
(6, 9, 0.268941),
(6, 10, 0.268941),
(7, 1, 0.268941),
(7, 2, 0.268941),
(7, 3, 0.268941),
(7, 4, 0.268941),
(7, 5, 0.268941),
(7, 6, 0.268941),
(7, 7, 0.268941),
(7, 8, 0.268941),
(7, 9, 0.268941),
(7, 10, 0.268941),
(8, 1, 0.268941),
(8, 2, 0.268941),
(8, 3, 0.268941),
(8, 4, 0.268941),
(8, 5, 0.268941),
(8, 6, 0.268941),
(8, 7, 0.268941),
(8, 8, 0.268941),
(8, 9, 0.268941),
(8, 10, 0.268941),
(9, 1, 0.268941),
(9, 2, 0.268941),
(9, 3, 0.268941),
(9, 4, 0.268941),
(9, 5, 0.268941),
(9, 6, 0.268941),
(9, 7, 0.268941),
(9, 8, 0.268941),
(9, 9, 0.268941),
(9, 10, 0.268941),
(10, 1, 0.268941),
(10, 2, 0.268941),
(10, 3, 0.268941),
(10, 4, 0.268941),
(10, 5, 0.268941),
(10, 6, 0.268941),
(10, 7, 0.268941),
(10, 8, 0.268941),
(10, 9, 0.268941),
(10, 10, 0.268941),
(11, 1, 0.268941),
(11, 2, 0.268941),
(11, 3, 0.268941),
(11, 4, 0.268941),
(11, 5, 0.268941),
(11, 6, 0.268941),
(11, 7, 0.268941),
(11, 8, 0.268941),
(11, 9, 0.268941),
(11, 10, 0.268941),
(12, 1, 0.268941),
(12, 2, 0.268941),
(12, 3, 0.268941),
(12, 4, 0.268941),
(12, 5, 0.268941),
(12, 6, 0.268941),
(12, 7, 0.268941),
(12, 8, 0.268941),
(12, 9, 0.268941),
(12, 10, 0.268941),
(13, 1, 0.268941),
(13, 2, 0.268941),
(13, 3, 0.268941),
(13, 4, 0.268941),
(13, 5, 0.268941),
(13, 6, 0.268941),
(13, 7, 0.268941),
(13, 8, 0.268941),
(13, 9, 0.268941),
(13, 10, 0.268941),
(14, 1, 0.268941),
(14, 2, 0.268941),
(14, 3, 0.268941),
(14, 4, 0.268941),
(14, 5, 0.268941),
(14, 6, 0.268941),
(14, 7, 0.268941),
(14, 8, 0.268941),
(14, 9, 0.268941),
(14, 10, 0.268941),
(15, 1, 0.268941),
(15, 2, 0.268941),
(15, 3, 0.268941),
(15, 4, 0.268941),
(15, 5, 0.268941),
(15, 6, 0.268941),
(15, 7, 0.268941),
(15, 8, 0.268941),
(15, 9, 0.268941),
(15, 10, 0.268941),
(16, 1, 0.268941),
(16, 2, 0.268941),
(16, 3, 0.268941),
(16, 4, 0.268941),
(16, 5, 0.268941),
(16, 6, 0.268941),
(16, 7, 0.268941),
(16, 8, 0.268941),
(16, 9, 0.268941),
(16, 10, 0.268941),
(17, 1, 0.268941),
(17, 2, 0.268941),
(17, 3, 0.268941),
(17, 4, 0.268941),
(17, 5, 0.268941),
(17, 6, 0.268941),
(17, 7, 0.268941),
(17, 8, 0.268941),
(17, 9, 0.268941),
(17, 10, 0.268941),
(18, 1, 0.268941),
(18, 2, 0.268941),
(18, 3, 0.268941),
(18, 4, 0.268941),
(18, 5, 0.268941),
(18, 6, 0.268941),
(18, 7, 0.268941),
(18, 8, 0.268941),
(18, 9, 0.268941),
(18, 10, 0.268941),
(19, 1, 0.268941),
(19, 2, 0.268941),
(19, 3, 0.268941),
(19, 4, 0.268941),
(19, 5, 0.268941),
(19, 6, 0.268941),
(19, 7, 0.268941),
(19, 8, 0.268941),
(19, 9, 0.268941),
(19, 10, 0.268941),
(20, 1, 0.268941),
(20, 2, 0.268941),
(20, 3, 0.268941),
(20, 4, 0.268941),
(20, 5, 0.268941),
(20, 6, 0.268941),
(20, 7, 0.268941),
(20, 8, 0.268941),
(20, 9, 0.268941),
(20, 10, 0.268941)
;
INSERT INTO Class (v0, v1, p) VALUES
(1, 1, 0.268941),
(1, 2, 0.268941),
(1, 3, 0.268941),
(1, 4, 0.268941),
(1, 5, 0.268941),
(2, 1, 0.268941),
(2, 2, 0.268941),
(2, 3, 0.268941),
(2, 4, 0.268941),
(2, 5, 0.268941),
(3, 1, 0.268941),
(3, 2, 0.268941),
(3, 3, 0.268941),
(3, 4, 0.268941),
(3, 5, 0.268941),
(4, 1, 0.268941),
(4, 2, 0.268941),
(4, 3, 0.268941),
(4, 4, 0.268941),
(4, 5, 0.268941),
(5, 1, 0.268941),
(5, 2, 0.268941),
(5, 3, 0.268941),
(5, 4, 0.268941),
(5, 5, 0.268941),
(6, 1, 0.268941),
(6, 2, 0.268941),
(6, 3, 0.268941),
(6, 4, 0.268941),
(6, 5, 0.268941),
(7, 1, 0.268941),
(7, 2, 0.268941),
(7, 3, 0.268941),
(7, 4, 0.268941),
(7, 5, 0.268941),
(8, 1, 0.268941),
(8, 2, 0.268941),
(8, 3, 0.268941),
(8, 4, 0.268941),
(8, 5, 0.268941),
(9, 1, 0.268941),
(9, 2, 0.268941),
(9, 3, 0.268941),
(9, 4, 0.268941),
(9, 5, 0.268941),
(10, 1, 0.268941),
(10, 2, 0.268941),
(10, 3, 0.268941),
(10, 4, 0.268941),
(10, 5, 0.268941),
(11, 1, 0.268941),
(11, 2, 0.268941),
(11, 3, 0.268941),
(11, 4, 0.268941),
(11, 5, 0.268941),
(12, 1, 0.268941),
(12, 2, 0.268941),
(12, 3, 0.268941),
(12, 4, 0.268941),
(12, 5, 0.268941),
(13, 1, 0.268941),
(13, 2, 0.268941),
(13, 3, 0.268941),
(13, 4, 0.268941),
(13, 5, 0.268941),
(14, 1, 0.268941),
(14, 2, 0.268941),
(14, 3, 0.268941),
(14, 4, 0.268941),
(14, 5, 0.268941),
(15, 1, 0.268941),
(15, 2, 0.268941),
(15, 3, 0.268941),
(15, 4, 0.268941),
(15, 5, 0.268941),
(16, 1, 0.268941),
(16, 2, 0.268941),
(16, 3, 0.268941),
(16, 4, 0.268941),
(16, 5, 0.268941),
(17, 1, 0.268941),
(17, 2, 0.268941),
(17, 3, 0.268941),
(17, 4, 0.268941),
(17, 5, 0.268941),
(18, 1, 0.268941),
(18, 2, 0.268941),
(18, 3, 0.268941),
(18, 4, 0.268941),
(18, 5, 0.268941),
(19, 1, 0.268941),
(19, 2, 0.268941),
(19, 3, 0.268941),
(19, 4, 0.268941),
(19, 5, 0.268941),
(20, 1, 0.268941),
(20, 2, 0.268941),
(20, 3, 0.268941),
(20, 4, 0.268941),
(20, 5, 0.268941)
;
INSERT INTO Link (v0, v1, p) VALUES
(5, 6, 1.000000),
(5, 15, 1.000000),
(6, 1, 1.000000),
(8, 3, 1.000000),
(11, 8, 1.000000),
(12, 19, 1.000000),
(13, 3, 1.000000),
(15, 10, 1.000000),
(15, 16, 1.000000),
(16, 9, 1.000000),
(17, 5, 1.000000),
(18, 11, 1.000000),
(19, 11, 1.000000),
(20, 4, 1.000000)
;
INSERT INTO P3 (v0, v1, v2, v3, p) VALUES
(5, 1, 6, 1, 0.683835),
(5, 1, 15, 1, 0.700541),
(6, 1, 1, 1, 0.732539),
(8, 1, 3, 1, 0.700299),
(11, 1, 8, 1, 0.705210),
(12, 1, 19, 1, 0.684441),
(13, 1, 3, 1, 0.684688),
(15, 1, 10, 1, 0.728443),
(15, 1, 16, 1, 0.765242),
(16, 1, 9, 1, 0.708016),
(17, 1, 5, 1, 0.733348),
(18, 1, 11, 1, 0.670957),
(19, 1, 11, 1, 0.720698),
(20, 1, 4, 1, 0.726652),
(5, 1, 6, 2, 0.680595),
(5, 1, 15, 2, 0.746657),
(6, 1, 1, 2, 0.689273),
(8, 1, 3, 2, 0.764980),
(11, 1, 8, 2, 0.714471),
(12, 1, 19, 2, 0.722472),
(13, 1, 3, 2, 0.746084),
(15, 1, 10, 2, 0.707833),
(15, 1, 16, 2, 0.706649),
(16, 1, 9, 2, 0.735748),
(17, 1, 5, 2, 0.721148),
(18, 1, 11, 2, 0.705810),
(19, 1, 11, 2, 0.719265),
(20, 1, 4, 2, 0.717390),
(5, 1, 6, 3, 0.718117),
(5, 1, 15, 3, 0.738346),
(6, 1, 1, 3, 0.727623),
(8, 1, 3, 3, 0.749714),
(11, 1, 8, 3, 0.752932),
(12, 1, 19, 3, 0.684286),
(13, 1, 3, 3, 0.696116),
(15, 1, 10, 3, 0.755891),
(15, 1, 16, 3, 0.721840),
(16, 1, 9, 3, 0.749390),
(17, 1, 5, 3, 0.702306),
(18, 1, 11, 3, 0.735464),
(19, 1, 11, 3, 0.677206),
(20, 1, 4, 3, 0.698530),
(5, 1, 6, 4, 0.706204),
(5, 1, 15, 4, 0.729793),
(6, 1, 1, 4, 0.764325),
(8, 1, 3, 4, 0.761757),
(11, 1, 8, 4, 0.716238),
(12, 1, 19, 4, 0.695387),
(13, 1, 3, 4, 0.728914),
(15, 1, 10, 4, 0.671382),
(15, 1, 16, 4, 0.683965),
(16, 1, 9, 4, 0.695051),
(17, 1, 5, 4, 0.704993),
(18, 1, 11, 4, 0.669067),
(19, 1, 11, 4, 0.701007),
(20, 1, 4, 4, 0.758843),
(5, 1, 6, 5, 0.677676),
(5, 1, 15, 5, 0.728533),
(6, 1, 1, 5, 0.692197),
(8, 1, 3, 5, 0.762136),
(11, 1, 8, 5, 0.765383),
(12, 1, 19, 5, 0.680905),
(13, 1, 3, 5, 0.698745),
(15, 1, 10, 5, 0.748986),
(15, 1, 16, 5, 0.689716),
(16, 1, 9, 5, 0.722044),
(17, 1, 5, 5, 0.695279),
(18, 1, 11, 5, 0.690759),
(19, 1, 11, 5, 0.762750),
(20, 1, 4, 5, 0.719602),
(5, 2, 6, 1, 0.753123),
(5, 2, 15, 1, 0.719356),
(6, 2, 1, 1, 0.751284),
(8, 2, 3, 1, 0.717935),
(11, 2, 8, 1, 0.692486),
(12, 2, 19, 1, 0.710488),
(13, 2, 3, 1, 0.677796),
(15, 2, 10, 1, 0.743452),
(15, 2, 16, 1, 0.728273),
(16, 2, 9, 1, 0.752527),
(17, 2, 5, 1, 0.682427),
(18, 2, 11, 1, 0.736611),
(19, 2, 11, 1, 0.750788),
(20, 2, 4, 1, 0.702063),
(5, 2, 6, 2, 0.709113),
(5, 2, 15, 2, 0.734739),
(6, 2, 1, 2, 0.706453),
(8, 2, 3, 2, 0.728754),
(11, 2, 8, 2, 0.706866),
(12, 2, 19, 2, 0.728009),
(13, 2, 3, 2, 0.689286),
(15, 2, 10, 2, 0.729361),
(15, 2, 16, 2, 0.696828),
(16, 2, 9, 2, 0.686903),
(17, 2, 5, 2, 0.750815),
(18, 2, 11, 2, 0.699280),
(19, 2, 11, 2, 0.723765),
(20, 2, 4, 2, 0.693663),
(5, 2, 6, 3, 0.721197),
(5, 2, 15, 3, 0.679268),
(6, 2, 1, 3, 0.708933),
(8, 2, 3, 3, 0.738459),
(11, 2, 8, 3, 0.683986),
(12, 2, 19, 3, 0.715713),
(13, 2, 3, 3, 0.759469),
(15, 2, 10, 3, 0.740324),
(15, 2, 16, 3, 0.738453),
(16, 2, 9, 3, 0.679492),
(17, 2, 5, 3, 0.736918),
(18, 2, 11, 3, 0.745001),
(19, 2, 11, 3, 0.718604),
(20, 2, 4, 3, 0.721478),
(5, 2, 6, 4, 0.731689),
(5, 2, 15, 4, 0.736951),
(6, 2, 1, 4, 0.689601),
(8, 2, 3, 4, 0.763779),
(11, 2, 8, 4, 0.676620),
(12, 2, 19, 4, 0.714715),
(13, 2, 3, 4, 0.724603),
(15, 2, 10, 4, 0.692161),
(15, 2, 16, 4, 0.745570),
(16, 2, 9, 4, 0.740678),
(17, 2, 5, 4, 0.669542),
(18, 2, 11, 4, 0.714064),
(19, 2, 11, 4, 0.723570),
(20, 2, 4, 4, 0.676857),
(5, 2, 6, 5, 0.704989),
(5, 2, 15, 5, 0.690078),
(6, 2, 1, 5, 0.677465),
(8, 2, 3, 5, 0.671875),
(11, 2, 8, 5, 0.680797),
(12, 2, 19, 5, 0.721293),
(13, 2, 3, 5, 0.748905),
(15, 2, 10, 5, 0.747026),
(15, 2, 16, 5, 0.765716),
(16, 2, 9, 5, 0.677234),
(17, 2, 5, 5, 0.762475),
(18, 2, 11, 5, 0.680370),
(19, 2, 11, 5, 0.707303),
(20, 2, 4, 5, 0.674841),
(5, 3, 6, 1, 0.764098),
(5, 3, 15, 1, 0.737369),
(6, 3, 1, 1, 0.680648),
(8, 3, 3, 1, 0.733419),
(11, 3, 8, 1, 0.711977),
(12, 3, 19, 1, 0.730984),
(13, 3, 3, 1, 0.671851),
(15, 3, 10, 1, 0.720347),
(15, 3, 16, 1, 0.753729),
(16, 3, 9, 1, 0.708068),
(17, 3, 5, 1, 0.699160),
(18, 3, 11, 1, 0.741927),
(19, 3, 11, 1, 0.744472),
(20, 3, 4, 1, 0.746606),
(5, 3, 6, 2, 0.752214),
(5, 3, 15, 2, 0.712913),
(6, 3, 1, 2, 0.733287),
(8, 3, 3, 2, 0.691745),
(11, 3, 8, 2, 0.684288),
(12, 3, 19, 2, 0.747629),
(13, 3, 3, 2, 0.690700),
(15, 3, 10, 2, 0.712737),
(15, 3, 16, 2, 0.681741),
(16, 3, 9, 2, 0.728282),
(17, 3, 5, 2, 0.677318),
(18, 3, 11, 2, 0.671353),
(19, 3, 11, 2, 0.667941),
(20, 3, 4, 2, 0.732095),
(5, 3, 6, 3, 0.716247),
(5, 3, 15, 3, 0.668370),
(6, 3, 1, 3, 0.737702),
(8, 3, 3, 3, 0.733359),
(11, 3, 8, 3, 0.674321),
(12, 3, 19, 3, 0.668093),
(13, 3, 3, 3, 0.728409),
(15, 3, 10, 3, 0.672482),
(15, 3, 16, 3, 0.746657),
(16, 3, 9, 3, 0.736281),
(17, 3, 5, 3, 0.713735),
(18, 3, 11, 3, 0.752944),
(19, 3, 11, 3, 0.763683),
(20, 3, 4, 3, 0.766444),
(5, 3, 6, 4, 0.729665),
(5, 3, 15, 4, 0.730366),
(6, 3, 1, 4, 0.745928),
(8, 3, 3, 4, 0.670445),
(11, 3, 8, 4, 0.669240),
(12, 3, 19, 4, 0.747452),
(13, 3, 3, 4, 0.732775),
(15, 3, 10, 4, 0.764554),
(15, 3, 16, 4, 0.684570),
(16, 3, 9, 4, 0.721541),
(17, 3, 5, 4, 0.750733),
(18, 3, 11, 4, 0.698038),
(19, 3, 11, 4, 0.680459),
(20, 3, 4, 4, 0.763699),
(5, 3, 6, 5, 0.696370),
(5, 3, 15, 5, 0.745404),
(6, 3, 1, 5, 0.715148),
(8, 3, 3, 5, 0.728602),
(11, 3, 8, 5, 0.761169),
(12, 3, 19, 5, 0.693892),
(13, 3, 3, 5, 0.689141),
(15, 3, 10, 5, 0.667227),
(15, 3, 16, 5, 0.715035),
(16, 3, 9, 5, 0.701872),
(17, 3, 5, 5, 0.758580),
(18, 3, 11, 5, 0.687720),
(19, 3, 11, 5, 0.729437),
(20, 3, 4, 5, 0.767038),
(5, 4, 6, 1, 0.686231),
(5, 4, 15, 1, 0.692204),
(6, 4, 1, 1, 0.689247),
(8, 4, 3, 1, 0.733651),
(11, 4, 8, 1, 0.710796),
(12, 4, 19, 1, 0.670064),
(13, 4, 3, 1, 0.679584),
(15, 4, 10, 1, 0.746028),
(15, 4, 16, 1, 0.734829),
(16, 4, 9, 1, 0.688023),
(17, 4, 5, 1, 0.761254),
(18, 4, 11, 1, 0.764620),
(19, 4, 11, 1, 0.715336),
(20, 4, 4, 1, 0.743109),
(5, 4, 6, 2, 0.673277),
(5, 4, 15, 2, 0.719927),
(6, 4, 1, 2, 0.703023),
(8, 4, 3, 2, 0.744858),
(11, 4, 8, 2, 0.693698),
(12, 4, 19, 2, 0.695912),
(13, 4, 3, 2, 0.670008),
(15, 4, 10, 2, 0.742423),
(15, 4, 16, 2, 0.732441),
(16, 4, 9, 2, 0.749334),
(17, 4, 5, 2, 0.698695),
(18, 4, 11, 2, 0.756071),
(19, 4, 11, 2, 0.704224),
(20, 4, 4, 2, 0.733148),
(5, 4, 6, 3, 0.701364),
(5, 4, 15, 3, 0.753466),
(6, 4, 1, 3, 0.759456),
(8, 4, 3, 3, 0.670589),
(11, 4, 8, 3, 0.756008),
(12, 4, 19, 3, 0.751824),
(13, 4, 3, 3, 0.732151),
(15, 4, 10, 3, 0.691216),
(15, 4, 16, 3, 0.726240),
(16, 4, 9, 3, 0.685877),
(17, 4, 5, 3, 0.711160),
(18, 4, 11, 3, 0.678639),
(19, 4, 11, 3, 0.705173),
(20, 4, 4, 3, 0.673327),
(5, 4, 6, 4, 0.711040),
(5, 4, 15, 4, 0.703755),
(6, 4, 1, 4, 0.739952),
(8, 4, 3, 4, 0.753424),
(11, 4, 8, 4, 0.707335),
(12, 4, 19, 4, 0.738619),
(13, 4, 3, 4, 0.676060),
(15, 4, 10, 4, 0.698233),
(15, 4, 16, 4, 0.720391),
(16, 4, 9, 4, 0.749673),
(17, 4, 5, 4, 0.736200),
(18, 4, 11, 4, 0.748891),
(19, 4, 11, 4, 0.685557),
(20, 4, 4, 4, 0.700326),
(5, 4, 6, 5, 0.738192),
(5, 4, 15, 5, 0.681368),
(6, 4, 1, 5, 0.670195),
(8, 4, 3, 5, 0.695078),
(11, 4, 8, 5, 0.744292),
(12, 4, 19, 5, 0.678801),
(13, 4, 3, 5, 0.683573),
(15, 4, 10, 5, 0.764020),
(15, 4, 16, 5, 0.726302),
(16, 4, 9, 5, 0.675127),
(17, 4, 5, 5, 0.700759),
(18, 4, 11, 5, 0.752705),
(19, 4, 11, 5, 0.710657),
(20, 4, 4, 5, 0.677927),
(5, 5, 6, 1, 0.720228),
(5, 5, 15, 1, 0.709230),
(6, 5, 1, 1, 0.760393),
(8, 5, 3, 1, 0.690402),
(11, 5, 8, 1, 0.717069),
(12, 5, 19, 1, 0.760531),
(13, 5, 3, 1, 0.728484),
(15, 5, 10, 1, 0.696147),
(15, 5, 16, 1, 0.706853),
(16, 5, 9, 1, 0.702097),
(17, 5, 5, 1, 0.765137),
(18, 5, 11, 1, 0.704478),
(19, 5, 11, 1, 0.766186),
(20, 5, 4, 1, 0.759969),
(5, 5, 6, 2, 0.681739),
(5, 5, 15, 2, 0.724470),
(6, 5, 1, 2, 0.688378),
(8, 5, 3, 2, 0.757107),
(11, 5, 8, 2, 0.699788),
(12, 5, 19, 2, 0.671362),
(13, 5, 3, 2, 0.732073),
(15, 5, 10, 2, 0.757031),
(15, 5, 16, 2, 0.681963),
(16, 5, 9, 2, 0.740726),
(17, 5, 5, 2, 0.722777),
(18, 5, 11, 2, 0.724447),
(19, 5, 11, 2, 0.710761),
(20, 5, 4, 2, 0.711309),
(5, 5, 6, 3, 0.752670),
(5, 5, 15, 3, 0.753746),
(6, 5, 1, 3, 0.699628),
(8, 5, 3, 3, 0.683986),
(11, 5, 8, 3, 0.735762),
(12, 5, 19, 3, 0.680108),
(13, 5, 3, 3, 0.669555),
(15, 5, 10, 3, 0.758541),
(15, 5, 16, 3, 0.740462),
(16, 5, 9, 3, 0.689625),
(17, 5, 5, 3, 0.686757),
(18, 5, 11, 3, 0.736067),
(19, 5, 11, 3, 0.732706),
(20, 5, 4, 3, 0.752111),
(5, 5, 6, 4, 0.740244),
(5, 5, 15, 4, 0.717793),
(6, 5, 1, 4, 0.705002),
(8, 5, 3, 4, 0.751430),
(11, 5, 8, 4, 0.711277),
(12, 5, 19, 4, 0.763998),
(13, 5, 3, 4, 0.729004),
(15, 5, 10, 4, 0.703822),
(15, 5, 16, 4, 0.677025),
(16, 5, 9, 4, 0.701388),
(17, 5, 5, 4, 0.670378),
(18, 5, 11, 4, 0.710865),
(19, 5, 11, 4, 0.716996),
(20, 5, 4, 4, 0.671508),
(5, 5, 6, 5, 0.682111),
(5, 5, 15, 5, 0.751067),
(6, 5, 1, 5, 0.746825),
(8, 5, 3, 5, 0.750581),
(11, 5, 8, 5, 0.727137),
(12, 5, 19, 5, 0.745351),
(13, 5, 3, 5, 0.744396),
(15, 5, 10, 5, 0.704541),
(15, 5, 16, 5, 0.755838),
(16, 5, 9, 5, 0.684742),
(17, 5, 5, 5, 0.699354),
(18, 5, 11, 5, 0.708406),
(19, 5, 11, 5, 0.686437),
(20, 5, 4, 5, 0.691240)
;
