-- command:  asymmetricRulesWebKB.py 5 -10 -10 -10 1.1 1.1 1.1

DROP TABLE IF EXISTS P1;
DROP TABLE IF EXISTS P2;
DROP TABLE IF EXISTS P3;
DROP TABLE IF EXISTS Has;
DROP TABLE IF EXISTS Class;
DROP TABLE IF EXISTS Link;
DROP TABLE IF EXISTS A;

CREATE TABLE A (
    v0   integer
);

CREATE TABLE P1 (
    id  serial,
    v0   integer,
    v1   integer,
    v2   integer,
    --p   double precision
    p   double precision
);

CREATE TABLE P2 (
    id  serial,
    v0   integer,
    v1   integer,
    v2   integer,
    --p   double precision
    p   double precision
);

CREATE TABLE P3 (
    id  serial,
    v0   integer,
    v1   integer,
    v2   integer,
    v3   integer,
    --p   double precision
    p   double precision
);

CREATE TABLE Has (
    id  serial,
    v0   integer,
    v1   integer,
    --p   double precision
    p   double precision
);

CREATE TABLE Class (
    id  serial,
    v0   integer,
    v1   integer,
    --p   double precision
    p   double precision
);

CREATE TABLE Link (
    id  serial,
    v0   integer,
    v1   integer,
    --p   double precision
    p   double precision
);

INSERT INTO A (v0) VALUES
(1),
(2),
(3),
(4),
(5);
INSERT INTO P1 (v0, v1, v2, p) VALUES
(1, 1, 1, 0.818429),
(1, 1, 2, 0.783137),
(1, 1, 3, 0.722180),
(1, 1, 4, 0.749815),
(1, 1, 5, 0.730205),
(1, 2, 1, 0.782569),
(1, 2, 2, 0.746532),
(1, 2, 3, 0.818592),
(1, 2, 4, 0.771395),
(1, 2, 5, 0.824615),
(1, 3, 1, 0.781432),
(1, 3, 2, 0.732231),
(1, 3, 3, 0.811296),
(1, 3, 4, 0.697110),
(1, 3, 5, 0.710192),
(1, 4, 1, 0.699237),
(1, 4, 2, 0.748043),
(1, 4, 3, 0.783594),
(1, 4, 4, 0.822718),
(1, 4, 5, 0.826835),
(1, 5, 1, 0.674189),
(1, 5, 2, 0.826394),
(1, 5, 3, 0.836224),
(1, 5, 4, 0.673108),
(1, 5, 5, 0.685119),
(2, 1, 1, 0.829089),
(2, 1, 2, 0.812244),
(2, 1, 3, 0.737717),
(2, 1, 4, 0.675465),
(2, 1, 5, 0.743366),
(2, 2, 1, 0.822462),
(2, 2, 2, 0.780685),
(2, 2, 3, 0.770589),
(2, 2, 4, 0.845321),
(2, 2, 5, 0.823663),
(2, 3, 1, 0.766406),
(2, 3, 2, 0.773961),
(2, 3, 3, 0.775700),
(2, 3, 4, 0.756395),
(2, 3, 5, 0.698995),
(2, 4, 1, 0.853207),
(2, 4, 2, 0.671163),
(2, 4, 3, 0.679345),
(2, 4, 4, 0.766605),
(2, 4, 5, 0.746615),
(2, 5, 1, 0.688614),
(2, 5, 2, 0.677585),
(2, 5, 3, 0.711339),
(2, 5, 4, 0.749027),
(2, 5, 5, 0.687370),
(3, 1, 1, 0.815084),
(3, 1, 2, 0.686315),
(3, 1, 3, 0.841843),
(3, 1, 4, 0.713456),
(3, 1, 5, 0.683840),
(3, 2, 1, 0.825996),
(3, 2, 2, 0.805813),
(3, 2, 3, 0.678835),
(3, 2, 4, 0.706886),
(3, 2, 5, 0.741119),
(3, 3, 1, 0.680984),
(3, 3, 2, 0.762031),
(3, 3, 3, 0.791170),
(3, 3, 4, 0.802986),
(3, 3, 5, 0.677625),
(3, 4, 1, 0.846759),
(3, 4, 2, 0.705220),
(3, 4, 3, 0.756120),
(3, 4, 4, 0.860479),
(3, 4, 5, 0.742052),
(3, 5, 1, 0.823775),
(3, 5, 2, 0.757512),
(3, 5, 3, 0.850258),
(3, 5, 4, 0.681334),
(3, 5, 5, 0.830546),
(4, 1, 1, 0.863396),
(4, 1, 2, 0.695606),
(4, 1, 3, 0.811885),
(4, 1, 4, 0.779500),
(4, 1, 5, 0.780106),
(4, 2, 1, 0.695361),
(4, 2, 2, 0.836852),
(4, 2, 3, 0.727105),
(4, 2, 4, 0.779094),
(4, 2, 5, 0.850345),
(4, 3, 1, 0.734568),
(4, 3, 2, 0.806373),
(4, 3, 3, 0.754171),
(4, 3, 4, 0.803167),
(4, 3, 5, 0.681646),
(4, 4, 1, 0.851158),
(4, 4, 2, 0.735489),
(4, 4, 3, 0.821595),
(4, 4, 4, 0.839145),
(4, 4, 5, 0.677239),
(4, 5, 1, 0.813863),
(4, 5, 2, 0.676201),
(4, 5, 3, 0.764144),
(4, 5, 4, 0.736855),
(4, 5, 5, 0.712432),
(5, 1, 1, 0.695644),
(5, 1, 2, 0.807216),
(5, 1, 3, 0.834106),
(5, 1, 4, 0.841338),
(5, 1, 5, 0.792070),
(5, 2, 1, 0.684473),
(5, 2, 2, 0.762945),
(5, 2, 3, 0.716644),
(5, 2, 4, 0.813517),
(5, 2, 5, 0.778109),
(5, 3, 1, 0.795232),
(5, 3, 2, 0.780543),
(5, 3, 3, 0.847532),
(5, 3, 4, 0.765037),
(5, 3, 5, 0.808736),
(5, 4, 1, 0.854871),
(5, 4, 2, 0.816282),
(5, 4, 3, 0.729816),
(5, 4, 4, 0.722759),
(5, 4, 5, 0.770811),
(5, 5, 1, 0.765500),
(5, 5, 2, 0.674527),
(5, 5, 3, 0.864976),
(5, 5, 4, 0.852498),
(5, 5, 5, 0.761650)
;
INSERT INTO P2 (v0, v1, v2, p) VALUES
(1, 1, 1, 0.810166),
(1, 1, 2, 0.697083),
(1, 1, 3, 0.772873),
(1, 1, 4, 0.814827),
(1, 1, 5, 0.843803),
(1, 2, 1, 0.747801),
(1, 2, 2, 0.789299),
(1, 2, 3, 0.748677),
(1, 2, 4, 0.674136),
(1, 2, 5, 0.727732),
(1, 3, 1, 0.828533),
(1, 3, 2, 0.806782),
(1, 3, 3, 0.751130),
(1, 3, 4, 0.844067),
(1, 3, 5, 0.848521),
(1, 4, 1, 0.827907),
(1, 4, 2, 0.695796),
(1, 4, 3, 0.830521),
(1, 4, 4, 0.726047),
(1, 4, 5, 0.834811),
(1, 5, 1, 0.797753),
(1, 5, 2, 0.815161),
(1, 5, 3, 0.783752),
(1, 5, 4, 0.737488),
(1, 5, 5, 0.829584),
(2, 1, 1, 0.797350),
(2, 1, 2, 0.845146),
(2, 1, 3, 0.863764),
(2, 1, 4, 0.729107),
(2, 1, 5, 0.725857),
(2, 2, 1, 0.836255),
(2, 2, 2, 0.794426),
(2, 2, 3, 0.855329),
(2, 2, 4, 0.670900),
(2, 2, 5, 0.841207),
(2, 3, 1, 0.764476),
(2, 3, 2, 0.731610),
(2, 3, 3, 0.683694),
(2, 3, 4, 0.744003),
(2, 3, 5, 0.764259),
(2, 4, 1, 0.851150),
(2, 4, 2, 0.764217),
(2, 4, 3, 0.865168),
(2, 4, 4, 0.807532),
(2, 4, 5, 0.786344),
(2, 5, 1, 0.772517),
(2, 5, 2, 0.850525),
(2, 5, 3, 0.838487),
(2, 5, 4, 0.845099),
(2, 5, 5, 0.852441),
(3, 1, 1, 0.836961),
(3, 1, 2, 0.752205),
(3, 1, 3, 0.859563),
(3, 1, 4, 0.758789),
(3, 1, 5, 0.734984),
(3, 2, 1, 0.819270),
(3, 2, 2, 0.781331),
(3, 2, 3, 0.778403),
(3, 2, 4, 0.805730),
(3, 2, 5, 0.705056),
(3, 3, 1, 0.816609),
(3, 3, 2, 0.736705),
(3, 3, 3, 0.832661),
(3, 3, 4, 0.677376),
(3, 3, 5, 0.787594),
(3, 4, 1, 0.700631),
(3, 4, 2, 0.755307),
(3, 4, 3, 0.787634),
(3, 4, 4, 0.764171),
(3, 4, 5, 0.689082),
(3, 5, 1, 0.691944),
(3, 5, 2, 0.783509),
(3, 5, 3, 0.742574),
(3, 5, 4, 0.723818),
(3, 5, 5, 0.847014),
(4, 1, 1, 0.765160),
(4, 1, 2, 0.783824),
(4, 1, 3, 0.718913),
(4, 1, 4, 0.843743),
(4, 1, 5, 0.752225),
(4, 2, 1, 0.731007),
(4, 2, 2, 0.808472),
(4, 2, 3, 0.806550),
(4, 2, 4, 0.675688),
(4, 2, 5, 0.692177),
(4, 3, 1, 0.848505),
(4, 3, 2, 0.670514),
(4, 3, 3, 0.802813),
(4, 3, 4, 0.790375),
(4, 3, 5, 0.826348),
(4, 4, 1, 0.677026),
(4, 4, 2, 0.694303),
(4, 4, 3, 0.809416),
(4, 4, 4, 0.755966),
(4, 4, 5, 0.840957),
(4, 5, 1, 0.815450),
(4, 5, 2, 0.797532),
(4, 5, 3, 0.679297),
(4, 5, 4, 0.753360),
(4, 5, 5, 0.716683),
(5, 1, 1, 0.785612),
(5, 1, 2, 0.817641),
(5, 1, 3, 0.706907),
(5, 1, 4, 0.838387),
(5, 1, 5, 0.684258),
(5, 2, 1, 0.863169),
(5, 2, 2, 0.819995),
(5, 2, 3, 0.786010),
(5, 2, 4, 0.756118),
(5, 2, 5, 0.733898),
(5, 3, 1, 0.715673),
(5, 3, 2, 0.697111),
(5, 3, 3, 0.846547),
(5, 3, 4, 0.674953),
(5, 3, 5, 0.730686),
(5, 4, 1, 0.678432),
(5, 4, 2, 0.763811),
(5, 4, 3, 0.809280),
(5, 4, 4, 0.755549),
(5, 4, 5, 0.673966),
(5, 5, 1, 0.727880),
(5, 5, 2, 0.747019),
(5, 5, 3, 0.839449),
(5, 5, 4, 0.732491),
(5, 5, 5, 0.755156)
;
INSERT INTO P3 (v0, v1, v2, v3, p) VALUES
(1, 1, 1, 1, 0.752062),
(1, 1, 1, 2, 0.746131),
(1, 1, 1, 3, 0.764777),
(1, 1, 1, 4, 0.766152),
(1, 1, 1, 5, 0.758482),
(1, 1, 2, 1, 0.845222),
(1, 1, 2, 2, 0.729143),
(1, 1, 2, 3, 0.818214),
(1, 1, 2, 4, 0.741631),
(1, 1, 2, 5, 0.673020),
(1, 1, 3, 1, 0.865500),
(1, 1, 3, 2, 0.699290),
(1, 1, 3, 3, 0.731754),
(1, 1, 3, 4, 0.713687),
(1, 1, 3, 5, 0.674662),
(1, 1, 4, 1, 0.746804),
(1, 1, 4, 2, 0.844835),
(1, 1, 4, 3, 0.786413),
(1, 1, 4, 4, 0.839766),
(1, 1, 4, 5, 0.782123),
(1, 1, 5, 1, 0.845764),
(1, 1, 5, 2, 0.719568),
(1, 1, 5, 3, 0.844865),
(1, 1, 5, 4, 0.679197),
(1, 1, 5, 5, 0.704653),
(1, 2, 1, 1, 0.776090),
(1, 2, 1, 2, 0.802845),
(1, 2, 1, 3, 0.766002),
(1, 2, 1, 4, 0.821827),
(1, 2, 1, 5, 0.762106),
(1, 2, 2, 1, 0.689279),
(1, 2, 2, 2, 0.745079),
(1, 2, 2, 3, 0.700517),
(1, 2, 2, 4, 0.698737),
(1, 2, 2, 5, 0.808274),
(1, 2, 3, 1, 0.816448),
(1, 2, 3, 2, 0.754743),
(1, 2, 3, 3, 0.723967),
(1, 2, 3, 4, 0.708492),
(1, 2, 3, 5, 0.796629),
(1, 2, 4, 1, 0.838035),
(1, 2, 4, 2, 0.670541),
(1, 2, 4, 3, 0.712624),
(1, 2, 4, 4, 0.793435),
(1, 2, 4, 5, 0.806949),
(1, 2, 5, 1, 0.855701),
(1, 2, 5, 2, 0.805806),
(1, 2, 5, 3, 0.717381),
(1, 2, 5, 4, 0.785131),
(1, 2, 5, 5, 0.851786),
(1, 3, 1, 1, 0.766280),
(1, 3, 1, 2, 0.788650),
(1, 3, 1, 3, 0.725039),
(1, 3, 1, 4, 0.703190),
(1, 3, 1, 5, 0.789633),
(1, 3, 2, 1, 0.859601),
(1, 3, 2, 2, 0.800475),
(1, 3, 2, 3, 0.813284),
(1, 3, 2, 4, 0.673472),
(1, 3, 2, 5, 0.675802),
(1, 3, 3, 1, 0.708796),
(1, 3, 3, 2, 0.722025),
(1, 3, 3, 3, 0.841548),
(1, 3, 3, 4, 0.792888),
(1, 3, 3, 5, 0.729960),
(1, 3, 4, 1, 0.779393),
(1, 3, 4, 2, 0.813409),
(1, 3, 4, 3, 0.798680),
(1, 3, 4, 4, 0.775361),
(1, 3, 4, 5, 0.725829),
(1, 3, 5, 1, 0.680687),
(1, 3, 5, 2, 0.736416),
(1, 3, 5, 3, 0.848405),
(1, 3, 5, 4, 0.850172),
(1, 3, 5, 5, 0.729872),
(1, 4, 1, 1, 0.864389),
(1, 4, 1, 2, 0.801198),
(1, 4, 1, 3, 0.771722),
(1, 4, 1, 4, 0.841685),
(1, 4, 1, 5, 0.801649),
(1, 4, 2, 1, 0.685472),
(1, 4, 2, 2, 0.809909),
(1, 4, 2, 3, 0.741173),
(1, 4, 2, 4, 0.743184),
(1, 4, 2, 5, 0.693270),
(1, 4, 3, 1, 0.774560),
(1, 4, 3, 2, 0.815915),
(1, 4, 3, 3, 0.842004),
(1, 4, 3, 4, 0.790518),
(1, 4, 3, 5, 0.772783),
(1, 4, 4, 1, 0.727130),
(1, 4, 4, 2, 0.771073),
(1, 4, 4, 3, 0.707591),
(1, 4, 4, 4, 0.770967),
(1, 4, 4, 5, 0.667661),
(1, 4, 5, 1, 0.718646),
(1, 4, 5, 2, 0.761899),
(1, 4, 5, 3, 0.672220),
(1, 4, 5, 4, 0.714941),
(1, 4, 5, 5, 0.729054),
(1, 5, 1, 1, 0.831322),
(1, 5, 1, 2, 0.756768),
(1, 5, 1, 3, 0.759747),
(1, 5, 1, 4, 0.777740),
(1, 5, 1, 5, 0.828696),
(1, 5, 2, 1, 0.855791),
(1, 5, 2, 2, 0.702865),
(1, 5, 2, 3, 0.805748),
(1, 5, 2, 4, 0.737011),
(1, 5, 2, 5, 0.702103),
(1, 5, 3, 1, 0.688466),
(1, 5, 3, 2, 0.791887),
(1, 5, 3, 3, 0.831763),
(1, 5, 3, 4, 0.787852),
(1, 5, 3, 5, 0.827293),
(1, 5, 4, 1, 0.701007),
(1, 5, 4, 2, 0.676438),
(1, 5, 4, 3, 0.780694),
(1, 5, 4, 4, 0.738506),
(1, 5, 4, 5, 0.833196),
(1, 5, 5, 1, 0.729944),
(1, 5, 5, 2, 0.695459),
(1, 5, 5, 3, 0.805295),
(1, 5, 5, 4, 0.783580),
(1, 5, 5, 5, 0.737511),
(2, 1, 1, 1, 0.754723),
(2, 1, 1, 2, 0.724569),
(2, 1, 1, 3, 0.818299),
(2, 1, 1, 4, 0.793996),
(2, 1, 1, 5, 0.769522),
(2, 1, 2, 1, 0.859151),
(2, 1, 2, 2, 0.741705),
(2, 1, 2, 3, 0.747416),
(2, 1, 2, 4, 0.716897),
(2, 1, 2, 5, 0.679522),
(2, 1, 3, 1, 0.793305),
(2, 1, 3, 2, 0.750954),
(2, 1, 3, 3, 0.674787),
(2, 1, 3, 4, 0.828432),
(2, 1, 3, 5, 0.859446),
(2, 1, 4, 1, 0.694085),
(2, 1, 4, 2, 0.717256),
(2, 1, 4, 3, 0.738208),
(2, 1, 4, 4, 0.827717),
(2, 1, 4, 5, 0.745043),
(2, 1, 5, 1, 0.856466),
(2, 1, 5, 2, 0.831037),
(2, 1, 5, 3, 0.738245),
(2, 1, 5, 4, 0.863850),
(2, 1, 5, 5, 0.704288),
(2, 2, 1, 1, 0.864454),
(2, 2, 1, 2, 0.714974),
(2, 2, 1, 3, 0.704778),
(2, 2, 1, 4, 0.802659),
(2, 2, 1, 5, 0.704002),
(2, 2, 2, 1, 0.728564),
(2, 2, 2, 2, 0.813396),
(2, 2, 2, 3, 0.847155),
(2, 2, 2, 4, 0.805622),
(2, 2, 2, 5, 0.836083),
(2, 2, 3, 1, 0.674359),
(2, 2, 3, 2, 0.839989),
(2, 2, 3, 3, 0.741377),
(2, 2, 3, 4, 0.705116),
(2, 2, 3, 5, 0.841408),
(2, 2, 4, 1, 0.731406),
(2, 2, 4, 2, 0.804956),
(2, 2, 4, 3, 0.752815),
(2, 2, 4, 4, 0.826911),
(2, 2, 4, 5, 0.799856),
(2, 2, 5, 1, 0.681311),
(2, 2, 5, 2, 0.688035),
(2, 2, 5, 3, 0.701523),
(2, 2, 5, 4, 0.734884),
(2, 2, 5, 5, 0.794230),
(2, 3, 1, 1, 0.833011),
(2, 3, 1, 2, 0.757949),
(2, 3, 1, 3, 0.823554),
(2, 3, 1, 4, 0.734848),
(2, 3, 1, 5, 0.744524),
(2, 3, 2, 1, 0.724600),
(2, 3, 2, 2, 0.776496),
(2, 3, 2, 3, 0.709574),
(2, 3, 2, 4, 0.752522),
(2, 3, 2, 5, 0.770884),
(2, 3, 3, 1, 0.808944),
(2, 3, 3, 2, 0.726600),
(2, 3, 3, 3, 0.749692),
(2, 3, 3, 4, 0.829985),
(2, 3, 3, 5, 0.678031),
(2, 3, 4, 1, 0.855804),
(2, 3, 4, 2, 0.766061),
(2, 3, 4, 3, 0.842281),
(2, 3, 4, 4, 0.745013),
(2, 3, 4, 5, 0.822564),
(2, 3, 5, 1, 0.757938),
(2, 3, 5, 2, 0.735756),
(2, 3, 5, 3, 0.802961),
(2, 3, 5, 4, 0.751812),
(2, 3, 5, 5, 0.743494),
(2, 4, 1, 1, 0.851122),
(2, 4, 1, 2, 0.856151),
(2, 4, 1, 3, 0.672973),
(2, 4, 1, 4, 0.807899),
(2, 4, 1, 5, 0.752331),
(2, 4, 2, 1, 0.785892),
(2, 4, 2, 2, 0.682287),
(2, 4, 2, 3, 0.828073),
(2, 4, 2, 4, 0.700964),
(2, 4, 2, 5, 0.730539),
(2, 4, 3, 1, 0.844879),
(2, 4, 3, 2, 0.809522),
(2, 4, 3, 3, 0.816813),
(2, 4, 3, 4, 0.822761),
(2, 4, 3, 5, 0.853185),
(2, 4, 4, 1, 0.674205),
(2, 4, 4, 2, 0.724186),
(2, 4, 4, 3, 0.734343),
(2, 4, 4, 4, 0.755552),
(2, 4, 4, 5, 0.732981),
(2, 4, 5, 1, 0.683267),
(2, 4, 5, 2, 0.740661),
(2, 4, 5, 3, 0.703545),
(2, 4, 5, 4, 0.734653),
(2, 4, 5, 5, 0.712487),
(2, 5, 1, 1, 0.838529),
(2, 5, 1, 2, 0.768482),
(2, 5, 1, 3, 0.705579),
(2, 5, 1, 4, 0.772864),
(2, 5, 1, 5, 0.729860),
(2, 5, 2, 1, 0.733122),
(2, 5, 2, 2, 0.757672),
(2, 5, 2, 3, 0.728833),
(2, 5, 2, 4, 0.759081),
(2, 5, 2, 5, 0.789840),
(2, 5, 3, 1, 0.669958),
(2, 5, 3, 2, 0.673977),
(2, 5, 3, 3, 0.780886),
(2, 5, 3, 4, 0.862570),
(2, 5, 3, 5, 0.775885),
(2, 5, 4, 1, 0.696691),
(2, 5, 4, 2, 0.720517),
(2, 5, 4, 3, 0.781146),
(2, 5, 4, 4, 0.733081),
(2, 5, 4, 5, 0.863505),
(2, 5, 5, 1, 0.690867),
(2, 5, 5, 2, 0.853365),
(2, 5, 5, 3, 0.713742),
(2, 5, 5, 4, 0.783271),
(2, 5, 5, 5, 0.727667),
(3, 1, 1, 1, 0.764269),
(3, 1, 1, 2, 0.695596),
(3, 1, 1, 3, 0.710978),
(3, 1, 1, 4, 0.825241),
(3, 1, 1, 5, 0.762218),
(3, 1, 2, 1, 0.741466),
(3, 1, 2, 2, 0.684199),
(3, 1, 2, 3, 0.691591),
(3, 1, 2, 4, 0.705636),
(3, 1, 2, 5, 0.804686),
(3, 1, 3, 1, 0.802410),
(3, 1, 3, 2, 0.803900),
(3, 1, 3, 3, 0.713346),
(3, 1, 3, 4, 0.865557),
(3, 1, 3, 5, 0.752796),
(3, 1, 4, 1, 0.750715),
(3, 1, 4, 2, 0.857263),
(3, 1, 4, 3, 0.729903),
(3, 1, 4, 4, 0.680959),
(3, 1, 4, 5, 0.794470),
(3, 1, 5, 1, 0.755742),
(3, 1, 5, 2, 0.775626),
(3, 1, 5, 3, 0.749721),
(3, 1, 5, 4, 0.739233),
(3, 1, 5, 5, 0.718096),
(3, 2, 1, 1, 0.676762),
(3, 2, 1, 2, 0.717113),
(3, 2, 1, 3, 0.672986),
(3, 2, 1, 4, 0.672196),
(3, 2, 1, 5, 0.859213),
(3, 2, 2, 1, 0.700883),
(3, 2, 2, 2, 0.823542),
(3, 2, 2, 3, 0.699450),
(3, 2, 2, 4, 0.741345),
(3, 2, 2, 5, 0.758677),
(3, 2, 3, 1, 0.842936),
(3, 2, 3, 2, 0.755491),
(3, 2, 3, 3, 0.710569),
(3, 2, 3, 4, 0.684955),
(3, 2, 3, 5, 0.804038),
(3, 2, 4, 1, 0.787100),
(3, 2, 4, 2, 0.846012),
(3, 2, 4, 3, 0.823238),
(3, 2, 4, 4, 0.702342),
(3, 2, 4, 5, 0.740818),
(3, 2, 5, 1, 0.727696),
(3, 2, 5, 2, 0.787107),
(3, 2, 5, 3, 0.728702),
(3, 2, 5, 4, 0.833509),
(3, 2, 5, 5, 0.820446),
(3, 3, 1, 1, 0.845818),
(3, 3, 1, 2, 0.785344),
(3, 3, 1, 3, 0.818726),
(3, 3, 1, 4, 0.756653),
(3, 3, 1, 5, 0.789971),
(3, 3, 2, 1, 0.852446),
(3, 3, 2, 2, 0.833197),
(3, 3, 2, 3, 0.707605),
(3, 3, 2, 4, 0.788919),
(3, 3, 2, 5, 0.800595),
(3, 3, 3, 1, 0.749355),
(3, 3, 3, 2, 0.719286),
(3, 3, 3, 3, 0.682215),
(3, 3, 3, 4, 0.846901),
(3, 3, 3, 5, 0.811025),
(3, 3, 4, 1, 0.687421),
(3, 3, 4, 2, 0.687207),
(3, 3, 4, 3, 0.800052),
(3, 3, 4, 4, 0.763968),
(3, 3, 4, 5, 0.849397),
(3, 3, 5, 1, 0.788178),
(3, 3, 5, 2, 0.682911),
(3, 3, 5, 3, 0.732698),
(3, 3, 5, 4, 0.852177),
(3, 3, 5, 5, 0.736280),
(3, 4, 1, 1, 0.669735),
(3, 4, 1, 2, 0.750871),
(3, 4, 1, 3, 0.753304),
(3, 4, 1, 4, 0.677155),
(3, 4, 1, 5, 0.808768),
(3, 4, 2, 1, 0.708020),
(3, 4, 2, 2, 0.851888),
(3, 4, 2, 3, 0.784726),
(3, 4, 2, 4, 0.802455),
(3, 4, 2, 5, 0.706176),
(3, 4, 3, 1, 0.763617),
(3, 4, 3, 2, 0.851485),
(3, 4, 3, 3, 0.744006),
(3, 4, 3, 4, 0.864009),
(3, 4, 3, 5, 0.832371),
(3, 4, 4, 1, 0.739602),
(3, 4, 4, 2, 0.810474),
(3, 4, 4, 3, 0.695995),
(3, 4, 4, 4, 0.738266),
(3, 4, 4, 5, 0.783469),
(3, 4, 5, 1, 0.669224),
(3, 4, 5, 2, 0.672264),
(3, 4, 5, 3, 0.848724),
(3, 4, 5, 4, 0.845898),
(3, 4, 5, 5, 0.826801),
(3, 5, 1, 1, 0.811060),
(3, 5, 1, 2, 0.742180),
(3, 5, 1, 3, 0.827119),
(3, 5, 1, 4, 0.818379),
(3, 5, 1, 5, 0.826436),
(3, 5, 2, 1, 0.740752),
(3, 5, 2, 2, 0.826099),
(3, 5, 2, 3, 0.720189),
(3, 5, 2, 4, 0.702294),
(3, 5, 2, 5, 0.774346),
(3, 5, 3, 1, 0.690826),
(3, 5, 3, 2, 0.743400),
(3, 5, 3, 3, 0.707546),
(3, 5, 3, 4, 0.863462),
(3, 5, 3, 5, 0.669911),
(3, 5, 4, 1, 0.721598),
(3, 5, 4, 2, 0.734171),
(3, 5, 4, 3, 0.798145),
(3, 5, 4, 4, 0.752295),
(3, 5, 4, 5, 0.829783),
(3, 5, 5, 1, 0.740757),
(3, 5, 5, 2, 0.828540),
(3, 5, 5, 3, 0.863513),
(3, 5, 5, 4, 0.701396),
(3, 5, 5, 5, 0.805012),
(4, 1, 1, 1, 0.704268),
(4, 1, 1, 2, 0.853684),
(4, 1, 1, 3, 0.744605),
(4, 1, 1, 4, 0.865727),
(4, 1, 1, 5, 0.684458),
(4, 1, 2, 1, 0.753527),
(4, 1, 2, 2, 0.843341),
(4, 1, 2, 3, 0.793172),
(4, 1, 2, 4, 0.680905),
(4, 1, 2, 5, 0.732198),
(4, 1, 3, 1, 0.779915),
(4, 1, 3, 2, 0.678436),
(4, 1, 3, 3, 0.787725),
(4, 1, 3, 4, 0.737436),
(4, 1, 3, 5, 0.840057),
(4, 1, 4, 1, 0.772966),
(4, 1, 4, 2, 0.862725),
(4, 1, 4, 3, 0.854598),
(4, 1, 4, 4, 0.854516),
(4, 1, 4, 5, 0.689913),
(4, 1, 5, 1, 0.672281),
(4, 1, 5, 2, 0.800553),
(4, 1, 5, 3, 0.785696),
(4, 1, 5, 4, 0.839824),
(4, 1, 5, 5, 0.804488),
(4, 2, 1, 1, 0.857714),
(4, 2, 1, 2, 0.704339),
(4, 2, 1, 3, 0.678822),
(4, 2, 1, 4, 0.810658),
(4, 2, 1, 5, 0.744793),
(4, 2, 2, 1, 0.723314),
(4, 2, 2, 2, 0.788883),
(4, 2, 2, 3, 0.704221),
(4, 2, 2, 4, 0.736178),
(4, 2, 2, 5, 0.823782),
(4, 2, 3, 1, 0.692513),
(4, 2, 3, 2, 0.777605),
(4, 2, 3, 3, 0.795337),
(4, 2, 3, 4, 0.748517),
(4, 2, 3, 5, 0.794254),
(4, 2, 4, 1, 0.750756),
(4, 2, 4, 2, 0.682617),
(4, 2, 4, 3, 0.842377),
(4, 2, 4, 4, 0.677999),
(4, 2, 4, 5, 0.821676),
(4, 2, 5, 1, 0.745282),
(4, 2, 5, 2, 0.786737),
(4, 2, 5, 3, 0.814915),
(4, 2, 5, 4, 0.829217),
(4, 2, 5, 5, 0.820070),
(4, 3, 1, 1, 0.819163),
(4, 3, 1, 2, 0.817348),
(4, 3, 1, 3, 0.812284),
(4, 3, 1, 4, 0.703177),
(4, 3, 1, 5, 0.862734),
(4, 3, 2, 1, 0.704498),
(4, 3, 2, 2, 0.864781),
(4, 3, 2, 3, 0.698681),
(4, 3, 2, 4, 0.857577),
(4, 3, 2, 5, 0.667455),
(4, 3, 3, 1, 0.816488),
(4, 3, 3, 2, 0.762373),
(4, 3, 3, 3, 0.714645),
(4, 3, 3, 4, 0.714512),
(4, 3, 3, 5, 0.675861),
(4, 3, 4, 1, 0.735600),
(4, 3, 4, 2, 0.712814),
(4, 3, 4, 3, 0.768201),
(4, 3, 4, 4, 0.699084),
(4, 3, 4, 5, 0.742059),
(4, 3, 5, 1, 0.851443),
(4, 3, 5, 2, 0.835040),
(4, 3, 5, 3, 0.859265),
(4, 3, 5, 4, 0.778958),
(4, 3, 5, 5, 0.770226),
(4, 4, 1, 1, 0.752032),
(4, 4, 1, 2, 0.700335),
(4, 4, 1, 3, 0.743839),
(4, 4, 1, 4, 0.694291),
(4, 4, 1, 5, 0.853777),
(4, 4, 2, 1, 0.749402),
(4, 4, 2, 2, 0.807502),
(4, 4, 2, 3, 0.813005),
(4, 4, 2, 4, 0.745841),
(4, 4, 2, 5, 0.859769),
(4, 4, 3, 1, 0.740439),
(4, 4, 3, 2, 0.779265),
(4, 4, 3, 3, 0.717186),
(4, 4, 3, 4, 0.850137),
(4, 4, 3, 5, 0.820236),
(4, 4, 4, 1, 0.706366),
(4, 4, 4, 2, 0.775217),
(4, 4, 4, 3, 0.753290),
(4, 4, 4, 4, 0.861540),
(4, 4, 4, 5, 0.833898),
(4, 4, 5, 1, 0.696868),
(4, 4, 5, 2, 0.812631),
(4, 4, 5, 3, 0.734552),
(4, 4, 5, 4, 0.703840),
(4, 4, 5, 5, 0.781005),
(4, 5, 1, 1, 0.748732),
(4, 5, 1, 2, 0.709156),
(4, 5, 1, 3, 0.838871),
(4, 5, 1, 4, 0.809598),
(4, 5, 1, 5, 0.726598),
(4, 5, 2, 1, 0.831200),
(4, 5, 2, 2, 0.836584),
(4, 5, 2, 3, 0.842283),
(4, 5, 2, 4, 0.705998),
(4, 5, 2, 5, 0.731449),
(4, 5, 3, 1, 0.683616),
(4, 5, 3, 2, 0.758639),
(4, 5, 3, 3, 0.686730),
(4, 5, 3, 4, 0.710088),
(4, 5, 3, 5, 0.714674),
(4, 5, 4, 1, 0.788506),
(4, 5, 4, 2, 0.785351),
(4, 5, 4, 3, 0.849405),
(4, 5, 4, 4, 0.709949),
(4, 5, 4, 5, 0.755468),
(4, 5, 5, 1, 0.857214),
(4, 5, 5, 2, 0.764165),
(4, 5, 5, 3, 0.770805),
(4, 5, 5, 4, 0.817657),
(4, 5, 5, 5, 0.744855),
(5, 1, 1, 1, 0.757066),
(5, 1, 1, 2, 0.736231),
(5, 1, 1, 3, 0.689103),
(5, 1, 1, 4, 0.761862),
(5, 1, 1, 5, 0.700050),
(5, 1, 2, 1, 0.862440),
(5, 1, 2, 2, 0.748518),
(5, 1, 2, 3, 0.680739),
(5, 1, 2, 4, 0.836713),
(5, 1, 2, 5, 0.688144),
(5, 1, 3, 1, 0.724953),
(5, 1, 3, 2, 0.843741),
(5, 1, 3, 3, 0.781366),
(5, 1, 3, 4, 0.821384),
(5, 1, 3, 5, 0.678242),
(5, 1, 4, 1, 0.701409),
(5, 1, 4, 2, 0.798743),
(5, 1, 4, 3, 0.733376),
(5, 1, 4, 4, 0.696851),
(5, 1, 4, 5, 0.866829),
(5, 1, 5, 1, 0.854599),
(5, 1, 5, 2, 0.866797),
(5, 1, 5, 3, 0.818456),
(5, 1, 5, 4, 0.728486),
(5, 1, 5, 5, 0.839241),
(5, 2, 1, 1, 0.698760),
(5, 2, 1, 2, 0.754440),
(5, 2, 1, 3, 0.843368),
(5, 2, 1, 4, 0.769353),
(5, 2, 1, 5, 0.828500),
(5, 2, 2, 1, 0.680153),
(5, 2, 2, 2, 0.852159),
(5, 2, 2, 3, 0.852345),
(5, 2, 2, 4, 0.679614),
(5, 2, 2, 5, 0.705844),
(5, 2, 3, 1, 0.760683),
(5, 2, 3, 2, 0.779572),
(5, 2, 3, 3, 0.780169),
(5, 2, 3, 4, 0.667777),
(5, 2, 3, 5, 0.686284),
(5, 2, 4, 1, 0.766031),
(5, 2, 4, 2, 0.675334),
(5, 2, 4, 3, 0.864482),
(5, 2, 4, 4, 0.848538),
(5, 2, 4, 5, 0.671743),
(5, 2, 5, 1, 0.802357),
(5, 2, 5, 2, 0.773126),
(5, 2, 5, 3, 0.718664),
(5, 2, 5, 4, 0.744648),
(5, 2, 5, 5, 0.845152),
(5, 3, 1, 1, 0.824863),
(5, 3, 1, 2, 0.844123),
(5, 3, 1, 3, 0.690079),
(5, 3, 1, 4, 0.739099),
(5, 3, 1, 5, 0.760362),
(5, 3, 2, 1, 0.756039),
(5, 3, 2, 2, 0.851719),
(5, 3, 2, 3, 0.849211),
(5, 3, 2, 4, 0.705476),
(5, 3, 2, 5, 0.701390),
(5, 3, 3, 1, 0.737137),
(5, 3, 3, 2, 0.727789),
(5, 3, 3, 3, 0.676046),
(5, 3, 3, 4, 0.730675),
(5, 3, 3, 5, 0.863452),
(5, 3, 4, 1, 0.748583),
(5, 3, 4, 2, 0.858907),
(5, 3, 4, 3, 0.701154),
(5, 3, 4, 4, 0.851322),
(5, 3, 4, 5, 0.685917),
(5, 3, 5, 1, 0.812204),
(5, 3, 5, 2, 0.837337),
(5, 3, 5, 3, 0.669948),
(5, 3, 5, 4, 0.785829),
(5, 3, 5, 5, 0.725499),
(5, 4, 1, 1, 0.803374),
(5, 4, 1, 2, 0.783664),
(5, 4, 1, 3, 0.785375),
(5, 4, 1, 4, 0.748689),
(5, 4, 1, 5, 0.856103),
(5, 4, 2, 1, 0.742824),
(5, 4, 2, 2, 0.841873),
(5, 4, 2, 3, 0.788172),
(5, 4, 2, 4, 0.800763),
(5, 4, 2, 5, 0.796630),
(5, 4, 3, 1, 0.852745),
(5, 4, 3, 2, 0.720276),
(5, 4, 3, 3, 0.795593),
(5, 4, 3, 4, 0.709131),
(5, 4, 3, 5, 0.772500),
(5, 4, 4, 1, 0.777474),
(5, 4, 4, 2, 0.818865),
(5, 4, 4, 3, 0.792221),
(5, 4, 4, 4, 0.792815),
(5, 4, 4, 5, 0.692758),
(5, 4, 5, 1, 0.793368),
(5, 4, 5, 2, 0.866603),
(5, 4, 5, 3, 0.744460),
(5, 4, 5, 4, 0.750817),
(5, 4, 5, 5, 0.793813),
(5, 5, 1, 1, 0.842862),
(5, 5, 1, 2, 0.780297),
(5, 5, 1, 3, 0.727415),
(5, 5, 1, 4, 0.777573),
(5, 5, 1, 5, 0.792720),
(5, 5, 2, 1, 0.708079),
(5, 5, 2, 2, 0.691482),
(5, 5, 2, 3, 0.684429),
(5, 5, 2, 4, 0.755670),
(5, 5, 2, 5, 0.842170),
(5, 5, 3, 1, 0.834381),
(5, 5, 3, 2, 0.840453),
(5, 5, 3, 3, 0.709399),
(5, 5, 3, 4, 0.707178),
(5, 5, 3, 5, 0.683629),
(5, 5, 4, 1, 0.703193),
(5, 5, 4, 2, 0.841158),
(5, 5, 4, 3, 0.863159),
(5, 5, 4, 4, 0.734649),
(5, 5, 4, 5, 0.823614),
(5, 5, 5, 1, 0.673299),
(5, 5, 5, 2, 0.678570),
(5, 5, 5, 3, 0.745747),
(5, 5, 5, 4, 0.700193),
(5, 5, 5, 5, 0.712757)
;
INSERT INTO Has (v0, v1, p) VALUES
(1, 1, 0.000045),
(1, 2, 0.000045),
(1, 3, 0.000045),
(1, 4, 0.000045),
(1, 5, 0.000045),
(2, 1, 0.000045),
(2, 2, 0.000045),
(2, 3, 0.000045),
(2, 4, 0.000045),
(2, 5, 0.000045),
(3, 1, 0.000045),
(3, 2, 0.000045),
(3, 3, 0.000045),
(3, 4, 0.000045),
(3, 5, 0.000045),
(4, 1, 0.000045),
(4, 2, 0.000045),
(4, 3, 0.000045),
(4, 4, 0.000045),
(4, 5, 0.000045),
(5, 1, 0.000045),
(5, 2, 0.000045),
(5, 3, 0.000045),
(5, 4, 0.000045),
(5, 5, 0.000045)
;
INSERT INTO Class (v0, v1, p) VALUES
(1, 1, 0.000045),
(1, 2, 0.000045),
(1, 3, 0.000045),
(1, 4, 0.000045),
(1, 5, 0.000045),
(2, 1, 0.000045),
(2, 2, 0.000045),
(2, 3, 0.000045),
(2, 4, 0.000045),
(2, 5, 0.000045),
(3, 1, 0.000045),
(3, 2, 0.000045),
(3, 3, 0.000045),
(3, 4, 0.000045),
(3, 5, 0.000045),
(4, 1, 0.000045),
(4, 2, 0.000045),
(4, 3, 0.000045),
(4, 4, 0.000045),
(4, 5, 0.000045),
(5, 1, 0.000045),
(5, 2, 0.000045),
(5, 3, 0.000045),
(5, 4, 0.000045),
(5, 5, 0.000045)
;
INSERT INTO Link (v0, v1, p) VALUES
(1, 1, 0.000045),
(1, 2, 0.000045),
(1, 3, 0.000045),
(1, 4, 0.000045),
(1, 5, 0.000045),
(2, 1, 0.000045),
(2, 2, 0.000045),
(2, 3, 0.000045),
(2, 4, 0.000045),
(2, 5, 0.000045),
(3, 1, 0.000045),
(3, 2, 0.000045),
(3, 3, 0.000045),
(3, 4, 0.000045),
(3, 5, 0.000045),
(4, 1, 0.000045),
(4, 2, 0.000045),
(4, 3, 0.000045),
(4, 4, 0.000045),
(4, 5, 0.000045),
(5, 1, 0.000045),
(5, 2, 0.000045),
(5, 3, 0.000045),
(5, 4, 0.000045),
(5, 5, 0.000045)
;
